subname,bloc_number,response_number,elapsed_time,inter_response,task_name,novelty_z,elaboration_z,appropriateness_z,reality_violation_z,wit_humor_z,session,bloc_ws,session_f,bloc_ws_f,subname_f,task_f
FNG2005,6,7,3.780706000000009,NA,APPRENDRE,1.1014809051858965,-1.1860750724726468,-0.1956696778139176,3.4238775819337275,1.1568226418438163,2,1,2,1,FNG2005,APPRENDRE
FNG2036,14,5,11.74186699999973,4.3202,APPRENDRE,1.0762878458871674,-1.1267342562038407,-0.07838164074755749,-0.6792662100441071,1.1629007412051724,3,4,3,4,FNG2036,APPRENDRE
FNG2024,8,7,53.51223199999959,29.1037,APPRENDRE,-1.0997983493559584,-0.8207577255249899,0.08861403395855971,-0.6826877709737414,1.3189603224419544,2,3,2,3,FNG2024,APPRENDRE
FNG2027,12,3,26.01147299999866,10.8488,APPRENDRE,-0.900821397200988,-1.3550206778927336,-0.08847935657866017,-0.6181081307601918,0.9753450923501876,3,2,3,2,FNG2027,APPRENDRE
FNG2012,6,13,98.1173490000001,10.5365,APPRENDRE,0.0990771283546922,-0.5223004730397544,-0.2589397173308037,0.710052671088365,1.1841623530561158,2,1,2,1,FNG2012,APPRENDRE
FNG2007,4,3,77.61121300000013,3.3198,APPRENDRE,-1.9379943590196744,-0.5445071967748297,0.10637801696887474,-0.615235377531446,-1.7829642631245517,1,4,1,4,FNG2007,APPRENDRE
FNG2027,12,16,78.40165999999954,22.7909,APPRENDRE,0.6417672660938475,-0.3826992160944467,-1.3983509417679003,1.6174914604957686,1.1743667642132356,3,2,3,2,FNG2027,APPRENDRE
FNG2009,4,4,121.61079499999984,8.416,APPRENDRE,1.294081133738476,-0.2420411175888016,-2.740747007560692,2.7841341024665707,-0.3857323028841792,1,4,1,4,FNG2009,APPRENDRE
FNG2003,9,2,107.47981399999937,19.2237,APPRENDRE,-0.35536368331553,1.4235356531812222,-0.2048674051045583,0.5184880894136134,1.2165560134063,2,4,2,4,FNG2003,APPRENDRE
FNG2011,4,17,141.86710999999968,10.112,APPRENDRE,-1.552619925217695,0.5349856599697135,0.13890902374953118,-0.6546106553589289,-0.5701168292586478,1,4,1,4,FNG2011,APPRENDRE
FNG2001,8,1,139.0552429999998,NA,APPRENDRE,-2.0942576542474276,0.2659098453592745,0.18101571218855125,-0.5939879585783507,-0.5064147418291277,2,3,2,3,FNG2001,APPRENDRE
FNG2034,14,1,40.86721900000066,NA,APPRENDRE,-0.35602865396340466,-0.12063694217309416,-0.21998278569801305,-0.3960749476940431,1.2398736365274792,3,4,3,4,FNG2034,APPRENDRE
FNG2025,1,3,131.05795000000006,21.8467,APPRENDRE,-0.3497306664228381,-0.06684886342294123,-0.2546776463325609,-0.11024012284075856,-0.23917655330128976,1,1,1,1,FNG2025,APPRENDRE
FNG2024,8,6,24.41608999999972,13.0554,APPRENDRE,-0.3384476861758631,0.7976274581776094,-0.20680760256794395,-0.09325649894754548,-0.4302435582455675,2,3,2,3,FNG2024,APPRENDRE
FNG2036,14,7,61.2075219999997,23.4085,APPRENDRE,-0.3490869394530763,0.06699065500899033,-0.12196679576816911,-0.2205302391126788,-0.24012679845783105,3,4,3,4,FNG2036,APPRENDRE
FNG2036,14,6,19.9362000000001,8.2001,APPRENDRE,-0.3596940727931074,-1.1669723643626544,-0.23902465369568185,-0.1668326162633353,-0.2352245585115814,3,4,3,4,FNG2036,APPRENDRE
FNG2005,6,11,118.983739,9.0399,APPRENDRE,1.427565914835186,0.8024882836827838,-0.3324527519394787,1.8947866896987375,1.8517208999643828,2,1,2,1,FNG2005,APPRENDRE
FNG2027,12,19,146.91621199999918,34.7604,APPRENDRE,-0.3584262622589095,1.7647255688771466,1.2403861834945242,-0.5220234435476404,-0.24562641114466183,3,2,3,2,FNG2027,APPRENDRE
FNG2031,7,3,57.31751199999962,27.8233,APPRENDRE,0.9046715652176892,1.6157116118912846,-0.25639894919805173,-0.469367518007407,-0.28963221933946537,2,2,2,2,FNG2031,APPRENDRE
FNG2004,3,7,9.443436999999903,NA,APPRENDRE,-0.36729629007410586,-0.23233604195149304,-0.24369834669743665,-0.05141186374567222,-0.2161644111371158,1,3,1,3,FNG2004,APPRENDRE
FNG2011,4,1,10.092979999999898,NA,APPRENDRE,-1.528013223941879,-0.6216832828968447,3.695328063950064,-1.5499222529657128,-2.6909705346433688,1,4,1,4,FNG2011,APPRENDRE
FNG2029,3,18,83.46311600000001,12.1836,APPRENDRE,1.764335503200508,0.47068828576264166,-1.5938894145984055,1.3374559548267877,-0.27113434788778207,1,3,1,3,FNG2029,APPRENDRE
FNG2009,4,1,65.70359800000006,42.9918,APPRENDRE,2.23992861719619,4.116384929689662,-2.9136530531123346,2.6390275804114047,-0.13505186093441648,1,4,1,4,FNG2009,APPRENDRE
FNG2032,3,2,92.88138100000016,39.1194,APPRENDRE,-0.8407810698857106,1.7681685485545389,2.3790910619157057,-2.900851975487729,-1.5417809532826898,1,3,1,3,FNG2032,APPRENDRE
FNG2028,13,7,66.36977200000001,16.3833,APPRENDRE,0.6171318983978127,0.4499741737454581,-0.2014437642503712,-0.09271327827675034,-0.293651961432202,3,3,3,3,FNG2028,APPRENDRE
FNG2005,6,4,70.43422499999997,15.12,APPRENDRE,-0.06962438294667624,-0.7948292454533668,-0.1143648087935492,-0.3721592701011805,-0.31026898208797943,2,1,2,1,FNG2005,APPRENDRE
FNG2034,14,4,66.11075900000014,17.8315,APPRENDRE,-0.0656174578652673,0.10033520004743236,-0.09622019889516148,-0.334460140718825,-0.42654709663646806,3,4,3,4,FNG2034,APPRENDRE
FNG2012,6,8,49.30565999999999,3.9918,APPRENDRE,-1.4583884966476113,-1.3462981764447488,1.0380641963563673,-0.5954184173091641,-2.4420520504310668,2,1,2,1,FNG2012,APPRENDRE
FNG2011,4,11,58.9912989999998,9.0314,APPRENDRE,-0.07436941210107088,-0.4420708350282111,-0.06014034697321314,-0.3885245226722842,-0.27529951062834884,1,4,1,4,FNG2011,APPRENDRE
FNG2011,4,9,20.602351999999883,10.5277,APPRENDRE,-0.06735159208091715,-0.6234473902434444,-0.06917620595695238,-0.39437680511021145,-0.3157905480392782,1,4,1,4,FNG2011,APPRENDRE
FNG2034,14,2,48.293650999999954,7.4237,APPRENDRE,-0.06473219426646123,-0.6074175343681726,-0.07945503002434473,-0.3696513926233169,-0.3486599962596538,3,4,3,4,FNG2034,APPRENDRE
FNG2006,4,11,20.06943100000012,9.3753,APPRENDRE,-0.07731555359146411,-0.6004124776836604,0.04425435319237167,-0.6206039828122085,-0.4145552420762398,1,4,1,4,FNG2006,APPRENDRE
FNG2007,4,9,35.89169100000004,10.0641,APPRENDRE,-0.06426294024077582,1.568815214025691,-0.11165699908078151,-0.44326305603118826,-0.5257781331385809,1,4,1,4,FNG2007,APPRENDRE
FNG2012,6,15,112.20749500000012,4.3204,APPRENDRE,1.0323497306444736,-0.20258600418538508,-1.7142317533984253,1.5431333380898309,-0.40142841961427495,2,1,2,1,FNG2012,APPRENDRE
FNG2029,3,16,41.54910800000005,7.9514,APPRENDRE,-1.9023909272298336,-0.20463639332775577,3.1098121562529024,-0.7056430205742873,-0.713449725596285,1,3,1,3,FNG2029,APPRENDRE
FNG2017,13,9,136.61863400000038,12.8323,APPRENDRE,-1.3385934981944472,0.284303453424295,1.9387192211581603,-0.5238791549836973,-0.5629686295757395,3,3,3,3,FNG2017,APPRENDRE
FNG2029,3,25,167.5620990000001,8.5438,APPRENDRE,0.2817374860521769,0.463047247404701,-0.33591343644319016,-0.09840999549853031,-0.409354487389962,1,3,1,3,FNG2029,APPRENDRE
FNG2029,3,24,159.00144899999998,8.9834,APPRENDRE,0.2701829731815967,-0.7585211290200307,-0.20951167932767917,-0.3069764240749523,-0.570840256752526,1,3,1,3,FNG2029,APPRENDRE
FNG2026,6,2,7.677940000000035,NA,APPRENDRE,-0.3666146944825495,-0.8495395700143136,-0.2001204267998412,-0.2307354791641366,-0.48016991399202574,2,1,2,1,FNG2026,APPRENDRE
FNG2017,13,1,4.711786000000757,NA,APPRENDRE,0.2886413595905308,-0.08568519093981972,-0.33951287326600577,1.1441318352556682,-0.33597097815782967,3,3,3,3,FNG2017,APPRENDRE
FNG2005,6,10,109.99002599999994,14.8157,APPRENDRE,0.29486351476740114,0.30368882886149523,-0.4391414614630476,2.4475683719404024,-0.22517227747530896,2,1,2,1,FNG2005,APPRENDRE
FNG2034,14,3,80.84648000000107,14.7205,APPRENDRE,0.27337821766986864,0.44741369561378297,-0.23016769889535385,-0.41746271186900624,-0.43398914200227007,3,4,3,4,FNG2034,APPRENDRE
FNG2036,14,3,154.6497070000005,5.4308,APPRENDRE,0.28231471807556024,-0.9750813778272563,-0.27345576032686936,-0.480209391650041,-0.717989930918042,3,4,3,4,FNG2036,APPRENDRE
FNG2011,4,3,153.3521209999999,11.4477,APPRENDRE,-0.9951040758946532,-0.00496475729527517,0.921716402921446,-0.5035650610217013,-0.6988170108045303,1,4,1,4,FNG2011,APPRENDRE
FNG2037,13,2,28.03605599999992,NA,APPRENDRE,0.262352152819117,-0.8172739483194442,-0.24224328692122385,-0.38766834117459614,-0.7042291668478953,3,3,3,3,FNG2037,APPRENDRE
FNG2009,4,5,173.8572549999999,38.6162,APPRENDRE,0.9384733153882732,1.233001368472926,-0.2908164821207654,-0.35039601298101386,1.061373192219858,1,4,1,4,FNG2009,APPRENDRE
FNG2006,4,17,94.04860700000016,16.3199,APPRENDRE,1.3811947667362896,-0.7446351522256838,-0.38295205200254107,-0.2875432782128667,-0.7877796725769597,1,4,1,4,FNG2006,APPRENDRE
FNG2024,8,1,11.375296999999591,NA,APPRENDRE,2.053153200355536,-0.21825763700513703,-0.4888110055601063,1.07194216827622,2.3963646809952173,2,3,2,3,FNG2024,APPRENDRE
FNG2021,11,1,154.0889470000002,36.39,APPRENDRE,1.3811948065162964,-0.2970482816194854,-0.4112783440038026,2.4064717161383755,0.8211215285637011,3,1,3,1,FNG2021,APPRENDRE
FNG2007,4,11,70.03316200000017,20.8877,APPRENDRE,1.3811948017403657,-1.1223507832019854,-0.35030114944477975,-0.2370815620356062,-0.8018240591008527,1,4,1,4,FNG2007,APPRENDRE
FNG2022,11,2,16.92060600000059,NA,APPRENDRE,-1.1882327858351414,-1.5489320600671512,2.3517726888097177,-0.5222102226004363,-0.9830139873514878,3,1,3,1,FNG2022,APPRENDRE
FNG2029,3,10,4.979003000000034,NA,APPRENDRE,-1.841241921723231,-1.391612675277659,2.3526359973292994,-0.6517390405180544,-0.9776374915660148,1,3,1,3,FNG2029,APPRENDRE
FNG2024,8,10,146.0968469999998,10.256,APPRENDRE,-1.1792263416438291,-1.071669411868482,-0.00136492882709067,-0.2918172711885906,1.1282960949166991,2,3,2,3,FNG2024,APPRENDRE
FNG2019,7,5,92.79644599999985,41.5199,APPRENDRE,-0.7805957206121181,0.6027484729401669,0.03501855116565487,-0.3850111877129075,1.0242156068502095,2,2,2,2,FNG2019,APPRENDRE
FNG2007,4,2,74.28020100000003,4.2405,APPRENDRE,-1.6529549044777057,-1.0635181332379642,0.0397749664891754,-0.47121869236650826,-1.1041801283190256,1,4,1,4,FNG2007,APPRENDRE
FNG2010,3,2,20.243967,9.664,APPRENDRE,-2.195365108177206,-1.1912416332289792,1.8339215158619449,-0.6282626675750111,-2.45870227359238,1,3,1,3,FNG2010,APPRENDRE
FNG2003,9,3,163.17373399999997,26.3599,APPRENDRE,-0.00284507314305471,-1.1897699502464607,-0.1047148092079636,-0.14609225530146058,1.1125732759836595,2,4,2,4,FNG2003,APPRENDRE
FNG2006,4,20,126.6074540000002,13.2801,APPRENDRE,0.4776181248700623,-0.37616194982683093,0.04849258612475213,-0.47498418263115266,1.331160623053082,1,4,1,4,FNG2006,APPRENDRE
FNG2013,3,1,134.9850489999999,44.8871,APPRENDRE,-0.96969227793634,-1.1868908498279318,0.07577518534466944,-0.4550002581591567,1.2547020602064678,1,3,1,3,FNG2013,APPRENDRE
FNG2005,7,6,33.89305800000011,3.8155,VENDRE,1.4698327496164203,-0.15799112049064534,0.8652686174987418,3.504911328757085,0.34185267359233423,2,2,2,2,FNG2005,VENDRE
FNG2012,11,4,83.20550800000001,21.6473,VENDRE,0.8861305247190916,-0.155959892277067,0.8560676417632174,2.3558141257430094,0.19631881127726733,3,1,3,1,FNG2012,VENDRE
FNG2031,9,1,165.4279829999996,16.1596,VENDRE,0.8861304817118126,-0.13478366740454523,0.9242175906036768,1.2411727444055434,2.267945975515703,2,4,2,4,FNG2031,VENDRE
FNG2034,8,2,62.13849899999968,22.5525,VENDRE,-0.7440348353355907,-0.13481850856333133,1.1098974770695031,-0.6947912341815847,-0.2639510088815174,2,3,2,3,FNG2034,VENDRE
FNG2020,7,6,76.72917199999983,16.7527,VENDRE,0.05979332325608567,0.34339682151786766,0.989524689807462,-0.7109948811166955,-0.11235168331781129,2,2,2,2,FNG2020,VENDRE
FNG2003,1,2,141.82975199999998,68.3521,VENDRE,-0.32416231663397305,-0.10407573501537457,0.9931738777463428,-0.4720707645238325,0.02732032145473335,1,1,1,1,FNG2003,VENDRE
FNG2019,9,2,116.88845300000004,15.9286,VENDRE,-1.486644129467927,-0.0979833464417171,1.0713000733769371,-0.848374319243095,-0.10081204024717104,2,4,2,4,FNG2019,VENDRE
FNG2020,7,7,172.12848600000007,22.7032,VENDRE,1.5317659441099185,0.8815963136824471,-2.563960799396105,3.0998412586311144,2.86933711406259,2,2,2,2,FNG2020,VENDRE
FNG2029,13,5,86.12112900000011,3.0874,VENDRE,-1.129200047502137,0.3825264165194564,1.035965975129776,-0.8182918381951428,0.2735099160208693,3,3,3,3,FNG2029,VENDRE
FNG2011,6,14,72.69821700000011,12.1764,VENDRE,-0.8628530975432785,0.6352451930218914,1.100159412373815,-0.6911215976991838,0.3190203849447671,2,1,2,1,FNG2011,VENDRE
FNG2029,13,6,89.96842799999922,2.5592,VENDRE,-0.585180431029538,0.06532220571839431,0.9551039885986612,-0.5804869104337592,0.2922072096627163,3,3,3,3,FNG2029,VENDRE
FNG2028,6,1,7.261531000000104,NA,VENDRE,-2.0684792989269307,0.27586881388183576,3.4435884643001526,-0.8643808734128253,-0.368632064377338,2,1,2,1,FNG2028,VENDRE
FNG2006,8,8,75.5299530000002,23.665,VENDRE,0.845900277727465,0.7121066183449737,-1.1705319146300464,1.3386787673449283,0.22165270732620249,2,3,2,3,FNG2006,VENDRE
FNG2028,6,2,22.38417500000014,15.1442,VENDRE,0.29055818664093375,0.7124664118120633,-0.35549840854172776,-0.20372014812695297,0.07284500730422491,2,1,2,1,FNG2028,VENDRE
FNG2009,9,7,138.50034000000005,41.0796,VENDRE,-1.3563688504118092,0.05660468997221145,2.2878615900436996,-0.6300824837217193,0.05475166305918125,2,4,2,4,FNG2009,VENDRE
FNG2011,6,12,47.565689999999904,15.1604,VENDRE,-0.33046362568027376,0.6253218161790515,-0.29579603220271705,-0.3926338984941072,0.2200361849724525,2,1,2,1,FNG2011,VENDRE
FNG2013,13,3,110.65144899999996,33.711,VENDRE,-0.9458416910334356,0.12115295534890104,-0.35989307329943976,-0.40374191329834513,-0.11368600289800428,3,3,3,3,FNG2013,VENDRE
FNG2018,13,3,99.09976299999926,79.5351,VENDRE,-1.7918920380244845,-0.04099723189243125,-0.23474211325742195,-0.7448305670803098,-0.5136104638631935,3,3,3,3,FNG2018,VENDRE
FNG2034,8,5,179.9225319999996,117.7958,VENDRE,-0.11123858623880928,0.546763011080811,-0.3192380457583332,-0.3289731457041881,-0.04640315206080127,2,3,2,3,FNG2034,VENDRE
FNG2036,8,6,72.76577600000064,14.8476,VENDRE,0.11137005033419056,-3.105246489868934,-0.37320964687440006,-0.3888526907968557,-0.26456226378823094,2,3,2,3,FNG2036,VENDRE
FNG2030,11,1,11.13760000000002,NA,VENDRE,0.7574472700062307,-3.4396474267102324,-0.4121140535759275,-0.17385038599165023,0.00316953330425722,3,1,3,1,FNG2030,VENDRE
FNG2007,7,3,59.77511800000002,7.8403,VENDRE,0.7574473778412257,0.2462012558506852,-0.3996313952350235,-0.27485659364253734,0.1488573039572798,2,2,2,2,FNG2007,VENDRE
FNG2010,13,9,42.61674099999982,12.2718,VENDRE,-0.8925836127908376,-0.05805105299173241,1.2873433779913483,-0.6671810808391613,-0.6230326500090625,3,3,3,3,FNG2010,VENDRE
FNG2010,13,7,21.416580999999496,9.0391,VENDRE,-1.3423159759478185,-0.03505437648461446,2.448290552730906,-0.6673850938093218,-0.7645840707805343,3,3,3,3,FNG2010,VENDRE
FNG2028,6,8,136.12039300000015,18.5361,VENDRE,0.7574471826127641,-0.03784578816627215,-0.4203303588689658,-0.2799455489351763,-0.03749571836867994,2,1,2,1,FNG2028,VENDRE
FNG2037,7,6,52.56839799999989,19.7273,VENDRE,0.5458290190030113,-0.021636642424631,-0.4342380365141279,-0.3355537969421658,-0.09573469047933364,2,2,2,2,FNG2037,VENDRE
FNG2007,7,2,30.179024000000027,6.6553,VENDRE,2.0840746306678932,2.5519348022388977,-0.4606647855048585,0.04087389225832003,0.17575570054633624,2,2,2,2,FNG2007,VENDRE
FNG2012,11,7,5.344560999999885,NA,VENDRE,-0.5407356250602934,-0.01929913372319914,-0.3904928562613177,-0.4743018435083437,-0.4357285121017668,3,1,3,1,FNG2012,VENDRE
FNG2009,9,1,179.3038150000002,8.8409,VENDRE,1.0512578468747746,-0.0589622985768231,-0.44501335094181543,-0.20697247627682663,-0.3222238540873182,2,4,2,4,FNG2009,VENDRE
FNG2029,13,1,41.28591099999994,13.12,VENDRE,1.6174706901297555,0.09926632302887411,-2.376817412033652,2.4915512200366137,-0.07464671785745979,3,3,3,3,FNG2029,VENDRE
FNG2019,9,1,100.96713900000032,78.5761,VENDRE,-0.7923541017029414,1.7446829186510755,-0.3192850658106848,-0.7067007112955975,-0.804373136242055,2,4,2,4,FNG2019,VENDRE
FNG2005,7,3,107.7582580000003,51.1441,VENDRE,-0.27941665507670266,-0.06331723116537122,-0.41474037387168233,-0.4661318308884905,-0.4358282416005368,2,2,2,2,FNG2005,VENDRE
FNG2015,11,2,148.6821930000001,98.7588,VENDRE,0.6465996840677167,-0.21064200656007176,-0.4436020033203802,-0.05623865056324143,-0.3278892669674814,3,1,3,1,FNG2015,VENDRE
FNG2024,2,3,36.42429100000004,11.9993,VENDRE,-1.172160854896856,0.05349781748380415,-0.31222651073835334,-0.5538822667891354,-0.5617820866596149,1,2,1,2,FNG2024,VENDRE
FNG2011,6,1,84.68990299999996,11.9596,VENDRE,1.622344608584544,0.4460999683616647,-2.2556118836635157,2.103585583326616,-0.21327827160789248,2,1,2,1,FNG2011,VENDRE
FNG2036,8,2,14.423370000000432,NA,VENDRE,0.320682755996781,-0.4483593024329672,-0.4410305846873337,-0.46229469735392326,-0.29183474573832635,2,3,2,3,FNG2036,VENDRE
FNG2029,13,21,164.38286999999946,9.9832,VENDRE,-1.7057771241539643,-0.4483709055357235,-0.24146447620864145,-0.6902301986994382,-0.7989537089662873,3,3,3,3,FNG2029,VENDRE
FNG2013,13,4,7.37051000000065,NA,VENDRE,-1.7302114410049605,-0.6583488581620208,-0.22041061635318449,-0.582257058307666,-0.8690225134527579,3,3,3,3,FNG2013,VENDRE
FNG2032,11,1,14.43986599999971,NA,VENDRE,-1.6816560184632363,-1.5849592671218036,-0.21446389456273132,-0.6790156176968256,-0.8304563367127723,3,1,3,1,FNG2032,VENDRE
FNG2023,1,2,50.01543600000002,9.5349,VENDRE,0.6549864493871252,-0.4477382542572734,-0.4907135412255296,-0.14690696700809708,1.2907273432068285,1,1,1,1,FNG2023,VENDRE
FNG2030,11,2,19.631714999999986,8.5044,VENDRE,0.6674448657940258,0.8082216609668229,-0.47741847836227297,0.00751154810409281,5.19450411947038,3,1,3,1,FNG2030,VENDRE
FNG2010,13,5,88.04913899999974,8.2959,VENDRE,-1.2272962778093952,-0.01591191168256101,-0.2652703423194284,-0.5400378323777051,-0.7813224597448223,3,3,3,3,FNG2010,VENDRE
FNG2007,7,13,51.91391799999974,13.408,VENDRE,0.6612154073708667,1.3611616313783377,-0.49276260391617543,0.06065120389235083,-0.07241357848802632,2,2,2,2,FNG2007,VENDRE
FNG2004,4,2,158.81283600000052,117.7491,VENDRE,-0.46498909775248853,-0.24145773479165417,-0.3833012630835569,-0.4678613811639563,-0.5251503915106344,1,4,1,4,FNG2004,VENDRE
FNG2017,12,7,115.94368399999983,20.9997,VENDRE,1.13203052342669,0.3422732160305035,-2.237770898139916,-0.00321606536057219,-0.7503587127509816,3,2,3,2,FNG2017,VENDRE
FNG2026,3,2,55.777582999999936,6.2961,VENDRE,-0.4591493554063352,-3.079764921039714,-0.33623516465404557,-0.56766528510635506,-0.3983763479654233,1,3,1,3,FNG2026,VENDRE
FNG2014,6,1,50.71514499999989,NA,VENDRE,-1.6288199906030263,1.3472222231700073,0.19842552239623387,-0.7540106172571028,-1.0923506015284628,2,1,2,1,FNG2014,VENDRE
FNG2029,13,18,87.37025300000005,1.2808,VENDRE,0.7026634162753547,-0.3555538680364825,-1.4451919412822145,2.1253588557104943,-0.3189941788779576,3,3,3,3,FNG2029,VENDRE
FNG2003,1,3,20.05281100000002,NA,VENDRE,-2.0675387999843085,-1.1970424719301134,0.24276911523713235,-0.6042357470937915,-1.0738673607282043,1,1,1,1,FNG2003,VENDRE
FNG2021,1,2,102.62787499999996,34.8863,VENDRE,-0.8300839171670993,-1.3529535232625651,0.23784604851855745,-0.4537438029462173,-0.6015267780728105,1,1,1,1,FNG2021,VENDRE
FNG2006,8,3,126.46131200000036,22.5757,VENDRE,1.3047266889441982,1.572796683039039,-2.3309505198265117,1.7640672021629895,2.347064078620063,2,3,2,3,FNG2006,VENDRE
FNG2028,6,4,39.93845099999999,5.8318,VENDRE,-0.3706592144846136,-0.6260241442476399,0.13947946606192657,-0.4363849460879206,-0.4175114772584667,2,1,2,1,FNG2028,VENDRE
FNG2009,9,8,170.44442600000002,31.9437,VENDRE,-0.3898894471068486,-0.11224270758785589,0.16517918215111116,-0.4348900327673269,-0.414047334452218,2,4,2,4,FNG2009,VENDRE
FNG2037,7,1,76.70305299999995,24.1274,VENDRE,-0.35232996519525356,-0.29149225407320456,0.1459792621659208,-0.30375903956977074,-0.07582843149006487,2,2,2,2,FNG2037,VENDRE
FNG2015,11,1,49.91260500000044,17.8412,VENDRE,-0.39763634480910787,-1.6399210055985147,0.13557277653347377,-0.30373232692341423,-0.1496976586711884,3,1,3,1,FNG2015,VENDRE
FNG2036,8,7,94.81711500000029,9.8874,VENDRE,1.1135662488586735,-0.2638502519167086,0.0309677400443922,0.5299267602174623,-0.2605624868965953,2,3,2,3,FNG2036,VENDRE
FNG2004,4,1,41.06326100000024,NA,VENDRE,1.119794816379728,0.02455023519944072,0.00573403112745115,3.141068407389485,0.27854652311970657,1,4,1,4,FNG2004,VENDRE
FNG2012,11,10,33.6796360000003,10.9993,VENDRE,1.107336463796517,-0.08661948503613026,0.05689369584489685,-0.04563814350201812,-0.13224338952472794,3,1,3,1,FNG2012,VENDRE
FNG2024,2,2,24.43275900000004,9.0158,VENDRE,0.0426268311780137,-0.8268232436390138,0.09827941983740732,-0.14842772425643544,-0.45206063343323866,1,2,1,2,FNG2024,VENDRE
FNG2007,7,12,38.50657000000001,8.3444,VENDRE,0.03326484646622395,0.3984549988534713,0.11399612586753456,0.05223439782255578,-0.304551121674475,2,2,2,2,FNG2007,VENDRE
FNG2012,11,5,97.43908199999989,14.2236,VENDRE,0.05218901846450541,-2.540463185498559,0.0615241000687752,0.24675754425430277,-0.33911289759000457,3,1,3,1,FNG2012,VENDRE
FNG2028,6,5,54.31162600000016,14.3837,VENDRE,-1.3219256747072383,-0.7986968054767286,1.8798489375227885,-0.29245068938118857,-0.336607425368135,2,1,2,1,FNG2028,VENDRE
FNG2006,8,4,162.98601099999996,29.943,VENDRE,0.793375983225121,-1.11719590098443,-0.00349452553890679,0.588330857390695,-0.3533748019722836,2,3,2,3,FNG2006,VENDRE
FNG2022,7,2,90.16353200000005,31.8802,VENDRE,-1.996314981999465,-0.6641089141153017,0.07843522418642009,0.2441805039234277,-0.4522907330830266,2,2,2,2,FNG2022,VENDRE
FNG2011,6,15,135.67118299999993,50.9997,VENDRE,-0.885351769103031,-0.42381539082200714,1.0071627834677208,-0.30345730259214876,-0.4377144804358968,2,1,2,1,FNG2011,VENDRE
FNG2007,7,14,81.62653799999998,9.0956,VENDRE,0.3504203181326761,1.804760957845435,0.0155712005249142,-0.05177184170010501,0.01756723719421007,2,2,2,2,FNG2007,VENDRE
FNG2018,13,1,19.58032599999933,NA,VENDRE,-0.4483687695326263,-0.8504529258117476,0.9263103897859392,-0.04089006917776165,-0.30199427783013433,3,3,3,3,FNG2018,VENDRE
FNG2024,2,7,160.52001900000005,55.5991,VENDRE,-1.3608068204348331,-0.7581177828567878,1.0482833136968868,-0.2595234663629693,-0.40273453441102985,1,2,1,2,FNG2024,VENDRE
FNG2005,7,4,9.893093000000135,NA,VENDRE,1.4698326251338971,-0.3898279750201469,0.8803550178836151,-0.06960899795626062,-0.3171359478832096,2,2,2,2,FNG2005,VENDRE
FNG2034,8,1,14.62304899999981,NA,VENDRE,-0.4476491809911165,-0.3831147796332531,0.986872862770835,-0.1751327265021524,-0.3028930332817821,2,3,2,3,FNG2034,VENDRE
FNG2010,13,10,114.02692799999976,26.0077,VENDRE,-0.01941074525814207,-0.3527075257532372,0.9443418799639024,0.04924590611929284,-0.5540565235813553,3,3,3,3,FNG2010,VENDRE
FNG2027,9,5,175.42221500000142,62.7033,VENDRE,0.4316244244547786,2.806209383644337,1.0340042338191011,-0.6174459714946502,-0.35758560132767525,2,4,2,4,FNG2027,VENDRE
FNG2021,7,3,84.02518499999996,16.8478,DEFENDRE,0.05651514055689121,0.06494991830330409,0.12264480981406968,-0.7353580293827573,-0.3373341781784228,2,2,2,2,FNG2021,DEFENDRE
FNG2003,3,7,85.92188099999998,45.4561,DEFENDRE,-1.581623635332552,-0.42470062494212063,3.0688391194327647,-0.7579515802560379,-0.6920880162430048,1,3,1,3,FNG2003,DEFENDRE
FNG2007,6,1,8.02773100000013,NA,DEFENDRE,1.6045683317590478,-0.3277375389827387,-0.7568878966761069,0.7021052213216045,-0.6916432189131178,2,1,2,1,FNG2007,DEFENDRE
FNG2020,9,7,44.91833199999974,15.9357,DEFENDRE,-0.8758615377816985,0.7937739229841921,2.066392781392548,-0.8080553373499749,-0.6405380648727228,2,4,2,4,FNG2020,DEFENDRE
FNG2009,12,6,62.78908799999954,5.6802,DEFENDRE,2.234215782192748,-1.635720435960234,-2.5540902100066627,0.6087419628479995,-0.19850963336383223,3,2,3,2,FNG2009,DEFENDRE
FNG2012,3,3,76.69426699999997,38.4375,DEFENDRE,1.029853071220154,-0.03594273766589599,-0.4507453293606967,0.02289650101002976,-0.0965180864121166,1,3,1,3,FNG2012,DEFENDRE
FNG2013,4,1,64.81397100000004,30.4641,DEFENDRE,-0.2743585627588132,-0.03108303228254301,-0.0021786589414725,-0.4397377987116329,-0.0477536790125385,1,4,1,4,FNG2013,DEFENDRE
FNG2005,4,2,20.535703999999896,10.6724,DEFENDRE,1.4664614737112318,1.552314024316286,-1.3655365559624617,0.36247316560879617,3.522844797884077,1,4,1,4,FNG2005,DEFENDRE
FNG2006,13,11,133.67393899999934,7.4878,DEFENDRE,2.012773777059648,0.6355978287383832,-2.1878530184941374,2.418528066549634,0.2612606187083577,3,3,3,3,FNG2006,DEFENDRE
FNG2015,3,3,10.67588999999998,NA,DEFENDRE,-0.2693313289038091,0.6166169488006092,0.1723754331253411,-0.5444179366200687,0.14798174091407185,1,3,1,3,FNG2015,DEFENDRE
FNG2029,11,25,90.96637199999986,2.3996,DEFENDRE,0.201265162768478,-1.467748420663787,-0.6264264506182151,-0.12009499079167237,-0.23772193299794295,3,1,3,1,FNG2029,DEFENDRE
FNG2001,13,1,19.33665199999996,5.4244,DEFENDRE,0.5852849241336463,-1.358700176944293,-2.209435689012089,3.7335114820643382,-0.7549792657088042,3,3,3,3,FNG2001,DEFENDRE
FNG2024,12,5,89.13332999999966,48.6963,DEFENDRE,1.3695187135910407,1.0477599438012135,-2.1064073500055436,1.1739394315805698,-0.459196400250919,3,2,3,2,FNG2024,DEFENDRE
FNG2011,11,10,111.77128300000004,11.7436,DEFENDRE,0.9477657442792616,-0.7974261098346878,-2.030288679662088,-0.17476539507878017,0.183114177979642,3,1,3,1,FNG2011,DEFENDRE
FNG2003,3,1,11.606572000000142,NA,DEFENDRE,-2.4322047365583335,-1.2790658975283522,2.359563705379325,-0.4474605070155138,-1.0292356495868449,1,3,1,3,FNG2003,DEFENDRE
FNG2018,11,9,71.47485900000083,6.4958,DEFENDRE,-1.9126556750680384,0.5694377987070277,2.3596034308341216,-0.4943039147839534,-1.0226196336652935,3,1,3,1,FNG2018,DEFENDRE
FNG2009,12,2,13.906848999999966,6.9047,DEFENDRE,-0.02214366619137497,-0.7565649179710321,0.4137484188560652,-0.2886906768349201,-0.7166614808011385,3,2,3,2,FNG2009,DEFENDRE
FNG2034,1,2,14.922844999999825,NA,DEFENDRE,-1.3935184993854133,-1.3253959839409744,0.6641856955901734,-0.4004150103721239,-0.8929618286652549,1,1,1,1,FNG2034,DEFENDRE
FNG2021,7,5,161.9046800000001,13.3758,DEFENDRE,0.30988075476094257,-0.02383320371683554,0.1413506309147218,-0.04462459682587028,0.05848421313473691,2,2,2,2,FNG2021,DEFENDRE
FNG2023,14,8,171.86816799999906,17.7762,DEFENDRE,-0.31628779510200705,0.04313036281046353,0.6149555932333327,-0.5229153498398522,3.16079068990188,3,4,3,4,FNG2023,DEFENDRE
FNG2037,11,6,31.97770599999967,8.8076,DEFENDRE,-0.3267329860297484,-0.8955637106110442,0.4168535226274198,-0.5549887528520794,-0.484918390127784,3,1,3,1,FNG2037,DEFENDRE
FNG2037,11,4,12.308074999999915,7.6006,DEFENDRE,-0.3162967754901924,0.3158792983858496,0.4365475158496582,-0.45924668114466655,-0.3678837659933399,3,1,3,1,FNG2037,DEFENDRE
FNG2005,4,5,92.90110700000014,6.9043,DEFENDRE,0.9961994819076556,1.157784673109398,0.02287694284255388,-0.16489980191192916,-0.13842671451337257,1,4,1,4,FNG2005,DEFENDRE
FNG2021,7,6,67.153546,35.3122,DEFENDRE,-1.0513744597211263,0.5303783648157209,0.4686673561595985,-0.4641980866924871,-0.2707784610198866,2,2,2,2,FNG2021,DEFENDRE
FNG2007,6,7,45.5838990000002,10.0798,DEFENDRE,1.0102483795140274,1.91807414750831,-0.17558786660726108,-0.09909043550299654,0.05559042202852468,2,1,2,1,FNG2007,DEFENDRE
FNG2004,11,2,73.0767190000006,34.2391,DEFENDRE,-1.4939238028365946,-0.8368950911123415,0.4327108077534437,-0.2968870567896349,-0.4823197012573659,3,1,3,1,FNG2004,DEFENDRE
FNG2034,1,5,45.16825499999982,11.5432,DEFENDRE,0.9961994575529408,0.5267147539305337,-0.3791106503303279,0.03054504872380114,0.5870114057941124,1,1,1,1,FNG2034,DEFENDRE
FNG2026,11,4,24.649325999999743,12.2876,DEFENDRE,-0.24723395870279383,0.19907257529061853,0.09383771719698318,-0.0380571233603357,-3.709836523943296,3,1,3,1,FNG2026,DEFENDRE
FNG2010,7,6,107.60431399999992,16.9759,DEFENDRE,-0.2215623654894392,1.336634981059477,-0.14644837643254022,-0.04253662672173562,0.367199185740542,2,2,2,2,FNG2010,DEFENDRE
FNG2006,13,12,178.80933399999958,20.9991,DEFENDRE,-0.2217648085679946,0.07990600425442518,-0.21845961082740303,-0.33976301813281656,-0.5629400044235021,3,3,3,3,FNG2006,DEFENDRE
FNG2001,13,6,97.43388200000028,54.9341,DEFENDRE,-0.23216488618348272,-0.48942774467196,-0.05322205731889154,-0.23607098725389833,0.04370624652805555,3,3,3,3,FNG2001,DEFENDRE
FNG2006,13,1,6.012497999999141,NA,DEFENDRE,-0.23538830670012748,-1.382929788506397,0.11720593515862128,-0.17411576367633247,0.17226831932557474,3,3,3,3,FNG2006,DEFENDRE
FNG2025,9,3,123.37724299999992,NA,DEFENDRE,-0.2307636558596699,1.722816656113721,-0.0445542360494311,-0.16800410373995892,0.27577884944575404,2,4,2,4,FNG2025,DEFENDRE
FNG2029,11,2,7.011736999999812,3.48,DEFENDRE,-1.5107317014952857,-0.9770691753994926,2.5719698942216054,-0.48145248396456675,-0.5462165964094904,3,1,3,1,FNG2029,DEFENDRE
FNG2029,11,9,86.30298099999982,9.4161,DEFENDRE,-0.22997757415353512,-1.473466331669661,-0.08210748679426662,1.4216018777191226,-0.13054181951047808,3,1,3,1,FNG2029,DEFENDRE
FNG2034,1,8,100.49502699999972,15.535,DEFENDRE,0.15016443321779227,-0.05775252375512243,-0.47365324017258126,-0.07799551155256455,0.12799552551487947,1,1,1,1,FNG2034,DEFENDRE
FNG2019,1,8,171.35200399999997,27.7271,DEFENDRE,0.6499238110307487,-2.115611336451116,-0.8460992869793905,2.7410593976020485,0.4370575436553682,1,1,1,1,FNG2019,DEFENDRE
FNG2011,11,2,100.06275600000026,33.2159,DEFENDRE,0.6455261495789361,1.9159515288859783,0.03701713347557184,-0.393013086004757,-0.01671756125540853,3,1,3,1,FNG2011,DEFENDRE
FNG2001,13,4,13.890414999999848,5.2552,DEFENDRE,0.6543211130900797,-0.11412957364127144,-0.6602342737684109,0.16677719399841823,0.5530533843778885,3,3,3,3,FNG2001,DEFENDRE
FNG2037,11,2,53.467083,12.1677,DEFENDRE,-0.09214797399401,-1.4134958801519266,-0.10299276160007344,-0.3860243493955042,0.15268761590810043,3,1,3,1,FNG2037,DEFENDRE
FNG2009,12,7,67.73560399999951,4.9437,DEFENDRE,1.7670467926487974,-0.5550053011881704,-0.971453743911695,3.871456923035533,0.05027007801413104,3,2,3,2,FNG2009,DEFENDRE
FNG2029,11,18,36.58789799999977,2.5836,DEFENDRE,0.6524492034692957,0.20743233262765284,-0.5750236164016019,-0.07441180913291695,0.34713926324795474,3,1,3,1,FNG2029,DEFENDRE
FNG2027,13,12,134.39285800000016,20.7678,DEFENDRE,-0.09214800801988432,0.20562862323853623,-0.01582368966845447,-0.3831538888746832,0.472763648947044,3,3,3,3,FNG2027,DEFENDRE
FNG2009,12,8,106.924618,39.1917,DEFENDRE,0.6731303501495288,1.1537817094909388,-0.46699500292870094,0.02973977434019614,0.4702696990060111,3,2,3,2,FNG2009,DEFENDRE
FNG2006,13,2,77.74607499999911,30.0298,DEFENDRE,-0.09214796992947848,-0.16062552511691522,-0.15590900090016027,-0.3374520991296137,-0.01144720562083548,3,3,3,3,FNG2006,DEFENDRE
FNG2029,11,23,71.36347999999998,5.128,DEFENDRE,0.6659086601703139,-1.227139504841283,-0.5244779458480264,-0.0853814859879624,0.2338444636884599,3,1,3,1,FNG2029,DEFENDRE
FNG2009,12,3,22.367561000000023,6.6238,DEFENDRE,0.6496291864921184,-0.10692916538254522,-0.22153346100700064,-0.30410216833889137,0.1259252272719324,3,2,3,2,FNG2009,DEFENDRE
FNG2024,12,3,26.64787399999977,3.041,DEFENDRE,0.6680158598658195,-0.1087463009054251,-0.506976749621105,0.03147459222539513,0.5393650652587962,3,2,3,2,FNG2024,DEFENDRE
FNG2012,3,8,123.85306899999988,47.1675,DEFENDRE,-0.5907576725059487,0.0654658140588131,1.7444570498352028,-0.40661383887776736,-0.07988069112498605,1,3,1,3,FNG2012,DEFENDRE
FNG2022,3,5,12.091643999999974,NA,DEFENDRE,-1.1093180211411808,0.0225187471803017,1.7027247277436588,-0.4716073034971483,-0.09924435358946,1,3,1,3,FNG2022,DEFENDRE
FNG2009,12,12,57.09309399999984,7.0958,DEFENDRE,0.6625058109251805,-1.1882425244489363,-0.46882139508470255,0.16619376812884115,0.5050012748514086,3,2,3,2,FNG2009,DEFENDRE
FNG2011,11,3,120.648455999999,8.8401,DEFENDRE,-0.15382072693033275,-0.17601708297177623,1.410889837905233,-0.47762709480175497,0.03891732151942845,3,1,3,1,FNG2011,DEFENDRE
FNG2021,7,2,31.861295000000155,10.6077,DEFENDRE,0.6655146922131313,-0.1760946437646264,-0.45640733622085206,-0.06970179816081626,-0.2985212239233591,2,2,2,2,FNG2021,DEFENDRE
FNG2030,12,2,37.24903899999981,8.6314,DEFENDRE,0.6608350651692217,1.4235719378715814,-0.4890113455492746,1.4250171531570508,0.1664266577610521,3,2,3,2,FNG2030,DEFENDRE
FNG2034,1,3,17.63760400000001,2.7283,DEFENDRE,0.6636777627929714,-1.7424308018192494,-0.5624683849402969,2.709296200113961,-0.12155500257600098,1,1,1,1,FNG2034,DEFENDRE
FNG2029,11,26,108.92044399999986,17.9518,DEFENDRE,-1.6902546029848304,-0.8759002740802057,1.340651873219976,-0.49212412267370226,-0.48690959951987006,3,1,3,1,FNG2029,DEFENDRE
FNG2009,12,5,50.01474700000017,6.7601,DEFENDRE,0.6509586808223381,-0.16651461025400732,-0.18572182765065232,-0.4693412066103096,0.6551155039602322,3,2,3,2,FNG2009,DEFENDRE
FNG2009,12,14,138.7521770000003,16.3995,DEFENDRE,1.545668214889338,-0.34254832552381365,-0.7338640501512959,3.8596023516760782,0.8854363604377121,3,2,3,2,FNG2009,DEFENDRE
FNG2003,3,8,115.759724,15.376,DEFENDRE,0.6830738453643076,0.5659644528607535,-0.30094589928321364,0.14575910794686794,0.596706178458992,1,3,1,3,FNG2003,DEFENDRE
FNG2007,6,10,94.68307499999992,6.192,DEFENDRE,0.6552338898577335,-0.3643351775676479,-0.08878525787279513,-0.12857598614798094,0.871369514467714,2,1,2,1,FNG2007,DEFENDRE
FNG2029,11,24,88.56805799999984,2.2803,DEFENDRE,0.6434987484946671,-1.274727840024836,-0.1764012449492466,-0.32981493968882697,0.5910417074010532,3,1,3,1,FNG2029,DEFENDRE
FNG2032,8,6,56.083167000000685,12.5587,DEFENDRE,-2.097338890183095,0.3093972027924829,0.33217180809903346,-0.6921107636863232,-0.6212994628105433,2,3,2,3,FNG2032,DEFENDRE
FNG2032,8,1,30.841209000000163,4.9753,DEFENDRE,0.6549046460084127,0.3083096052055044,-0.26579366368149837,-0.3578282000917975,-0.5094251549859039,2,3,2,3,FNG2032,DEFENDRE
FNG2029,11,15,17.70419899999979,4.6961,DEFENDRE,-1.3788891487412522,-1.11061119761551,0.00600460944350191,-0.5923360159989128,-0.9724345053194466,3,1,3,1,FNG2029,DEFENDRE
FNG2029,11,27,138.69953799999985,6.072,DEFENDRE,-1.6330316122279669,0.8737493255255637,0.1033857142464213,-0.7488048647282746,-0.6258583211162777,3,1,3,1,FNG2029,DEFENDRE
FNG2028,3,6,149.82739099999992,13.9125,DEFENDRE,-0.6684546215589322,-0.874264624413015,-0.08807963403576494,-0.650013931345686,-0.5643873609724551,1,3,1,3,FNG2028,DEFENDRE
FNG2007,6,4,11.725155000000086,3.7276,DEFENDRE,0.07487872642912868,-0.5203785478077099,-0.3467997969485133,-0.2819066880851961,-0.0920000401895326,2,1,2,1,FNG2007,DEFENDRE
FNG2029,11,1,3.530850999999984,NA,DEFENDRE,-2.0148205158744723,-2.4183733326716332,0.14691505188175025,-0.6922910383814646,-0.8578143134965606,3,1,3,1,FNG2029,DEFENDRE
FNG2013,4,7,170.66323899999998,50.4877,DEFENDRE,-0.3206888847848927,-0.9583163243445324,-0.2037423480276243,-0.5776494793332838,0.25897520763697474,1,4,1,4,FNG2013,DEFENDRE
FNG2034,1,1,172.25912099999982,36.1826,DEFENDRE,0.0727180122934041,1.1454000646671072,-0.15917176327638985,-0.7071006232789501,0.37442266473791463,1,1,1,1,FNG2034,DEFENDRE
FNG2017,1,2,18.731944,6.6235,DEFENDRE,0.07703954848407311,-0.541527590449185,-0.16564365042691565,-0.6517643307000954,-0.05780026719925514,1,1,1,1,FNG2017,DEFENDRE
FNG2003,3,9,159.77506300000005,44.0077,DEFENDRE,0.07348137447449511,3.21637430239746,0.05031147176107777,-0.7091077397363152,2.984397791108431,1,3,1,3,FNG2003,DEFENDRE
FNG2017,1,10,100.486355,11.7351,DEFENDRE,0.05651513137636943,-0.6353386664236922,-0.16954140403785403,-0.05713266002439719,-0.4691462162572184,1,1,1,1,FNG2017,DEFENDRE
FNG2019,14,1,22.73404699999992,NA,TESTER,-1.862132428022791,-0.5818789000204688,2.860140846218654,-0.8082574867134524,-0.6138974303819487,3,4,3,4,FNG2019,TESTER
FNG2012,1,9,18.57476700000001,10.6961,TESTER,1.0915151762008015,-0.5523059208105574,-0.10700667507262382,2.058192685247376,0.18282374638731247,1,1,1,1,FNG2012,TESTER
FNG2022,14,2,31.94254600000113,15.3518,TESTER,-0.22555609229823972,-0.5793714111236438,0.04811631353634821,-0.7543258776860103,0.3174783463036246,3,4,3,4,FNG2022,TESTER
FNG2011,2,19,99.891748,18.6959,TESTER,1.0760892041630743,-1.1737096205105555,-0.02942942621315429,-0.7637879147524937,0.4359705037610894,1,2,1,2,FNG2011,TESTER
FNG2026,8,8,76.42967099999987,17.4481,TESTER,1.5483525831450853,-0.29061653107054863,-1.4916958402556366,1.548342374204914,0.7330048905085529,2,3,2,3,FNG2026,TESTER
FNG2036,4,4,6.961825999999974,NA,TESTER,2.0387988679736004,-0.6808282243495392,-2.424297180527483,2.3754574237751034,0.6554392326334115,1,4,1,4,FNG2036,TESTER
FNG2022,14,1,16.605186000000685,NA,TESTER,-2.070661067424426,-1.3887848555982945,1.5976822394938406,-0.33500328563235793,0.17113694686709668,3,4,3,4,FNG2022,TESTER
FNG2011,2,5,47.161693000000014,18.9273,TESTER,-1.3146006178420562,-0.5997937766782345,0.07046967745216465,-0.29230426356417644,0.33776737636441106,1,2,1,2,FNG2011,TESTER
FNG2029,8,17,144.52119200000016,6.5596,TESTER,0.21767587328031457,-0.6313438386928487,-0.0762754824240546,0.7049404417987837,0.5056848685604356,2,3,2,3,FNG2029,TESTER
FNG2010,8,9,86.53074099999981,8.488,TESTER,-0.4113679552732202,-0.8718402541517938,-0.00875717067009916,-0.17039622155374823,0.46962788663599814,2,3,2,3,FNG2010,TESTER
FNG2020,3,5,75.08038699999997,37.464,TESTER,0.8892671274332922,0.31318485105071436,-0.09732944101436738,-0.1158465435745546,0.6606844555855492,1,3,1,3,FNG2020,TESTER
FNG2029,8,5,53.97564900000043,4.8562,TESTER,-1.2743045650275415,-1.4999791382616503,0.11951552025881536,-0.09657291579781876,-0.4406576138680385,2,3,2,3,FNG2029,TESTER
FNG2012,1,3,56.35760399999998,12.2954,TESTER,-1.220192169657143,-1.6931858871391727,0.15131632136608172,-0.2981567412285907,-0.23821346279465871,1,1,1,1,FNG2012,TESTER
FNG2010,8,3,27.757045000000065,11.8562,TESTER,-1.246966015307513,-1.6806909628532738,0.12171150919053246,-0.29177769374057505,-0.15990382665714728,2,3,2,3,FNG2010,TESTER
FNG2001,11,6,100.76113499999974,57.2072,TESTER,-1.2585511048414606,-1.36768401541746,0.17482243983561288,-0.24007977586826632,-0.00035667248951498003,3,1,3,1,FNG2001,TESTER
FNG2022,14,9,145.18531900000016,5.6475,TESTER,-0.33363403667484687,-1.0209882267904002,0.03730803092706381,-0.3070602733122295,0.276407695289079,3,4,3,4,FNG2022,TESTER
FNG2006,12,11,101.8953190000002,11.9116,TESTER,-0.6106094543928978,-1.103556294429796,0.08588634145850232,-0.3325436471126755,0.3107135280973146,3,2,3,2,FNG2006,TESTER
FNG2006,12,2,20.45180199999959,3.936,TESTER,0.8371000436896435,-1.2618637366887904,-0.08181048417742702,-0.16615732157219226,0.2599329340213822,3,2,3,2,FNG2006,TESTER
FNG2034,12,4,75.52774299999965,41.5192,TESTER,1.4328910578226848,0.3786137199332047,-1.3664949971645843,1.5524344929957832,0.7253530198762641,3,2,3,2,FNG2034,TESTER
FNG2032,9,5,97.8743629999999,29.6237,TESTER,-0.8579063244727416,-0.3447461920003053,0.15519431645494805,-0.545069801708248,-2.3962826384612232,2,4,2,4,FNG2032,TESTER
FNG2010,8,2,15.884577000000036,NA,TESTER,-1.6917148128992665,-0.7949206867841304,2.1300022016265574,-0.6181901681626261,-0.11396700950754848,2,3,2,3,FNG2010,TESTER
FNG2021,8,7,162.43767099999968,39.6696,TESTER,-0.5758560288944029,-0.07104260025862363,0.08732600088212862,-0.693707975532179,0.30792486894627746,2,3,2,3,FNG2021,TESTER
FNG2011,2,23,171.94174999999973,7.3444,TESTER,1.051244560286216,-0.7306035807489979,-0.4296873069261371,1.8981223505129337,0.3384607893464208,1,2,1,2,FNG2011,TESTER
FNG2007,12,6,43.65303500000027,9.0475,TESTER,-1.220257766382737,-0.6720076630545986,1.3023531696392985,-0.9215014107739008,-0.36167116536096705,3,2,3,2,FNG2007,TESTER
FNG2031,11,4,83.36655999999994,21.7279,TESTER,2.279878985538802,0.7045141092126825,-0.4624599297234332,2.4424588894608137,0.45115811749666096,3,1,3,1,FNG2031,TESTER
FNG2005,3,3,26.53154900000004,8.2399,TESTER,0.28432264058802525,0.6863858940921288,-0.371458207018189,-0.9637765715744976,0.24310699291319351,1,3,1,3,FNG2005,TESTER
FNG2018,9,6,8.993972000000213,NA,TESTER,-1.2367484403510365,0.05200478378940755,1.572215855922694,-1.8370918093144335,-0.14578741022465572,2,4,2,4,FNG2018,TESTER
FNG2034,12,2,33.99270999999953,16.6153,TESTER,-0.6092794211384209,0.676253297671601,0.3387729143332629,-0.8829511828740312,-0.03103095419422933,3,2,3,2,FNG2034,TESTER
FNG2005,3,12,53.79589899999996,9.1914,TESTER,0.26660475249545257,0.6722997075106023,0.30166339086026167,-1.0134414469528488,-0.12838382033875917,1,3,1,3,FNG2005,TESTER
FNG2034,12,6,130.51667299999917,39.2152,TESTER,1.0395711146360336,1.3822366634549754,-0.6196227528005405,0.6182206187280225,0.4155933713558193,3,2,3,2,FNG2034,TESTER
FNG2037,1,2,98.08766799999997,21.581,TESTER,0.28500531261525314,1.2656422405485157,0.24656238109287612,-0.7977811352896409,0.3661487768981624,1,1,1,1,FNG2037,TESTER
FNG2006,12,1,16.521200000000135,3.9524,TESTER,0.26782030443070626,0.13684809541689677,0.2878849355812841,-0.9526063056988676,-0.40033085626249937,3,2,3,2,FNG2006,TESTER
FNG2034,12,1,17.387730999999803,NA,TESTER,1.6426910681511095,0.6936141663693967,-1.0050337283996476,1.963230980552067,0.17430864743410526,3,2,3,2,FNG2034,TESTER
FNG2010,8,7,69.29485899999986,5.0404,TESTER,-0.7676504596455681,0.5871642124624157,1.045320789197803,-1.035991232618714,-0.5771661062957981,2,3,2,3,FNG2010,TESTER
FNG2011,2,9,164.61350599999992,7.5512,TESTER,-2.157577203189379,0.4185784925847258,2.406718408916141,-1.055815263112286,-0.8218172642396779,1,2,1,2,FNG2011,TESTER
FNG2003,11,7,97.81106,14.8397,TESTER,0.27640706030926443,0.4652507995928921,0.26718706852485646,-1.009169430153383,-0.6760877554385473,3,1,3,1,FNG2003,TESTER
FNG2011,2,8,134.0513629999998,17.2479,TESTER,-1.413785921090036,0.3608258016952818,1.6916686979034077,-1.0014822050080334,-0.7076371170568725,1,2,1,2,FNG2011,TESTER
FNG2019,14,7,152.09797400000025,22.8074,TESTER,0.5228396145957562,1.4395592934334804,-0.8178773644760943,-1.080688245885244,-0.5227555548682542,3,4,3,4,FNG2019,TESTER
FNG2010,8,1,64.28169600000001,6.4635,TESTER,-0.655704765675925,0.5425256597584772,2.4525139246798378,-1.058223894990091,-0.6433579700150835,2,3,2,3,FNG2010,TESTER
FNG2030,2,5,124.55251599999995,14.0884,TESTER,0.5745539037646942,1.3731920582439714,-0.9557410332434946,2.1335571515268277,5.199435781472891,1,2,1,2,FNG2030,TESTER
FNG2030,2,1,15.79987099999994,NA,TESTER,0.5213596865993978,0.818318464974747,-0.7659639942127814,-1.0592825153997585,-0.6620127234288262,1,2,1,2,FNG2030,TESTER
FNG2036,4,7,113.67113799999991,9.6004,TESTER,0.5230400009593303,0.1288591466867988,-0.8034945846053251,-0.13395249221377734,-0.7995929378091711,1,4,1,4,FNG2036,TESTER
FNG2026,8,7,58.975269000000026,23.0961,TESTER,0.5726025112018729,1.472439369350468,-0.941566486712292,0.31935862388347186,-0.04698078724909557,2,3,2,3,FNG2026,TESTER
FNG2027,4,1,8.57735700000012,NA,TESTER,0.5414586675285088,0.7691506176783923,-0.83128315646716755,0.34899189808506315,-0.4144026461898296,1,4,1,4,FNG2027,TESTER
FNG2007,12,3,24.2665020000004,11.768,TESTER,0.5069918873590281,1.2774389720325678,-0.8037893413470121,0.1745499153865683,-0.3410041343758517,3,2,3,2,FNG2007,TESTER
FNG2028,14,4,35.32501699999966,4.9041,TESTER,0.5208575363598456,0.3232983641465687,-0.8101425251922949,0.02648158110805006,-0.2758764105260868,3,4,3,4,FNG2028,TESTER
FNG2003,11,8,116.66467199999896,18.8389,TESTER,1.111752842512947,0.9262248159339788,-1.37464476112837,0.853518346446164,0.02144273204197938,3,1,3,1,FNG2003,TESTER
FNG2004,9,4,100.57962899999984,24.4951,TESTER,2.250748277138295,0.7790388056347477,-2.266687170186836,2.6139570643330448,0.32920930648876884,2,4,2,4,FNG2004,TESTER
FNG2019,14,4,64.47613000000001,11.2714,TESTER,-1.0469317251021035,1.1037218057121834,1.470449617629099,-0.425345556118945,-3.345210704739756,3,4,3,4,FNG2019,TESTER
FNG2009,13,10,87.75209199999881,24.9923,TESTER,0.5455322386704152,1.651636207226136,-1.420281768200376,1.47525571391593,0.32424713774154534,3,3,3,3,FNG2009,TESTER
FNG2013,6,1,72.29182899999978,30.4479,TESTER,-0.45751845563561433,1.0709042717144672,0.19788312731986632,-0.753806177262534,-0.01392986015541505,2,1,2,1,FNG2013,TESTER
FNG2029,8,7,94.01421000000028,13.0803,TESTER,-0.4695805920316261,0.9971364699254788,0.242810047925546,-0.7337603678400652,-0.4347409155935022,2,3,2,3,FNG2029,TESTER
FNG2025,12,1,79.64412099999981,NA,TESTER,-0.4445236004173721,1.915735708548097,0.1396746587063178,-0.6739382075391398,-0.9321054716203868,3,2,3,2,FNG2025,TESTER
FNG2037,1,4,36.534042,25.8162,TESTER,-1.7931213702154538,0.3725145968060716,2.283639306544337,-0.6497308681151613,-0.7482871437910787,1,1,1,1,FNG2037,TESTER
FNG2005,3,1,9.909767000000102,NA,TESTER,-0.4506003971912326,0.16187817555796158,0.16505662488451944,-0.6605438489879775,-0.24035819957206717,1,3,1,3,FNG2005,TESTER
FNG2029,8,4,47.00037100000009,6.8085,TESTER,-1.2266549796070405,0.20341943216046837,1.2839640463576725,-0.6568484884667933,-0.5210249434234592,2,3,2,3,FNG2029,TESTER
FNG2018,9,10,56.7016390000008,3.8081,TESTER,-0.4357824382321118,-0.8685362421361007,0.1267498430833852,-0.6314565787734783,-0.26446925987193226,2,4,2,4,FNG2018,TESTER
FNG2017,8,1,26.229897000000165,11.2074,TESTER,-0.4198018881431248,-0.9026538854989108,0.0722882123197112,-0.5045445454072098,-0.32561955128888526,2,3,2,3,FNG2017,TESTER
FNG2026,8,3,111.85479499999974,20.8728,TESTER,1.051985356696321,0.3808754240105268,-0.06335753987209616,1.7226699896448892,0.10053504938858716,2,3,2,3,FNG2026,TESTER
FNG2026,8,9,90.95281699999988,14.5277,TESTER,-0.45353687245581886,-0.8317195104793083,0.1825520726127395,-0.6061549370430727,-0.5721768596099351,2,3,2,3,FNG2026,TESTER
FNG2013,6,3,36.75391199999967,13.0231,TESTER,-0.4061562505343174,-0.7777230055553382,0.02101579501647247,-0.5869282395673165,-0.11936814859519106,2,1,2,1,FNG2013,TESTER
FNG2007,12,2,12.49134900000081,6.512,TESTER,-0.3944543970981631,-0.32165933600320873,0.00632315837823184,-0.5947389398934758,0.01844141224692615,3,2,3,2,FNG2007,TESTER
FNG2001,11,7,110.8541639999994,10.1201,TESTER,-1.3540273384254051,-1.4413883197229476,1.6733527053401294,-0.5627179293411293,-0.4572527101415397,3,1,3,1,FNG2001,TESTER
FNG2022,14,3,41.91828700000042,9.9835,TESTER,-0.45160383616328026,-0.6167418314528558,0.15406812384461477,-0.6530483763216696,-0.5670257996758894,3,4,3,4,FNG2022,TESTER
FNG2029,8,10,15.922186000000238,2.0489,TESTER,-0.4273487374665048,-1.6301728919431795,0.0994836462906926,-0.6698593085024968,-0.2572066552048786,2,3,2,3,FNG2029,TESTER
FNG2018,9,9,48.71200000000045,8.2957,TESTER,-0.09440455637554658,-1.4242355172102,0.08090543127610642,-0.6925305639842436,-0.4148320059822644,2,4,2,4,FNG2018,TESTER
FNG2015,4,2,13.036401999999953,6.1118,TESTER,0.8231994553986358,-1.174114693403116,-0.05155715214139835,1.2802158783162565,0.323737849048565,1,4,1,4,FNG2015,TESTER
FNG2022,14,11,176.64464300000054,16.9267,TESTER,0.2076029155321324,-1.1775445815013903,0.00560744455628358,-0.8023215853451843,-0.11650089828032788,3,4,3,4,FNG2022,TESTER
FNG2010,8,6,57.805609,12.584,TESTER,-1.329566100094889,-1.698979176591399,1.4090746842592496,-0.7531611185546844,-0.7300902173019197,2,3,2,3,FNG2010,TESTER
FNG2015,4,4,168.784226,143.5889,TESTER,-0.8578584161409547,-0.8291334279612279,2.0547772524395738,-0.7566377478022677,0.26154511451284485,1,4,1,4,FNG2015,TESTER
FNG2004,6,6,143.56869800000004,19.0714,CONCOURIR,-0.13492871397915016,-1.0241491131532334,-1.068515562395651,1.5941318688026371,0.4029239739217843,2,1,2,1,FNG2004,CONCOURIR
FNG2020,13,1,25.56529600000067,8.8713,CONCOURIR,-0.17499087247143252,0.31836614916047706,-0.0516573873966841,-0.49657155032379147,0.47977510296490433,3,3,3,3,FNG2020,CONCOURIR
FNG2009,1,6,15.355833000000018,9.424,CONCOURIR,-0.16070248745728358,-1.492441990185247,-0.4575112667169509,-0.4695933299439377,0.04584694988874308,1,1,1,1,FNG2009,CONCOURIR
FNG2037,8,1,18.52042000000029,NA,CONCOURIR,-0.16962119364536277,-0.08960883891707319,-0.2832840582890962,-0.4776195455037237,-0.03612816252830435,2,3,2,3,FNG2037,CONCOURIR
FNG2021,3,5,68.21875699999998,28.8317,CONCOURIR,0.1745494489849353,-0.21290133795239052,-0.4317795932304385,-0.4011033752941632,0.2922828196399713,1,3,1,3,FNG2021,CONCOURIR
FNG2001,6,10,64.80330700000013,14.6877,CONCOURIR,0.5722330615682473,0.36996523812694415,-0.5420614946569092,1.9955654208021163,0.5867102839526185,2,1,2,1,FNG2001,CONCOURIR
FNG2032,13,7,66.65908900000068,18.5912,CONCOURIR,0.5904304372976409,0.5523140378365813,-0.8568153168305619,1.918239210432457,-0.2445214460302252,3,3,3,3,FNG2032,CONCOURIR
FNG2005,13,9,68.43560799999977,12.4475,CONCOURIR,0.5467418741596891,-0.3946386561300313,-0.4103864121072568,-0.3765568349027779,0.0535473545446469,3,3,3,3,FNG2005,CONCOURIR
FNG2006,3,13,139.11778400000003,14.1595,CONCOURIR,-1.982487113171583,1.4885472613911548,0.5315224245073219,-0.5722299910251091,0.7144107503275614,1,3,1,3,FNG2006,CONCOURIR
FNG2027,6,11,129.10339900000054,30.0075,CONCOURIR,-0.605223661569486,-1.259028050979262,-0.04111406380538789,-0.5673462079484525,0.17299889145988415,2,1,2,1,FNG2027,CONCOURIR
FNG2022,8,5,118.75710999999956,17.5342,CONCOURIR,0.572102897128012,-1.620132972083489,-0.5455577130808072,-0.4665507598464644,-0.1944565518977981,2,3,2,3,FNG2022,CONCOURIR
FNG2019,13,6,43.67813699999988,12.3514,CONCOURIR,0.5551817739529502,-0.2860097140663644,-0.38453931591275936,-0.5177445781596737,-0.4997897074240285,3,3,3,3,FNG2019,CONCOURIR
FNG2007,14,3,22.3318760000002,7.1272,CONCOURIR,0.9736623077875406,0.9221694195833908,-0.6459500381785271,-0.40214711425288463,0.09438125463731845,3,4,3,4,FNG2007,CONCOURIR
FNG2003,6,2,170.9786610000001,15.6158,CONCOURIR,0.0655833275945252,-0.402759469730139,0.46796350816726984,-0.5713968554196426,-0.30168866516947956,2,1,2,1,FNG2003,CONCOURIR
FNG2037,8,3,40.20369400000027,17.4325,CONCOURIR,1.3482746444205918,-0.5569798337969308,-0.7895340262133332,1.0295385967909247,3.421149311385998,2,3,2,3,FNG2037,CONCOURIR
FNG2031,13,3,125.83353699999998,18.16,CONCOURIR,0.06558335124400451,-0.26028282968278155,-0.06636087620786467,-0.5111052137667943,-0.29291907312463356,3,3,3,3,FNG2031,CONCOURIR
FNG2001,6,1,50.13200300000017,21.3116,CONCOURIR,1.739478998070762,-0.44206740705671815,-3.360032149500384,2.163955698675393,-0.08330722789813305,2,1,2,1,FNG2001,CONCOURIR
FNG2037,8,8,77.44441800000004,5.4638,CONCOURIR,0.06558333102552377,-0.6402171956704609,-0.2447299628474749,-0.43489961463023896,-0.16027714744662616,2,3,2,3,FNG2037,CONCOURIR
FNG2029,9,15,22.26536900000019,1.512,CONCOURIR,-1.3177753893487598,-1.4256401286521572,0.7623548031919422,-0.539706141966394,-4.430318951016221,2,4,2,4,FNG2029,CONCOURIR
FNG2034,7,10,137.39613100000042,29.4155,CONCOURIR,2.221549299253217,0.7254209751302454,-0.5967903196101666,-0.4130795265385844,0.24834451766185067,2,2,2,2,FNG2034,CONCOURIR
FNG2010,1,10,94.56453299999998,8.5839,CONCOURIR,-2.0065915618201142,-0.39719051068851974,0.6086011992209355,-0.5090308976735656,-4.428882732198026,1,1,1,1,FNG2010,CONCOURIR
FNG2037,8,7,71.94824600000038,11.9196,CONCOURIR,-0.42865047061656697,-0.4774492746745549,0.06463505668516739,-0.5457498026778147,0.23004361175964805,2,3,2,3,FNG2037,CONCOURIR
FNG2026,4,5,62.939166000000114,31.872,CONCOURIR,-0.4547769335646029,1.4846693017448838,0.6965027920151685,-0.527671552771319,0.31657623444953453,1,4,1,4,FNG2026,CONCOURIR
FNG2005,13,10,80.61049299999968,12.184,CONCOURIR,-0.4501639146176836,-1.2536037441559371,0.4024629889769832,-0.5253128375662531,-0.18908983343288507,3,3,3,3,FNG2005,CONCOURIR
FNG2011,7,4,126.02700200000072,11.0396,CONCOURIR,1.5057812409838147,-0.12289495665507053,-0.09075966712113068,1.376016561773848,0.1450923511385344,2,2,2,2,FNG2011,CONCOURIR
FNG2037,8,10,119.88176600000044,38.3507,CONCOURIR,-0.4417481347833073,-0.11164579219871636,-0.08022793403208323,-0.5283697303699262,-0.3599977927482103,2,3,2,3,FNG2037,CONCOURIR
FNG2013,12,8,129.51765299999988,10.7519,CONCOURIR,-1.5977810878116112,0.3389758337366385,3.116074613928817,-0.5637149694487744,-0.9245424903251448,3,2,3,2,FNG2013,CONCOURIR
FNG2012,7,4,172.14228500000013,31.16,CONCOURIR,-0.4203740985564666,0.31845090693350114,0.15389569787290103,-0.5529473081544447,-0.16663709634678417,2,2,2,2,FNG2012,CONCOURIR
FNG2005,13,8,56.01093599999968,16.3283,CONCOURIR,0.7468571578581248,0.588003515435537,-0.3557805107354839,0.4962866428123825,0.4212481141792576,3,3,3,3,FNG2005,CONCOURIR
FNG2007,14,2,15.186844999999266,NA,CONCOURIR,-0.44898780006513656,-0.4181807333266424,0.17953583039620685,-0.5445013850101427,-0.04710012364449511,3,4,3,4,FNG2007,CONCOURIR
FNG2036,11,2,71.98340599999983,22.0722,CONCOURIR,-0.4152043086162328,-0.8373925018662783,0.09852198174219094,-0.5239939850732369,0.22946272030870388,3,1,3,1,FNG2036,CONCOURIR
FNG2012,7,11,99.6765979999998,15.2477,CONCOURIR,-0.43358162391837185,-0.9348279492115928,0.19875822139006288,-0.5448700320998637,0.11516210773794476,2,2,2,2,FNG2012,CONCOURIR
FNG2017,7,14,151.877567,19.9522,CONCOURIR,0.6695756275200379,1.4333350105509357,0.02556139177373929,-0.4294885873465102,-0.2648147111446374,2,2,2,2,FNG2017,CONCOURIR
FNG2003,6,9,98.01411699999971,14.0872,CONCOURIR,-0.42209200003121855,0.8086759919357666,0.17807253760387592,-0.48361414227029154,-0.2536900615464797,2,1,2,1,FNG2003,CONCOURIR
FNG2031,13,1,33.82659599999988,9.4401,CONCOURIR,-0.45839536399975,0.4524368722948745,0.6959611829228437,-0.5844243068504196,0.5485851649851744,3,3,3,3,FNG2031,CONCOURIR
FNG2006,3,11,100.02816000000009,29.7357,CONCOURIR,-0.4304677695676934,0.4564633679710369,0.3126126153242804,-0.5066472028971745,0.05188485631105085,1,3,1,3,FNG2006,CONCOURIR
FNG2037,8,6,60.05653500000017,8.6718,CONCOURIR,-0.4554764144287606,-1.1204382490724591,1.0346188352883858,-0.5595692043015181,0.18211800423071828,2,3,2,3,FNG2037,CONCOURIR
FNG2004,6,3,14.673122000000149,6.9688,CONCOURIR,-0.44379326757162246,-1.304434204240557,0.5123997590812172,-0.5367056466325775,0.3050234835313478,2,1,2,1,FNG2004,CONCOURIR
FNG2013,12,2,24.102795999999216,6.6964,CONCOURIR,-0.4556928697805976,0.599125861264146,0.7178906292116302,-0.5007255982226105,0.43401151225205487,3,2,3,2,FNG2013,CONCOURIR
FNG2011,7,15,139.91734500000075,13.9034,CONCOURIR,-0.4548639843231064,-0.23196061677011665,0.7963364142341848,-0.5294331987940304,0.27714249390463547,2,2,2,2,FNG2011,CONCOURIR
FNG2024,4,10,156.8059609999998,11.7271,CONCOURIR,-0.4610184024822733,-0.5978000185244111,0.7697644057711189,-0.5075848700281299,0.6157040792832374,1,4,1,4,FNG2024,CONCOURIR
FNG2007,14,4,32.00846999999976,5.3366,CONCOURIR,-0.4526848395895084,1.503171259142326,0.856476230820879,-0.6269861631133199,0.2138682097706728,3,4,3,4,FNG2007,CONCOURIR
FNG2010,1,7,54.781343000000106,5.768,CONCOURIR,-0.4460820241906659,-0.6658988353547132,0.4418815308029616,-0.504957806649633,0.1579271362459431,1,1,1,1,FNG2010,CONCOURIR
FNG2004,6,4,57.87419599999976,29.5028,CONCOURIR,-0.44503550614148474,-0.5962639673379231,0.5686222742377186,-0.5934858328794654,0.18977980235126216,2,1,2,1,FNG2004,CONCOURIR
FNG2027,6,8,37.36832000000004,29.7203,CONCOURIR,-0.4525732325733065,1.287683579058858,0.7411201370129067,-0.5502058373688222,0.35191896533857137,2,1,2,1,FNG2027,CONCOURIR
FNG2021,3,2,168.58264600000007,47.5995,CONCOURIR,-0.4545587693723319,-0.6036030701846143,0.43000363186170554,-0.5012386219935033,0.4830277952514155,1,3,1,3,FNG2021,CONCOURIR
FNG2006,3,14,163.66652599999998,24.536,CONCOURIR,-0.4338498439274116,1.6002581548908403,0.5571187620332076,-0.5018846040379917,0.7452601633509085,1,3,1,3,FNG2006,CONCOURIR
FNG2012,7,3,44.53307599999994,14.0558,CONCOURIR,0.8651234949789883,0.4784702300926689,-0.2620038795188594,1.3800317375908508,0.9291566269040746,2,2,2,2,FNG2012,CONCOURIR
FNG2036,11,8,175.57821300000023,66.5036,CONCOURIR,1.978140396349167,0.8035832684332221,-0.2989273389445607,2.110213570984917,0.969172285125212,3,1,3,1,FNG2036,CONCOURIR
FNG2024,4,4,22.26762000000008,15.7745,CONCOURIR,0.28871110064290284,0.5238062912890044,-0.2932093114421486,0.16142579909503138,0.33831998405787195,1,4,1,4,FNG2024,CONCOURIR
FNG2022,8,1,15.953125999999884,NA,CONCOURIR,1.468215988379848,0.719226547379666,-0.5120421713536156,0.6771780572068348,0.32833432577124705,2,3,2,3,FNG2022,CONCOURIR
FNG2017,7,9,8.522115999999642,NA,CONCOURIR,2.522398074037823,1.0864392742031592,-0.4992704655568372,2.8093244013617555,0.8010830365065417,2,2,2,2,FNG2017,CONCOURIR
FNG2019,13,1,31.35341199999993,15.3763,CONCOURIR,-2.4520585704021767,1.284541446437071,1.089515541850542,-0.652175989921054,-3.3809859199169745,3,3,3,3,FNG2019,CONCOURIR
FNG2027,6,9,80.89066400000002,5.4724,CONCOURIR,-1.93773625900472,-0.653866224601467,1.090987920401382,-0.6779075683411085,-3.3810790308792686,2,1,2,1,FNG2027,CONCOURIR
FNG2006,3,4,19.90287699999999,4.0395,CONCOURIR,1.0930750838864338,-0.7247966835532101,-0.06411256142593114,-0.533657275697146,0.18631490595933056,1,3,1,3,FNG2006,CONCOURIR
FNG2024,4,6,47.86616299999969,15.0479,CONCOURIR,-1.435007957144091,-0.7120507290357653,0.125906690405765,-0.5614159237722768,0.11074108500670672,1,4,1,4,FNG2024,CONCOURIR
FNG2028,9,5,27.11416799999961,15.2561,CONCOURIR,-0.14952674526226778,-0.5177453673248902,-0.3941958728928692,-0.4680047885457191,0.24057729002500297,2,4,2,4,FNG2028,CONCOURIR
FNG2010,1,14,158.997346,5.3997,CONCOURIR,-0.8660247945772431,-0.733532884221542,-0.31399005653842943,-0.4652265416287217,0.15681001054612995,1,1,1,1,FNG2010,CONCOURIR
FNG2009,1,12,130.308044,43.4427,CONCOURIR,1.4932597340255365,1.275746345695286,-3.241210176413355,2.670067353473118,0.310804623315944,1,1,1,1,FNG2009,CONCOURIR
FNG2011,7,9,43.81956300000002,15.7603,CONCOURIR,-0.17288006321848048,0.5096592507451712,-0.10425013231813782,-0.5110551559227912,0.406213403660538,2,2,2,2,FNG2011,CONCOURIR
FNG2031,13,9,179.89454700000033,54.0872,CONCOURIR,-0.16176587154198485,-0.7066434097871006,-0.4026533277480156,-0.5075990062701443,0.1122301374755707,3,3,3,3,FNG2031,CONCOURIR
FNG2017,7,13,131.91283399999975,10.6636,CONCOURIR,-0.18479191494161865,-0.3045955810862322,0.19056039713977763,-0.5363886930436622,0.20247491925318584,2,2,2,2,FNG2017,CONCOURIR
FNG2024,4,2,145.0975679999999,20.2477,CONCOURIR,-0.1463563228198614,2.173536213426556,-0.6273858183441939,-0.40972026419894686,0.4889489995330227,1,4,1,4,FNG2024,CONCOURIR
FNG2034,7,4,68.4637929999999,23.4721,CONCOURIR,-0.1282821097060648,-0.6646238019334458,-1.085044402518507,1.7440048758205673,0.3380570537128269,2,2,2,2,FNG2034,CONCOURIR
FNG2007,14,1,26.6788489999999,4.3282,CONCOURIR,-0.15739449810957523,0.25729258943377725,-0.3037941425204125,-0.4771622290385498,0.32129028371272844,3,4,3,4,FNG2007,CONCOURIR
FNG2027,1,1,42.70366800000005,9.2085,CONVAINCRE,-0.4109758249503456,-1.2649873725459164,-0.28553791157956204,-0.2293864401003336,-0.21823018073836695,1,1,1,1,FNG2027,CONVAINCRE
FNG2012,14,8,62.29964399999972,30.4395,CONVAINCRE,-0.4495287158070596,-0.24533050655609429,0.2889507266106811,-0.33151881351942686,-0.13735673515508812,3,4,3,4,FNG2012,CONVAINCRE
FNG2018,6,5,68.61262699999997,30.608,CONVAINCRE,-0.44640454577154,0.3227017343736369,0.07085309189151152,-0.3753373630611329,-0.2346111861614224,2,1,2,1,FNG2018,CONVAINCRE
FNG2012,14,2,18.586972999999944,7.0163,CONVAINCRE,-0.4649235627431943,-0.451022848100429,0.3556913727429491,-0.25234616133330184,-0.20586259177882443,3,4,3,4,FNG2012,CONVAINCRE
FNG2017,4,2,18.93334400000004,5.2165,CONVAINCRE,1.9127145265308072,-0.46315127805270045,-3.027708298921553,2.563756160256491,1.801039731040674,1,4,1,4,FNG2017,CONVAINCRE
FNG2006,7,2,51.980555000000095,9.504,CONVAINCRE,2.490605324043993,0.27154879381021235,-0.3346545382339482,0.24771023769416245,-0.2264910436079031,2,2,2,2,FNG2006,CONVAINCRE
FNG2007,2,5,14.040260000000105,8.5673,CONVAINCRE,0.7218018979299902,-0.436613846965632,-0.06257698490642052,-0.03851787844224873,-0.21455254408475177,1,2,1,2,FNG2007,CONVAINCRE
FNG2027,1,13,100.38015200000008,11.6962,CONVAINCRE,-0.4451073278124449,-0.43808694093350703,0.12761032361983785,-0.11004864788305842,-0.18665995241771144,1,1,1,1,FNG2027,CONVAINCRE
FNG2009,7,5,113.61905399999978,20.6724,CONVAINCRE,-0.45652518330619857,-1.3014007798283864,0.5378844951258387,-0.15470671365177216,-0.3772236693622847,2,2,2,2,FNG2009,CONVAINCRE
FNG2025,14,1,96.89869600000112,NA,CONVAINCRE,0.2299847184254818,2.2309146979610626,0.4426863222582583,0.04896094124192855,1.6437197035520077,3,4,3,4,FNG2025,CONVAINCRE
FNG2026,13,13,149.34522000000015,9.2311,CONVAINCRE,-0.4264154153085547,0.1422137763580825,0.7114000016274428,-0.2984169958962314,-0.2439061052829277,3,3,3,3,FNG2026,CONVAINCRE
FNG2022,4,1,26.731530999999904,NA,CONVAINCRE,-0.4588673132860949,-0.9895200225985435,0.3935678143832976,-0.01265153645597569,-0.3838883502343772,1,4,1,4,FNG2022,CONVAINCRE
FNG2013,9,2,15.8467270000001,NA,CONVAINCRE,-0.4489381386541098,-0.43758239634508095,0.5669276480100672,-0.30176520471845764,-0.3833820655620177,2,4,2,4,FNG2013,CONVAINCRE
FNG2006,7,5,16.305319999999938,6.3766,CONVAINCRE,-0.43948203995018703,-0.3985026156012085,0.7155244951026216,-0.38749747601799367,-0.17517245169655987,2,2,2,2,FNG2006,CONVAINCRE
FNG2013,9,3,44.06280400000014,23.5439,CONVAINCRE,-0.4092389512155892,3.209560720680514,-1.4125216807282832,1.7697345020664446,1.9359961356087465,2,4,2,4,FNG2013,CONVAINCRE
FNG2023,8,4,131.14053799999965,15.1439,CONVAINCRE,-0.421255305860875,1.638787996308174,0.7758121609374797,-0.15803467877278277,-0.1870424836864832,2,3,2,3,FNG2023,CONVAINCRE
FNG2010,12,8,54.83610899999985,22.0233,CONVAINCRE,-2.0812169299178023,-1.2221971726020469,4.242287839528926,-0.4526828324410496,-0.4153249629672459,3,2,3,2,FNG2010,CONVAINCRE
FNG2030,9,3,157.550393,52.2306,CONVAINCRE,-0.41312216883006175,0.8311035463403422,0.4540083422924755,-0.3961452313785336,-0.26169625199398744,2,4,2,4,FNG2030,CONVAINCRE
FNG2004,14,1,9.419002999999066,NA,CONVAINCRE,-0.40545877727812046,-0.3000739667162182,0.4678757670998412,-0.20674497945893305,-0.27644609434895306,3,4,3,4,FNG2004,CONVAINCRE
FNG2029,2,4,61.38345699999991,10.2231,CONVAINCRE,-0.38516644194774746,1.7708520849370806,0.3750810596909905,0.22524090112079284,2.748296299855284,1,2,1,2,FNG2029,CONVAINCRE
FNG2011,14,2,87.3727289999988,14.2319,CONVAINCRE,-0.3972128830183472,-0.00202808953877086,0.4870502668302967,-0.48760538918392626,-0.3377268463536767,3,4,3,4,FNG2011,CONVAINCRE
FNG2011,14,1,73.14929699999993,17.2003,CONVAINCRE,-0.4072633886206946,-0.5939523723116003,0.49187670835397185,-0.306683307254064,1.663895178093609,3,4,3,4,FNG2011,CONVAINCRE
FNG2037,4,13,148.63750100000016,8.999,CONVAINCRE,-0.8470354783197918,-1.3366231895643863,0.5721649198337663,-0.35022070489002,-0.3955373976893296,1,4,1,4,FNG2037,CONVAINCRE
FNG2018,6,3,14.423123999999916,NA,CONVAINCRE,-1.354128030204221,-0.4025789221885031,1.0980538878323047,-0.5383989620220605,-0.3950506648227851,2,1,2,1,FNG2018,CONVAINCRE
FNG2012,14,5,106.16598599999998,36.8713,CONVAINCRE,-0.1794380057576466,-0.03017416446517595,0.5269217098075106,-0.27474970408101607,-0.3791866406487763,3,4,3,4,FNG2012,CONVAINCRE
FNG2028,4,1,10.14281700000015,NA,CONVAINCRE,-0.13235333419447165,-0.9738380935730544,0.1998838455587072,-0.32281333497309417,-0.29972791826258693,1,4,1,4,FNG2028,CONVAINCRE
FNG2018,6,2,105.83413100000008,14.2241,CONVAINCRE,-1.6026436411332272,-0.9701584345414994,1.2789030641594503,-0.5158991458064868,-0.4400210450027437,2,1,2,1,FNG2018,CONVAINCRE
FNG2006,7,8,42.47049900000002,8.4394,CONVAINCRE,-0.12361276406988768,-0.3956088686363285,-0.5971640858754058,2.351348887819774,-0.21029247051837172,2,2,2,2,FNG2006,CONVAINCRE
FNG2011,14,9,29.34632899999997,2.6317,CONVAINCRE,-0.8879270941944837,-0.44432888264302783,1.1136901942477495,-0.7571684860724971,-0.4524520294112245,3,4,3,4,FNG2011,CONVAINCRE
FNG2012,14,6,11.558559999999945,3.8564,CONVAINCRE,-0.1689472610016757,-0.43348801160977024,0.1455597617394956,-0.5578067083892251,-0.3197580608927953,3,4,3,4,FNG2012,CONVAINCRE
FNG2029,2,26,156.16137600000002,9.8888,CONVAINCRE,-0.1531071067776727,-0.427281594195841,-0.7335538197014924,1.001213892976904,-0.2824217653427417,1,2,1,2,FNG2029,CONVAINCRE
FNG2017,4,13,91.96108300000014,8.8478,CONVAINCRE,-0.2156337081919668,0.3881342861196088,0.5353282643130285,-0.7209681147314764,-0.2902117232146148,1,4,1,4,FNG2017,CONVAINCRE
FNG2026,13,8,57.0932499999999,10.2558,CONVAINCRE,-0.1796633476644165,-1.236383945166013,-0.27646908443454815,-0.5939033387882199,-0.432183389132582,3,3,3,3,FNG2026,CONVAINCRE
FNG2037,4,4,133.74787800000013,29.0801,CONVAINCRE,-0.16951498618967284,0.2787559721186749,-0.16877008883546768,-0.6576270115330615,-0.2531829776691942,1,4,1,4,FNG2037,CONVAINCRE
FNG2037,4,2,19.103348000000096,5.9121,CONVAINCRE,-0.15284742170802393,0.28736393149938055,-0.5506464709789946,-0.517369333405691,-0.24742736710472368,1,4,1,4,FNG2037,CONVAINCRE
FNG2024,9,4,61.67314600000009,12.5845,CONVAINCRE,-0.2026192235302046,-0.21185908914465493,0.15096971079062294,-0.7800662413679527,-0.35047014971047724,2,4,2,4,FNG2024,CONVAINCRE
FNG2019,2,5,30.407402000000047,12.3756,CONVAINCRE,-1.8408754837414816,-0.628836812559379,0.41812096828467066,-0.883250526577206,-2.53403421114467,1,2,1,2,FNG2019,CONVAINCRE
FNG2036,1,1,6.595437000000004,NA,CONVAINCRE,-0.16865393445501378,-0.6283435379805477,0.03671012034501034,-0.8119270775716434,-0.29109128773029375,1,1,1,1,FNG2036,CONVAINCRE
FNG2001,2,4,53.99607399999991,25.9359,CONVAINCRE,0.5073351438268131,0.8383693612730957,-0.456238658018107,-0.26956793451687333,-0.27048858902303874,1,2,1,2,FNG2001,CONVAINCRE
FNG2012,14,1,7.711260999999922,NA,CONVAINCRE,-0.19846660849115688,-1.1805767608110465,-0.05640448716100637,-0.6790603524544588,-0.30414902566837354,3,4,3,4,FNG2012,CONVAINCRE
FNG2009,7,2,53.92861099999982,36.4399,CONVAINCRE,1.0018083372806512,2.268692550206699,0.15464672750342953,-0.7173686424323148,0.32983262079272496,2,2,2,2,FNG2009,CONVAINCRE
FNG2032,4,8,16.534016000000065,5.48,CONVAINCRE,-0.179610166008482,-0.19588653993657631,-0.00674142828662837,-0.6437584934126869,-0.242422647489723,1,4,1,4,FNG2032,CONVAINCRE
FNG2037,4,6,26.548164000000043,7.464,CONVAINCRE,-0.15470823921262827,-0.7040959936068089,-0.1379826985204827,-0.6213892639506335,-0.2336429255194382,1,4,1,4,FNG2037,CONVAINCRE
FNG2006,7,9,59.17557299999999,7.2158,CONVAINCRE,-0.16483413970026098,-0.8508763932172689,0.2942876582257466,-0.5906168471848549,-0.33469124131978645,2,2,2,2,FNG2006,CONVAINCRE
FNG2009,7,3,70.93250499999976,17.009,CONVAINCRE,2.4876862986674384,-0.6058993231660945,-2.8510202367386928,3.7903003711993697,-0.15510126157307233,2,2,2,2,FNG2009,CONVAINCRE
FNG2026,13,12,119.1164160000003,3.6001,CONVAINCRE,2.0881352290517623,-0.955025034349174,-0.9911501143040596,2.345590895748314,-0.20719618983194,3,3,3,3,FNG2026,CONVAINCRE
FNG2019,2,3,116.45057699999995,27.4963,CONVAINCRE,1.7210052522528447,-0.20181347910868472,-0.5786055546652452,1.0863057365501696,2.62774061799506,1,2,1,2,FNG2019,CONVAINCRE
FNG2005,11,2,31.178271000000223,7.5195,CONVAINCRE,1.030665853496847,-0.2079345039652692,-0.3724049276140699,-0.6240803752606499,-0.37886233549843507,3,1,3,1,FNG2005,CONVAINCRE
FNG2032,4,11,139.73599000000013,43.9193,CONVAINCRE,-0.32392547125578564,2.15886976980724,-0.13479466224429576,-0.5905951777305958,1.2062573863447257,1,4,1,4,FNG2032,CONVAINCRE
FNG2028,4,4,17.953962000000047,7.8394,CONVAINCRE,-0.47877967820536543,-0.2667297159682083,-0.11775039227414912,-0.5992559272409679,-0.4402961249109581,1,4,1,4,FNG2028,CONVAINCRE
FNG2018,6,7,91.59643300000016,18.2791,CONVAINCRE,-0.4849928681182374,-0.26750234310966103,-0.16636269473524087,-0.5516206157118635,-0.2805028878672733,2,1,2,1,FNG2018,CONVAINCRE
FNG2021,13,6,95.63388200000009,16.3677,CONVAINCRE,1.0154921993753572,-0.8344372039454416,-0.5856017619295191,-0.5261620150964479,-0.3459003311391876,3,3,3,3,FNG2021,CONVAINCRE
FNG2029,2,13,12.574533999999971,2.4957,CONVAINCRE,-2.047057348392184,-1.1752691704950633,-0.3358027423052719,-0.6398024630541724,-0.4707263289240325,1,2,1,2,FNG2029,CONVAINCRE
FNG2036,1,4,59.59202199999987,8.7447,CONVAINCRE,1.03843006104742,-1.0347570014369531,-0.8867326685274224,-0.3435664019556136,-0.421245735987651,1,1,1,1,FNG2036,CONVAINCRE
FNG2021,13,3,26.814792000000125,12.0237,CONVAINCRE,1.0288525346027044,0.1602948065608961,-0.5985313403391062,-0.3840137965175503,-0.35056623408462945,3,3,3,3,FNG2021,CONVAINCRE
FNG2037,4,3,33.043633,6.4717,CONVAINCRE,-1.409213488087684,-0.3295746274230842,2.37595182855873,-0.7360573201783273,-0.4388889426475028,1,4,1,4,FNG2037,CONVAINCRE
FNG2003,12,6,74.87540099999933,23.7278,CONVAINCRE,1.0376561150899692,0.17053986860778675,-0.44420069003729135,-0.41155914504897734,2.777747281928211,3,2,3,2,FNG2003,CONVAINCRE
FNG2007,2,8,69.60156100000006,14.2468,CONVAINCRE,-0.7092321346577377,-0.620857176877089,-0.07464329115531887,-0.4831209647090141,-0.3840530988536026,1,2,1,2,FNG2007,CONVAINCRE
FNG2031,1,5,135.56577799999997,13.8722,CONVAINCRE,1.0388954877698064,-0.07627897219662064,-0.5723292340010189,0.2114776461406765,-0.2780256691798807,1,1,1,1,FNG2031,CONVAINCRE
FNG2011,14,16,176.73784800000067,8.072,CONVAINCRE,1.038924349998243,-0.6396438038612111,-0.2867382031565678,0.15528045973849158,-1.6076578120693872,3,4,3,4,FNG2011,CONVAINCRE
FNG2036,1,11,95.55043499999994,24.736,CONVAINCRE,1.1995486593544062,-0.6512528399214763,-0.619401588345931,-0.07167386201526185,-0.27188622370641796,1,1,1,1,FNG2036,CONVAINCRE
FNG2010,12,2,59.73222399999986,4.8799,CONVAINCRE,-1.3137064132567624,-0.6450505509761532,2.698440202833702,-0.8937300556616955,-2.5860738100681604,3,2,3,2,FNG2010,CONVAINCRE
FNG2030,9,2,105.31742900000016,59.6314,CONVAINCRE,1.7103666973600435,1.4539614080380203,-1.01871912869545,2.6002336257690866,1.6497587767897024,2,4,2,4,FNG2030,CONVAINCRE
FNG2029,2,25,135.2760679999999,29.3343,CONVAINCRE,1.5268731031122025,0.19469989226220064,-0.7691339056506984,0.36506008580179,-0.24578778948944696,1,2,1,2,FNG2029,CONVAINCRE
FNG2007,2,2,45.68490600000018,18.6484,CONVAINCRE,-0.4729272629241044,-0.7507418279699213,0.07419798478638352,-0.2600433625506713,-0.2180023290377579,1,2,1,2,FNG2007,CONVAINCRE
FNG2024,9,5,69.90068999999994,8.2392,CONVAINCRE,2.181839174663345,0.01296961019701042,-0.931313608776308,0.35041365881066605,-0.19929850916229744,2,4,2,4,FNG2024,CONVAINCRE
FNG2028,4,5,27.16414499999996,9.2077,CONVAINCRE,-1.664482918128986,-1.1669673563567868,0.21867889630525433,-0.08646502661440432,-0.3027625398967974,1,4,1,4,FNG2028,CONVAINCRE
FNG2036,1,2,35.875144000000034,4.8066,CONVAINCRE,-2.234689074334764,-1.179574237221284,0.3666402174405626,-0.14596704944778455,-0.30408703931137926,1,1,1,1,FNG2036,CONVAINCRE
FNG2025,14,3,135.93368500000088,39.0458,CONVAINCRE,-0.4504972070796277,0.8434649547565594,-0.08219581263871006,0.05865565875042149,-0.19092021363609657,3,4,3,4,FNG2025,CONVAINCRE
FNG2003,12,7,98.84213999999793,23.9831,CONVAINCRE,-1.0789659368398834,-0.17745996118008692,0.01611732490333935,-0.19399998211423275,-0.2303553303171483,3,2,3,2,FNG2003,CONVAINCRE
FNG2027,1,12,88.68828400000007,33.6871,CONVAINCRE,-0.41276722740047633,0.7970185582013846,-0.34729448917604894,-0.19799634058531396,-0.25305670067408487,1,1,1,1,FNG2027,CONVAINCRE
FNG2032,4,10,95.8190129999998,33.0714,CONVAINCRE,-0.4531030888677255,1.8378256755561933,0.5290525839927241,-0.3326291788386487,-0.16144914782856215,1,4,1,4,FNG2032,CONVAINCRE
FNG2030,9,5,33.52167099999997,12.9602,CONVAINCRE,-0.4530207420830125,0.7428478579611353,0.31565378312174763,-0.5148105141955291,-0.23134571512889193,2,4,2,4,FNG2030,CONVAINCRE
FNG2021,13,4,51.4810980000002,24.663,CONVAINCRE,-0.4183140072369133,0.26637655846211816,-0.1532880952918677,-0.20472491766088688,-0.1796796018198331,3,3,3,3,FNG2021,CONVAINCRE
FNG2028,4,6,45.31800000000021,18.1437,CONVAINCRE,-0.4171990137795272,-0.20167939796323456,-0.08663360872908414,-0.27292879631027633,-0.1897584245713634,1,4,1,4,FNG2028,CONVAINCRE
FNG2037,4,10,96.61318900000016,32.2556,CONVAINCRE,0.7137511106907403,0.258482203108661,-0.0689501705810266,-0.3781421009316255,-0.09071133720349404,1,4,1,4,FNG2037,CONVAINCRE
FNG2024,11,8,100.49134300000014,13.6164,MAUDIR,1.627264555388023,0.5932726918594355,-0.6218922425170539,1.240372881923888,2.851512733868348,3,1,3,1,FNG2024,MAUDIR
FNG2032,6,15,164.88176300000032,19.1446,MAUDIR,0.768531644926897,1.2688122032116202,-0.5206338615107636,0.09324955066209734,0.5750331051161223,2,1,2,1,FNG2032,MAUDIR
FNG2037,2,3,59.533951,10.8404,MAUDIR,-1.293473425869608,-0.725039170279215,0.21395408233323823,-0.5854909273448882,-0.33350945043101615,1,2,1,2,FNG2037,MAUDIR
FNG2024,11,3,127.92194800000016,27.4077,MAUDIR,-0.16185619673864943,-0.8020989893163096,-0.6391448615666571,-0.4860331257614998,0.10532857009236717,3,1,3,1,FNG2024,MAUDIR
FNG2009,8,8,146.377571,5.6797,MAUDIR,-1.750688956555085,-1.0418331464550914,0.17569771110167015,-0.7304412479674263,-0.17684140218308314,2,3,2,3,FNG2009,MAUDIR
FNG2026,14,10,69.19803699999966,11.5508,MAUDIR,-0.19671774184701443,-1.1939941523816342,0.03174582739677912,-0.49079519132668314,-0.04872601591569205,3,4,3,4,FNG2026,MAUDIR
FNG2013,8,4,60.12419799999998,5.4475,MAUDIR,-0.19385394946240148,-1.3793262026286526,-0.2653086625518583,-0.5982117124306738,-0.26857331111654936,2,3,2,3,FNG2013,MAUDIR
FNG2036,6,1,8.210954000000129,NA,MAUDIR,-0.17310184528118616,-1.4016118237274755,-0.3623369776092951,-0.6813595436753471,-0.4414578217949426,2,1,2,1,FNG2036,MAUDIR
FNG2036,6,8,69.23365799999965,10.7594,MAUDIR,-0.17242258733536395,-1.3956444573840905,-0.1507048845929719,-0.5936128044586442,-0.3739536650292841,2,1,2,1,FNG2036,MAUDIR
FNG2001,14,10,6.095794000000751,NA,MAUDIR,-0.20039524945860063,-1.4510094204756414,-0.2916307873809934,-0.6916172337880405,-0.4966217255560629,3,4,3,4,FNG2001,MAUDIR
FNG2001,14,16,116.03046800000084,6.0475,MAUDIR,-0.1879112629783472,-1.418708931091761,-0.679093670285186,-0.5895279294773705,-0.534244431744798,3,4,3,4,FNG2001,MAUDIR
FNG2001,14,1,10.242930000001252,4.1445,MAUDIR,-0.19574411161014849,-0.8916580917275791,-0.00461886151050852,-0.7481893540813865,-0.5342052254055002,3,4,3,4,FNG2001,MAUDIR
FNG2029,14,10,104.4429199999995,29.8795,MAUDIR,-1.2050802990047902,-0.6770818702578998,0.9923786378093276,-0.6783000320488191,-0.61609969901937,3,4,3,4,FNG2029,MAUDIR
FNG2007,8,11,115.7336610000002,12.2719,MAUDIR,0.10741249926339684,-0.1021207077572352,-0.00783777906056039,-0.7903749381836462,-0.38277972478222694,2,3,2,3,FNG2007,MAUDIR
FNG2003,2,6,79.0017200000002,10.6168,MAUDIR,0.5750686989105154,-0.16485302600521892,-0.13343257487282764,-0.7615296099677762,-0.5148249885371518,1,2,1,2,FNG2003,MAUDIR
FNG2006,9,2,102.29575400000022,32.4722,MAUDIR,1.645848974628044,0.5954722890046662,-3.9163545633809993,2.146866518661907,0.8256634711574118,2,4,2,4,FNG2006,MAUDIR
FNG2010,11,11,115.99308400000018,4.832,MAUDIR,-0.5589157640878456,-0.17973664428871478,1.069911554967913,-0.7709623564844424,-0.5676806449242215,3,1,3,1,FNG2010,MAUDIR
FNG2015,14,3,20.36441999999988,NA,MAUDIR,-0.12941783121018854,0.2710861577098928,0.0778801077882171,-0.8420874427674636,2.218655327151097,3,4,3,4,FNG2015,MAUDIR
FNG2004,12,12,51.31958599999962,5.656,MAUDIR,1.257923987770342,-0.2229640731065996,-0.3662908394774783,1.315818952425525,-0.4092862867320185,3,2,3,2,FNG2004,MAUDIR
FNG2029,14,6,6.876103999999941,NA,MAUDIR,-1.0937072354620538,-0.5803733936734504,0.4395360019654689,-0.8210427353621496,-0.48610889929659695,3,4,3,4,FNG2029,MAUDIR
FNG2009,8,6,72.91273799999999,NA,MAUDIR,0.9297481740326308,2.125122759869295,0.3694946318700814,0.07020729406467698,3.5423498229429713,2,3,2,3,FNG2009,MAUDIR
FNG2010,11,13,174.39232500000026,29.9764,MAUDIR,-2.174497680711008,-0.3499351052326844,4.240196655946969,-0.8923883362832354,-1.5932828020944758,3,1,3,1,FNG2010,MAUDIR
FNG2006,9,1,54.295696000000135,17.8069,MAUDIR,0.4414048086856234,0.581883205762245,0.27614448506347666,1.527102842344065,1.6767646661257627,2,4,2,4,FNG2006,MAUDIR
FNG2006,9,14,157.2721290000004,8.2082,MAUDIR,0.01763410575277918,0.5165691522033771,0.27431619599320506,0.5874489208302632,2.487863525686986,2,4,2,4,FNG2006,MAUDIR
FNG2005,1,15,145.83173499999992,17.0071,MAUDIR,-1.2837870636261186,-0.25600910565535034,1.2246217848816332,-1.032660867694687,-2.454367057083587,1,1,1,1,FNG2005,MAUDIR
FNG2031,2,4,129.221671,28.2725,MAUDIR,1.231933514663586,2.3367782041836676,0.23431036641586447,2.5572913978811367,0.02679497064495038,1,2,1,2,FNG2031,MAUDIR
FNG2028,1,4,81.04265899999996,33.6636,MAUDIR,0.1836014040206047,0.7020812097921502,0.522278932041024,-0.3667168484644589,-0.18932576731585823,1,1,1,1,FNG2028,MAUDIR
FNG2005,1,16,151.7109719999999,5.8639,MAUDIR,-0.6647001598375116,-0.3887277261313759,0.9183883409712498,-0.8646500200788131,-0.2764191313866875,1,1,1,1,FNG2005,MAUDIR
FNG2013,8,5,68.70148800000015,5.8239,MAUDIR,-1.7081837886528382,-0.5320898772919882,4.265757445961585,-0.947276895897535,-0.33886967436411974,2,3,2,3,FNG2013,MAUDIR
FNG2004,12,11,45.67351999999937,23.6239,MAUDIR,0.9830286797725568,-0.26874188106348523,-1.1016098569023374,1.9556220395664097,-0.27315277993667025,3,2,3,2,FNG2004,MAUDIR
FNG2024,11,7,69.3481370000004,37.7117,MAUDIR,1.5666263164369452,1.2462396421354067,0.07481622290939528,0.3076746183681051,2.2147473570974716,3,1,3,1,FNG2024,MAUDIR
FNG2026,14,11,87.31735099999969,18.1115,MAUDIR,-0.8526970196452132,1.1078210068066496,0.42742558141549614,-0.5064843842692898,-6.8234371336366e-4,3,4,3,4,FNG2026,MAUDIR
FNG2022,1,1,57.82373999999993,NA,MAUDIR,-0.0767329669953453,0.0908343433955161,-0.7941323779636463,0.08317020882616086,0.16417281083968127,1,1,1,1,FNG2022,MAUDIR
FNG2037,2,8,48.67485099999999,7.4954,MAUDIR,-0.4227166031900915,0.5369334707386931,0.6459778920839099,-0.14808074487869466,-0.20909180742311811,1,2,1,2,FNG2037,MAUDIR
FNG2001,14,4,60.38658700000087,14.0077,MAUDIR,-2.0779704611954086,-1.0771873275420492,0.6808225188323803,-2.466415144004084,-0.2181433559584722,3,4,3,4,FNG2001,MAUDIR
FNG2011,9,1,104.81360100000074,NA,MAUDIR,-0.04588750825624127,0.35977137260916087,-0.12087445766608802,0.00420657429596854,-0.22790458515996467,2,4,2,4,FNG2011,MAUDIR
FNG2007,8,7,53.144976999999926,14.7118,MAUDIR,-0.7986902439108773,1.0089964103142546,0.26904945698940835,-0.16513114658972197,-0.16377081977917518,2,3,2,3,FNG2007,MAUDIR
FNG2012,4,13,95.20869999999992,10.2966,MAUDIR,-1.1475915728659345,-0.7309888018813818,0.2407418429751647,-0.33153160928736986,-0.26953329090607125,1,4,1,4,FNG2012,MAUDIR
FNG2005,1,6,118.81724100000002,12.7522,MAUDIR,0.5701062802742705,0.5316191347591921,-0.5329725941931368,0.260634611402081,-0.3048215509799129,1,1,1,1,FNG2005,MAUDIR
FNG2022,1,3,115.11502099999996,42.6609,MAUDIR,0.5701067005669361,-0.827507142044537,-0.705469638633192,0.33211372751883034,-0.29665003458089684,1,1,1,1,FNG2022,MAUDIR
FNG2012,4,11,77.58769199999983,43.1356,MAUDIR,0.5701047072205863,-0.8180653588178876,-0.19335385577074568,-0.4213266795131751,-0.29924612542346724,1,4,1,4,FNG2012,MAUDIR
FNG2032,6,5,124.67661399999996,4.5919,MAUDIR,-0.07307718028450134,-0.3607245755676272,-0.07031646374680825,-0.12759857624153964,-0.3185403097741662,2,1,2,1,FNG2032,MAUDIR
FNG2020,6,6,71.64942400000018,16.6485,MAUDIR,0.5885725826243042,0.8719001135410526,-0.4747548300975065,0.46759627730208,-0.2272025647901434,2,1,2,1,FNG2020,MAUDIR
FNG2022,1,2,72.46363499999995,14.647,MAUDIR,-0.6018625745410188,-0.5850381134836633,0.00336762161460173,-0.28306790145491423,-0.31498052903448426,1,1,1,1,FNG2022,MAUDIR
FNG2020,6,4,122.46354500000008,13.6641,MAUDIR,1.4140816015532305,0.6987440711928806,-0.15273828130040543,0.9263419126995828,-0.34158679030090705,2,1,2,1,FNG2020,MAUDIR
FNG2021,2,4,57.710103,30.6157,MAUDIR,-1.2972085243193,-0.8515924640039438,0.16401310650413,-0.28966557346383226,-0.1809030179144802,1,2,1,2,FNG2021,MAUDIR
FNG2030,13,7,53.99119900000005,11.3524,MAUDIR,-0.2079515396788667,-0.860586909886979,0.2102585742319491,0.3787099618377688,-0.3433216817646094,3,3,3,3,FNG2030,MAUDIR
FNG2001,14,17,155.81279300000097,39.784,MAUDIR,1.2013792778606196,-1.0644592662624237,-1.6282722189780985,0.9445512343495216,-0.17183583668086286,3,4,3,4,FNG2001,MAUDIR
FNG2005,1,9,30.128993999999977,5.0086,MAUDIR,-1.2986063838967543,-0.784765086875709,0.686220694697072,-0.17543860616569815,-0.6103852333569311,1,1,1,1,FNG2005,MAUDIR
FNG2029,14,11,108.50673000000006,4.0716,MAUDIR,-1.891520462595312,-0.3148311269515463,1.0695320597634077,-0.33299715623939224,-0.5819002004983499,3,4,3,4,FNG2029,MAUDIR
FNG2010,11,5,21.41668699999991,8.4557,MAUDIR,-0.5969436981098686,-1.0517215642320754,-0.742796377345049,-0.22647238014090676,-0.4672413305271327,3,1,3,1,FNG2010,MAUDIR
FNG2029,4,13,10.60601500000007,2.5509,DISTRAIRE,-0.1657150960801171,-0.6276596315647058,0.783705325093377,-0.6054079854278136,-0.4512273757072171,1,4,1,4,FNG2029,DISTRAIRE
FNG2036,2,6,65.86999800000001,7.6881,DISTRAIRE,-0.18057174522326133,-0.4911296339746612,0.7296446070559014,-0.788293213081163,-0.6806170456127894,1,2,1,2,FNG2036,DISTRAIRE
FNG2017,14,1,83.15561799999978,13.6072,DISTRAIRE,-0.10200762488577196,-0.5505917865262703,0.01288056197393576,-0.711037785589668,-0.05533901397570483,3,4,3,4,FNG2017,DISTRAIRE
FNG2007,1,6,20.918772999999987,7.0235,DISTRAIRE,-0.15433192771983203,-0.5349219943837357,1.2215111879944822,-0.7251175951594913,-0.7484332144350232,1,1,1,1,FNG2007,DISTRAIRE
FNG2029,4,16,22.73084600000016,3.7279,DISTRAIRE,-0.10220664145383876,-0.5364096235675042,-0.9480216217146809,1.5799100945228972,-0.10523707044009538,1,4,1,4,FNG2029,DISTRAIRE
FNG2028,11,7,97.83083799999986,3.8238,DISTRAIRE,-1.698607390472195,-0.5266508425289325,1.265153273302855,-0.712153180904052,-0.9633744599268148,3,1,3,1,FNG2028,DISTRAIRE
FNG2006,6,2,24.000002000000222,7.6569,DISTRAIRE,-0.13347113961403706,-0.526388808040357,0.10651665184297918,0.5812430157553111,0.417383118611001,2,1,2,1,FNG2006,DISTRAIRE
FNG2012,12,1,8.92480599999999,1.864,DISTRAIRE,-2.097132665572449,-1.421032854252848,1.748732253999978,-0.6658633180812676,-0.8931584640569563,3,2,3,2,FNG2012,DISTRAIRE
FNG2029,4,22,96.36633800000004,5.8794,DISTRAIRE,1.090687622624343,0.6671848816418615,-0.5610940095979579,2.74509032545014,0.34189198733834847,1,4,1,4,FNG2029,DISTRAIRE
FNG2027,3,12,143.08011399999987,9.9829,DISTRAIRE,-1.62815385904363,0.6592730091325841,1.3500752400504183,-0.5733030313714099,-0.8087187554721466,1,3,1,3,FNG2027,DISTRAIRE
FNG2031,8,2,97.76500799999984,18.2394,DISTRAIRE,-0.5758478249969109,-1.3121629478084942,1.2208873264477809,-0.6995930497226114,-0.5926090647096612,2,3,2,3,FNG2031,DISTRAIRE
FNG2007,1,2,11.941695000000038,2.8073,DISTRAIRE,-0.8886805141270008,0.6526005325122595,1.3461389060329785,-0.5697053585441779,1.0962771394737545,1,1,1,1,FNG2007,DISTRAIRE
FNG2021,14,2,35.44056700000056,7.9357,DISTRAIRE,0.46209858330456394,0.7344630686251645,0.22188868223008312,-0.23983732453551188,0.6109898299016346,3,4,3,4,FNG2021,DISTRAIRE
FNG2034,11,5,25.260565000000497,3.2162,DISTRAIRE,-0.9002256438459963,-1.3367658364074433,1.0945757612110805,-0.6288922616956647,-0.6964974713599027,3,1,3,1,FNG2034,DISTRAIRE
FNG2007,1,4,6.378903000000037,2.0564,DISTRAIRE,-1.7223555847656544,-1.3416210414936678,1.1745823016770462,-0.621674774532321,-0.7424501454503788,1,1,1,1,FNG2007,DISTRAIRE
FNG2013,7,6,8.259898999999677,NA,DISTRAIRE,-0.9075655011237224,-0.5036610484023117,1.0160157096302196,-0.5064343225537117,0.989525688539676,2,2,2,2,FNG2013,DISTRAIRE
FNG2009,6,3,56.21032699999978,4.4001,DISTRAIRE,1.5744243735463308,-0.4960405191996285,-2.9792399602171957,2.5034097135404623,-0.9028003405260064,2,1,2,1,FNG2009,DISTRAIRE
FNG2009,6,6,10.759050000000116,NA,DISTRAIRE,0.7434657391674051,0.46957182328650904,0.1603794780451298,-0.28170175934039177,1.1930359300103388,2,1,2,1,FNG2009,DISTRAIRE
FNG2026,7,13,150.1945679999999,17.4641,DISTRAIRE,0.3918611018332247,2.229251459286693,0.7211016333895474,-0.4583878289134653,-0.5745912371529802,2,2,2,2,FNG2026,DISTRAIRE
FNG2007,1,9,58.79239899999999,7.2885,DISTRAIRE,-0.1934322079744701,0.6758323439983577,0.8440472709990217,-0.3103925788105254,-0.5647295896904783,1,1,1,1,FNG2007,DISTRAIRE
FNG2012,12,10,45.39275100000032,4.3361,DISTRAIRE,0.1331084333510131,-0.5036413767487534,0.0798900522200562,-0.34486905939488816,-0.4486031257043812,3,2,3,2,FNG2012,DISTRAIRE
FNG2037,3,7,27.24764099999993,2.5597,DISTRAIRE,0.5721910826112013,-1.1656605083256768,-0.4271472541886013,0.07735314270291598,-0.14515756592054624,1,3,1,3,FNG2037,DISTRAIRE
FNG2028,11,3,38.98907799999961,3.1681,DISTRAIRE,0.5648154300849018,-1.0490665656938385,-0.1305479864449453,-0.14005661165201497,0.7620015195453697,3,1,3,1,FNG2028,DISTRAIRE
FNG2034,11,12,100.40146200000072,5.2081,DISTRAIRE,0.5634799745654456,-0.4595791669746509,-0.6676911168141295,0.475083387863083,0.09422422932580386,3,1,3,1,FNG2034,DISTRAIRE
FNG2007,1,3,4.313671999999997,NA,DISTRAIRE,0.5412141473683895,-0.9422443542805692,-0.13428166881345388,0.03102162748184992,0.5087155663038071,1,1,1,1,FNG2007,DISTRAIRE
FNG2020,4,4,31.92747499999996,7.633,DISTRAIRE,-1.1147876851415657,-0.9076866889458182,0.29254019072207166,-0.17616337611565747,-0.04469005414765346,1,4,1,4,FNG2020,DISTRAIRE
FNG2020,4,5,43.05296799999997,11.1199,DISTRAIRE,-1.7446610678730936,0.6649490708429593,0.3488113186908303,-0.26999777274702885,-0.4277571949772993,1,4,1,4,FNG2020,DISTRAIRE
FNG2037,3,11,111.51831499999992,2.0402,DISTRAIRE,0.5878412963455748,-0.9696916330704064,-0.8917637009012624,0.5916064039828733,0.3692789048657881,1,3,1,3,FNG2037,DISTRAIRE
FNG2037,3,4,44.302416,7.888,DISTRAIRE,0.5906847151210973,-0.7655925175068927,-0.6151554294489274,0.8943628050239811,0.8491170109852005,1,3,1,3,FNG2037,DISTRAIRE
FNG2029,4,17,27.97716000000014,5.2234,DISTRAIRE,-0.8913897933092814,-0.49358514457700314,-0.5613425368238868,0.04381642812724444,-0.6485632115670098,1,4,1,4,FNG2029,DISTRAIRE
FNG2009,6,14,175.50941299999977,13.3582,DISTRAIRE,-0.1827811542412996,1.0206613540933445,0.04539741530085625,-0.26769460759636343,-0.6956735453309076,2,1,2,1,FNG2009,DISTRAIRE
FNG2037,3,10,109.48639400000002,21.2318,DISTRAIRE,0.5809810734589153,-1.086711022190103,-0.5084461588032183,-0.09449024709380134,0.9901620085273288,1,3,1,3,FNG2037,DISTRAIRE
FNG2007,1,5,13.890332999999998,1.9837,DISTRAIRE,1.8417593436683144,0.6499964810032136,-3.85335527357634,2.5884334612992848,-0.4332344048958101,1,1,1,1,FNG2007,DISTRAIRE
FNG2004,2,14,104.84380400000008,9.6959,DISTRAIRE,-0.17588766832375283,-0.6122029092983297,-0.6343705164381904,0.08064143202982127,0.4886115306553769,1,2,1,2,FNG2004,DISTRAIRE
FNG2011,1,17,122.230048,16.6566,DISTRAIRE,-0.18967460900711772,-1.1210873060160378,0.1633931210839752,-0.34955172080977537,-0.808533754385713,1,1,1,1,FNG2011,DISTRAIRE
FNG2036,2,9,124.0130160000001,10.0566,DISTRAIRE,1.2724865363398234,0.7526763111336242,-0.5012520303880897,0.11425511672379234,0.7625827572845885,1,2,1,2,FNG2036,DISTRAIRE
FNG2024,6,8,32.676930000000084,12.9365,DISTRAIRE,0.19531782430180755,1.3690604345641622,-0.5868183004497354,-0.24113048645671784,0.7624273890169009,2,1,2,1,FNG2024,DISTRAIRE
FNG2028,11,6,77.59512399999994,5.5438,DISTRAIRE,-0.6025499522262424,0.6218540910715984,0.874469693622448,-0.4396290327068985,-0.488934939583301,3,1,3,1,FNG2028,DISTRAIRE
FNG2030,7,13,159.25673800000027,5.4793,DISTRAIRE,-0.9863195390978928,1.478959657549695,0.15507129644955464,-0.30082446331731094,-0.7416602534866409,2,2,2,2,FNG2030,DISTRAIRE
FNG2026,7,5,83.00837599999977,9.5999,DISTRAIRE,-2.0053640454788733,-0.6158903286075011,0.5342765331623021,-0.19366083512639695,-0.8141669951457616,2,2,2,2,FNG2026,DISTRAIRE
FNG2001,4,1,16.322058000000197,NA,DISTRAIRE,-1.3381365400625207,-1.1701975714989132,0.4656602400640177,-0.3659535414398418,-0.8349348696902339,1,4,1,4,FNG2001,DISTRAIRE
FNG2003,14,3,112.19584300000132,64.8694,DISTRAIRE,-0.7232416652609973,0.7695189374502592,-0.2471669945012264,-0.19383169851325047,-0.4363504906115772,3,4,3,4,FNG2003,DISTRAIRE
FNG2026,7,1,16.45512299999973,7.2158,DISTRAIRE,-1.317335947205387,1.4380511230644992,0.9198244388054048,-0.6251759351316212,2.8585758632582574,2,2,2,2,FNG2026,DISTRAIRE
FNG2026,7,10,115.135847,9.2797,DISTRAIRE,-0.3029310915118099,1.3987544802402858,0.4622123484528485,-0.743947247723541,-0.8507046399227922,2,2,2,2,FNG2026,DISTRAIRE
FNG2006,6,3,67.33661000000029,8.2884,DISTRAIRE,-1.328541560235097,-0.5853699105860752,0.4065565192084661,-0.2350366172904875,-0.7128858909292071,2,1,2,1,FNG2006,DISTRAIRE
FNG2015,7,9,28.43025200000011,6.4642,DISTRAIRE,-1.3225523884574697,0.7352289143141987,0.41301903322236966,-0.6614539832601877,-0.8054457376397112,2,2,2,2,FNG2015,DISTRAIRE
FNG2037,3,2,22.58422699999994,4.2086,DISTRAIRE,1.4460518967103244,0.741425791606712,-1.337713782460432,2.3729741805550137,0.2829381679021679,1,3,1,3,FNG2037,DISTRAIRE
FNG2036,2,5,58.19198800000004,5.2799,DISTRAIRE,0.19924022142482675,0.7120280634637836,-0.2723392220397322,0.2532084614096225,-0.14783687706020682,1,2,1,2,FNG2036,DISTRAIRE
FNG2019,6,5,93.66819699999996,29.6076,DISTRAIRE,0.19924022836177577,-1.406209661300614,-0.4937023039577874,-0.2725994884756327,-0.00200093307640315,2,1,2,1,FNG2019,DISTRAIRE
FNG2024,6,9,79.12511399999994,12.1279,DISTRAIRE,0.19924021592585928,-0.4985339990318272,0.04461442005852764,0.10164803033000544,0.17484270331193028,2,1,2,1,FNG2024,DISTRAIRE
FNG2029,4,4,85.39603899999997,9.2713,DISTRAIRE,-1.2288107568742233,-0.48412616873085385,0.4383799395981779,-0.5873031852360684,-0.0042407956778683,1,4,1,4,FNG2029,DISTRAIRE
FNG2024,6,6,10.409332999999831,NA,DISTRAIRE,0.5828611909069389,-0.4561601013649704,0.13876426861831667,-0.156521249748233,-0.09072660121013706,2,1,2,1,FNG2024,DISTRAIRE
FNG2005,9,1,12.940996999999696,NA,DISTRAIRE,2.0690023195328933,0.9245616351739824,-4.008288609379281,1.886018219145029,-0.46404708077533746,2,4,2,4,FNG2005,DISTRAIRE
FNG2034,11,7,62.34494300000006,13.2877,DISTRAIRE,-0.8192946930323836,-1.0778022265155442,0.7384887452687353,-0.956291335892468,-0.4669784703106723,3,1,3,1,FNG2034,DISTRAIRE
FNG2023,6,3,24.88275900000008,12.3586,DISTRAIRE,-0.4255458150185463,0.7014795746673593,0.532162546220168,-0.8579311339761688,-0.35958552755386874,2,1,2,1,FNG2023,DISTRAIRE
FNG2026,7,2,26.63130799999999,10.1759,DISTRAIRE,-1.1832618543910578,-0.8929857370914488,1.2254871934109053,-1.0891733804662576,-0.33829709352663156,2,2,2,2,FNG2026,DISTRAIRE
FNG2026,7,3,32.29399299999977,5.6557,DISTRAIRE,0.5342790397633861,0.6919818839947391,-0.3544022404852178,-0.27341596144005037,-0.20230107723945784,2,2,2,2,FNG2026,DISTRAIRE
FNG2004,2,3,67.90284200000019,10.1759,DISTRAIRE,-0.4186229157659382,-0.8956808499304324,-0.4153762565207095,-0.4004236344978077,-0.509765576416352,1,2,1,2,FNG2004,DISTRAIRE
FNG2005,9,5,156.52247399999987,8.1193,DISTRAIRE,1.2453887350745765,-0.8662279043054177,-0.7283160989767058,1.0714842601995525,-0.16543029971953394,2,4,2,4,FNG2005,DISTRAIRE
FNG2036,2,8,113.95333000000004,16.288,DISTRAIRE,-0.4323068317272741,-0.8669034989711182,0.821569685835249,-1.0141644684107969,-0.28738549686409437,1,2,1,2,FNG2036,DISTRAIRE
FNG2037,3,12,116.46319899999992,4.9441,DISTRAIRE,1.872276430234743,-0.6007424897480523,-0.4656668505979708,2.280078320186953,3.6753142021710374,1,3,1,3,FNG2037,DISTRAIRE
FNG2037,3,8,49.93181900000002,5.616,DISTRAIRE,1.5574346892590092,0.9138164563379708,-0.21406403778583333,-0.19987329105283383,1.783476429941547,1,3,1,3,FNG2037,DISTRAIRE
FNG2029,4,20,65.15279899999996,10.9432,DISTRAIRE,-0.4254889509895177,-0.911167341455114,-0.0578879172157077,-0.5519664013330104,-0.6213263212022233,1,4,1,4,FNG2029,DISTRAIRE
FNG2006,6,4,134.04038000000037,15.3429,DISTRAIRE,0.911156621650234,-0.6058997988796826,0.068342822535613107,-0.6302171565032272,-0.3965194833294869,2,1,2,1,FNG2006,DISTRAIRE
FNG2036,2,10,131.57441500000004,7.552,DISTRAIRE,2.258793632122573,-0.7399599881161181,-0.0728050718940093,3.6308326508485127,-0.19709859256018328,1,2,1,2,FNG2036,DISTRAIRE
FNG2004,2,5,170.60997799999996,5.232,DISTRAIRE,-0.4253536849915665,-0.6261485426219539,-0.05836986989625482,-0.31289191727403237,-0.4539704029767285,1,2,1,2,FNG2004,DISTRAIRE
FNG2003,14,1,29.029923000000053,NA,DISTRAIRE,-0.4254119672645981,-0.7748707167021238,0.24324747552147571,-0.6718450918244798,-0.7758032916200507,3,4,3,4,FNG2003,DISTRAIRE
FNG2006,6,13,95.43383100000028,5.8076,DISTRAIRE,1.4182734463703783,-0.5942640176458749,-0.5938135562266003,2.1675714087513467,2.1689211310640415,2,1,2,1,FNG2006,DISTRAIRE
FNG2021,14,4,71.66551999999956,16.4958,DISTRAIRE,0.48679788068620583,-0.4531415796381417,-0.27364617755124854,-0.25269962025761106,-0.12675533424757873,3,4,3,4,FNG2021,DISTRAIRE
FNG2004,2,12,17.521146999999928,NA,DISTRAIRE,-0.12911308517563302,-1.0170232428686747,-3.377345767347214,0.3244214980332178,-0.2734105210368788,1,2,1,2,FNG2004,DISTRAIRE
FNG2007,1,11,106.126122,9.9672,DISTRAIRE,-0.11631768611382928,-0.39643719784819814,0.6169049365035745,-0.998908928884952,-0.8072246070932227,1,1,1,1,FNG2007,DISTRAIRE
FNG2027,3,6,48.84693799999991,20.2135,DISTRAIRE,-0.14306494635886835,1.875630954057561,0.6893515552426638,-0.8866509279746293,-0.8480744736194304,1,3,1,3,FNG2027,DISTRAIRE
FNG2029,4,6,119.1170360000001,4.2961,DISTRAIRE,0.4867978783547179,-1.112161701759163,-0.30990476807012746,-0.06151031666139552,0.233617749652321,1,4,1,4,FNG2029,DISTRAIRE
FNG2015,7,5,128.40586200000007,4.752,DISTRAIRE,-0.10156970855848466,0.8305707224776161,0.1538010028997648,-0.6649131721679586,0.2219359254403733,2,2,2,2,FNG2015,DISTRAIRE
FNG2024,6,12,159.2019620000001,25.5917,DISTRAIRE,-0.15445953878572194,0.8286875799274176,0.448049252721134,-0.6443139417306046,-0.22570813093460396,2,1,2,1,FNG2024,DISTRAIRE
FNG2018,1,5,59.19043099999999,3.4485,SEXCUSER,-0.00279624947403844,-1.6041806550282518,0.5429469037599159,-0.6527653737161294,-0.6020566638388218,1,1,1,1,FNG2018,SEXCUSER
FNG2032,7,19,113.460278999999,16.1439,SEXCUSER,-1.7674275824466492,-0.05126473681796054,0.9455883326292882,-0.7709740655225796,-0.6021393448085477,2,2,2,2,FNG2032,SEXCUSER
FNG2029,6,1,11.308702999999696,2.8247,SEXCUSER,-1.6714601797849382,-1.148996711191311,0.10168957091853026,-0.736790769890653,-0.46336534541568514,2,1,2,1,FNG2029,SEXCUSER
FNG2011,8,11,158.22288399999888,29.4378,SEXCUSER,-1.69980061040717,-0.08349699738295115,0.3073277729300045,-0.7021507338285466,-0.3275092538394341,2,3,2,3,FNG2011,SEXCUSER
FNG2015,1,13,122.74801199999996,10.343,SEXCUSER,-0.8545991969784428,0.9206070432277088,0.3183041356082981,-0.7442864218922443,-0.584355080712841,1,1,1,1,FNG2015,SEXCUSER
FNG2007,9,17,124.24530099999949,7.4708,SEXCUSER,0.02354201304019737,-0.20837636703432377,0.893991894711452,-0.7241871447812548,-1.732467759778445,2,4,2,4,FNG2007,SEXCUSER
FNG2012,8,10,171.9126729999998,7.2475,SEXCUSER,-3.4136721594321013,-0.7989411818025313,1.1853454653921702,-0.7879727460325603,-1.2650247381611877,2,3,2,3,FNG2012,SEXCUSER
FNG2028,12,13,132.2731450000001,17.4151,SEXCUSER,-3.39428902409082,0.9772661882664316,0.3218390936989073,-0.8356641519351097,0.5614380735328156,3,2,3,2,FNG2028,SEXCUSER
FNG2006,14,12,139.33036999999968,15.1123,SEXCUSER,0.445915828053201,1.49742728400867,0.00640330919118137,-0.7904287736911294,1.2732774563300422,3,4,3,4,FNG2006,SEXCUSER
FNG2001,12,3,109.99837600000046,8.9834,SEXCUSER,-0.04165029530161014,-0.24331617567733452,0.5820735554165045,-0.9717797408379124,-1.4248054455135066,3,2,3,2,FNG2001,SEXCUSER
FNG2034,13,10,152.09681100000034,23.768,SEXCUSER,0.6407428938902391,0.88985766129319,-0.0626650172851834,-0.6558142114364383,2.0898101434697978,3,3,3,3,FNG2034,SEXCUSER
FNG2005,2,13,136.7048380000001,21.8151,SEXCUSER,0.0963753259612411,0.6855473268613292,0.7566290623753839,-0.9628711638754872,-1.4350004044431748,1,2,1,2,FNG2005,SEXCUSER
FNG2010,6,9,68.06041199999981,10.3833,SEXCUSER,0.12050794188371264,-0.504381429744058,0.7733057291849283,-0.9763991488474691,0.02748163907018248,2,1,2,1,FNG2010,SEXCUSER
FNG2005,2,6,26.83133300000009,7.3525,SEXCUSER,0.30701242102649823,0.5639019748594902,0.41297335504088933,-1.026197026523828,0.06987007282296391,1,2,1,2,FNG2005,SEXCUSER
FNG2017,11,16,165.36581399999977,17.8712,SEXCUSER,0.8249317979245108,2.149512573696565,-0.5760116967596995,0.650587561180966,2.6190042905200164,3,1,3,1,FNG2017,SEXCUSER
FNG2010,6,1,94.28746699999988,26.2097,SEXCUSER,0.6788573208280844,-0.12246082932812394,0.2488036687268028,-0.8562636982521586,0.1859248994871446,2,1,2,1,FNG2010,SEXCUSER
FNG2006,14,8,84.1519359999993,17.2948,SEXCUSER,0.9768892940138107,0.45831864329426014,-1.0443239060649427,1.2822512857160715,0.14798828125430843,3,4,3,4,FNG2006,SEXCUSER
FNG2034,13,6,38.15229900000031,19.087,SEXCUSER,-0.00314628861268664,0.6007839101338105,1.1373534262044558,-1.0100817423538466,-0.05754813747374483,3,3,3,3,FNG2034,SEXCUSER
FNG2006,14,7,66.86939400000028,9.2559,SEXCUSER,0.12796738866276086,0.07499909997128733,0.7759192600848563,-1.0107044871925897,-0.0404380345032071,3,4,3,4,FNG2006,SEXCUSER
FNG2017,11,9,51.02179100000012,8.0634,SEXCUSER,0.4775800452282746,0.02163532643895422,-0.9622779673272018,-0.7891914328988329,0.1900786168711112,3,1,3,1,FNG2017,SEXCUSER
FNG2014,2,2,172.25843400000008,38.3989,SEXCUSER,0.6455995540626994,3.3437450839883005,0.0691023126764424,-0.7435435956699716,0.22039358515830704,1,2,1,2,FNG2014,SEXCUSER
FNG2029,6,3,39.52220699999998,3.1995,SEXCUSER,-0.01050597715661027,-0.5427950001145818,1.0572006822071105,-0.8018721290381953,-0.08565069472896111,2,1,2,1,FNG2029,SEXCUSER
FNG2034,13,2,162.4716610000005,10.3674,SEXCUSER,0.802910712454126,0.516740835312444,-2.173419656476137,0.5384634426763041,0.2153020113249368,3,3,3,3,FNG2034,SEXCUSER
FNG2037,9,6,48.99806499999977,16.0951,SEXCUSER,0.6782691836560832,0.8008770767635182,-1.3901456824753426,0.42461864840816177,0.06472107267694653,2,4,2,4,FNG2037,SEXCUSER
FNG2001,12,7,52.397102000000814,17.5437,SEXCUSER,0.08719189531498552,-0.30688459794457107,0.7676663237441723,-0.33545985783685994,-0.03660067976073422,3,2,3,2,FNG2001,SEXCUSER
FNG2017,11,7,23.712391000000025,9.1674,SEXCUSER,1.097714109540003,0.6256364241601424,-0.7868283362561732,1.4549253965794515,0.06638068577570687,3,1,3,1,FNG2017,SEXCUSER
FNG2029,6,7,118.92852999999968,11.792,SEXCUSER,0.4822644390300207,0.544688825688148,0.1424669515050346,0.01614851110215269,-0.05044561815506614,2,1,2,1,FNG2029,SEXCUSER
FNG2015,1,9,23.26717300000001,7.9518,SEXCUSER,0.18141486124860948,0.62544541761513,0.34832124667082126,-0.1423224031610798,0.05582494974008963,1,1,1,1,FNG2015,SEXCUSER
FNG2011,8,7,94.34860500000012,21.5126,SEXCUSER,-0.11423702679726858,-0.16712724051781272,1.6791241898533436,-0.15839419462179904,-0.13221669455567087,2,3,2,3,FNG2011,SEXCUSER
FNG2012,8,1,7.158355000000029,NA,SEXCUSER,-0.11797697431071669,-1.3083658239403908,1.0895440101665717,-0.07529854177567664,-0.06867277289167227,2,3,2,3,FNG2012,SEXCUSER
FNG2013,1,3,96.489668,24.4952,SEXCUSER,0.03105597180915049,-2.0217710680458714,0.5676043028902434,0.11306909244831428,-0.14739049141152663,1,1,1,1,FNG2013,SEXCUSER
FNG2011,8,2,16.15545899999961,4.6746,SEXCUSER,0.2722649548017737,-0.881282200939312,1.3775380978507137,-0.08399000108609875,-0.11714350071205008,2,3,2,3,FNG2011,SEXCUSER
FNG2024,13,3,171.92872699999998,30.7996,SEXCUSER,0.13733940549302473,0.5682317245718373,-0.14965018537978458,-0.14146211624110133,-0.05149184147806342,3,3,3,3,FNG2024,SEXCUSER
FNG2012,8,2,15.617396999999984,4.6724,SEXCUSER,-0.3407310971903169,-0.6522834735547306,0.00668172354437557,0.05377458011554157,0.01068884768903685,2,3,2,3,FNG2012,SEXCUSER
FNG2006,14,4,36.60702399999991,6.3999,SEXCUSER,-0.04170374246914753,-1.0809631566735838,2.0376692073594187,-0.01421650602982577,-1.411528937391238,3,4,3,4,FNG2006,SEXCUSER
FNG2037,9,7,91.2995380000002,17.6322,SEXCUSER,0.5777253870711397,-0.23460468027732123,-0.45658742212956543,0.2160253845111156,0.8056847553845979,2,4,2,4,FNG2037,SEXCUSER
FNG2030,14,7,77.8321219999998,30.5594,SEXCUSER,-0.4848977200615616,0.33221008464451696,-0.20694860968294077,0.04747222800227999,-0.05064039221892615,3,4,3,4,FNG2030,SEXCUSER
FNG2006,14,9,96.6266429999996,12.4473,SEXCUSER,0.7797918953246155,0.596126721550855,-1.1314518349433709,1.1881358619613596,1.6186504960339394,3,4,3,4,FNG2006,SEXCUSER
FNG2017,11,13,116.72931700000026,31.2876,SEXCUSER,-1.214939434066248,-0.33964735772678706,-0.7600826880499681,0.23744890816141775,0.00824229165832533,3,1,3,1,FNG2017,SEXCUSER
FNG2004,1,1,42.36669799999993,24.1614,SEXCUSER,-1.2149892197258032,-0.5975936100250839,-1.4335676957153558,0.5844934939929985,-0.02093649716279036,1,1,1,1,FNG2004,SEXCUSER
FNG2031,6,3,17.521209,5.2873,SEXCUSER,-1.1102104634342849,-0.05116705414241821,-0.46588042680393493,0.26607259611155865,-0.28449710851481624,2,1,2,1,FNG2031,SEXCUSER
FNG2006,14,2,27.14692399999967,12.4231,SEXCUSER,-0.13788823537579145,-1.0378050155198464,-0.23594043391145111,0.13057729830304696,-0.30449500724909107,3,4,3,4,FNG2006,SEXCUSER
FNG2012,8,9,148.41486699999996,25.6552,SEXCUSER,0.17522238689660807,-0.3053034588609607,0.2536042759865953,0.11743132899107964,0.4516664405764016,2,3,2,3,FNG2012,SEXCUSER
FNG2010,6,11,156.08401700000013,45.7603,SEXCUSER,0.0430924824143804,-0.32294972562355123,0.7268334344487126,0.17004714376054902,-0.3508751244591538,2,1,2,1,FNG2010,SEXCUSER
FNG2037,9,5,155.5177960000001,3.5368,SEXCUSER,0.14256140699165495,-1.1293684432756816,-0.02846914564523198,0.10693154438771976,0.1005685924043663,2,4,2,4,FNG2037,SEXCUSER
FNG2005,2,3,81.50993600000004,14.0396,SEXCUSER,-0.09789830889583231,-0.6090228337784693,1.0014676526948365,-0.0266207266093372,-2.280979400427342,1,2,1,2,FNG2005,SEXCUSER
FNG2009,2,8,15.722257000000011,NA,SEXCUSER,0.5648038316124397,-0.6864446187921626,-0.5788752662595461,1.4662759562590195,0.4090663413414511,1,2,1,2,FNG2009,SEXCUSER
FNG2027,14,5,58.204358999999386,8.9988,SEXCUSER,1.1600673048909282,-0.6963674528821291,-1.7617242203962082,3.0353581299223396,1.3377252270604405,3,4,3,4,FNG2027,SEXCUSER
FNG2018,1,2,36.82725799999997,15.1497,SEXCUSER,0.15822094195479144,-0.41835787677188085,0.1902381941941323,-1.0009562463456925,-1.073396409967074,1,1,1,1,FNG2018,SEXCUSER
FNG2020,1,6,68.932662,9.4165,SEXCUSER,0.15829117166612777,-0.7256264378025898,0.7300261142494134,-1.0069088200762142,-1.413143988250551,1,1,1,1,FNG2020,SEXCUSER
FNG2006,14,5,42.486275999999634,5.8797,SEXCUSER,0.16070662184428283,-0.7660935035258952,0.8391075524626874,-0.9384786175279752,-1.3722894348900274,3,4,3,4,FNG2006,SEXCUSER
FNG2014,2,1,133.84251800000004,NA,SEXCUSER,1.475091210874337,4.404978777443281,-1.9347294739788896,1.0973857257080613,1.4318401376548968,1,2,1,2,FNG2014,SEXCUSER
FNG2009,2,13,123.66277200000002,10.1043,SEXCUSER,1.7346427999144456,0.02677778077679372,-2.858713388169076,1.7779784073127436,2.0461311697848257,1,2,1,2,FNG2009,SEXCUSER
FNG2022,12,8,91.57909999999993,22.0479,SEXCUSER,0.18570155412590184,-0.12789203634761023,0.29368592116936315,-0.48906434558413303,0.8040610487146079,3,2,3,2,FNG2022,SEXCUSER
FNG2013,1,13,163.02902899999998,10.3589,SEXCUSER,1.3732674119879376,-0.5984284714604498,-0.7602319682982973,0.7090742714193448,0.8444711318833015,1,1,1,1,FNG2013,SEXCUSER
FNG2018,1,7,153.468905,51.7904,SEXCUSER,-0.5708635707589552,-1.6589743246668625,0.5640743276673182,-0.27062652438104207,0.10177940213219404,1,1,1,1,FNG2018,SEXCUSER
FNG2031,6,1,28.113875000000007,10.5759,SEXCUSER,-1.122692377371707,0.01048865457843912,0.5641915764072339,-0.6872422072976969,-0.43240613661240607,2,1,2,1,FNG2031,SEXCUSER
FNG2032,7,4,172.68291899999986,29.207,SEXCUSER,0.4933899025938942,0.8212242988967856,-0.4556921180930714,-0.5992650923414089,-1.2886723089173822,2,2,2,2,FNG2032,SEXCUSER
FNG2022,9,2,114.20448299999998,14.5278,INVENTER,0.7846492630733078,0.05892318563170629,-2.713925281039636,-0.07971663723159356,-0.05625181497127208,2,4,2,4,FNG2022,INVENTER
FNG2029,7,8,89.20310500000005,8.6716,INVENTER,-0.25788704082240066,-1.547286128718795,0.12798552454433149,-0.6185335871224853,-0.3712470417593795,2,2,2,2,FNG2029,INVENTER
FNG2009,11,7,144.1797999999999,3.168,INVENTER,-1.1182438021722854,-0.4536195288680469,0.4642240551283367,-0.8746568710382193,0.06167767458102878,3,1,3,1,FNG2009,INVENTER
FNG2017,3,24,117.20700399999988,19.2555,INVENTER,-1.1422029764228911,-0.5830266375504968,0.3245685729817755,-0.33683351738981016,0.03928953406963072,1,3,1,3,FNG2017,INVENTER
FNG2005,14,11,141.45146699999987,6.4164,INVENTER,-0.25194420644901133,0.7971771974913953,-0.02293877621029129,-0.3698441832407126,-0.3815951435142978,3,4,3,4,FNG2005,INVENTER
FNG2010,9,8,31.8252209999996,3.032,INVENTER,1.082043871026135,-2.382779442798291,-2.8903093632605996,-0.04025544621715415,0.01666867322510872,2,4,2,4,FNG2010,INVENTER
FNG2032,12,7,151.82035000000087,3.4802,INVENTER,0.39688939023534514,-0.6463293610592212,-0.2847072906734528,0.22707266855849975,-0.3991572028022527,3,2,3,2,FNG2032,INVENTER
FNG2010,9,11,87.44225299999971,3.1037,INVENTER,-1.1629252766939484,-0.5979140521295131,0.5008648385657518,-0.6222651325598583,0.04094487293472785,2,4,2,4,FNG2010,INVENTER
FNG2017,3,20,35.24945399999979,8.2954,INVENTER,-1.1283347729658098,0.2983113942321701,0.5912568211265746,-0.8344215300909401,-0.47637134875687626,1,3,1,3,FNG2017,INVENTER
FNG2030,4,1,4.680088999999953,NA,INVENTER,-1.1510320498798698,-0.5890445083657413,0.7691181489710284,-0.3471542102605618,-0.25101893154729404,1,4,1,4,FNG2030,INVENTER
FNG2034,9,7,119.0878899999998,41.0848,INVENTER,1.1123686246220317,3.5960065430852772,-2.7815865198895726,2.4482684611139836,3.0832722518114477,2,4,2,4,FNG2034,INVENTER
FNG2019,12,9,27.720228000000137,4.193,INVENTER,-1.1895726814209098,1.1558475551177338,0.74916987574831,-0.5621473918943888,-0.2708840649299825,3,2,3,2,FNG2019,INVENTER
FNG2012,13,10,78.32834700000012,8.761,INVENTER,-1.1643047865624412,-0.2617732069712471,0.43104804721798967,-0.5632941962551621,-0.23910694994109177,3,3,3,3,FNG2012,INVENTER
FNG2021,9,3,66.42077400000016,13.7357,INVENTER,-0.2712645964210095,0.9544017940653056,0.1336973148386286,-0.5964307471711756,-0.24577322882432745,2,4,2,4,FNG2021,INVENTER
FNG2013,14,19,118.48441700000058,38.3425,INVENTER,-1.0955750563395883,-0.2715575290868054,0.3085824566546513,-0.5827376385077834,-0.5063103668639448,3,4,3,4,FNG2013,INVENTER
FNG2006,11,1,35.373711000000185,NA,INVENTER,1.792159359572003,1.7774223342795497,-0.14282359477642345,2.104953350986565,3.524131181532558,3,1,3,1,FNG2006,INVENTER
FNG2032,12,22,27.10845800000061,2.5115,INVENTER,-1.1393924172385712,-1.5428691852664804,0.4572995259357645,-0.6427544813614465,-0.2825378619601494,3,2,3,2,FNG2032,INVENTER
FNG2015,2,5,96.29169899999988,15.9678,INVENTER,-1.0484824421623482,0.00537519121523165,0.5279454972386622,-0.7607359273153641,-0.5173755536778731,1,2,1,2,FNG2015,INVENTER
FNG2005,14,10,135.02260699999988,12.1833,INVENTER,-0.8052366485897358,0.00918471401569947,0.5826413058646138,-0.775265660297078,-0.7203617463438502,3,4,3,4,FNG2005,INVENTER
FNG2007,11,10,142.8435989999998,17.4642,INVENTER,1.8459947454925336,-0.05456770431085966,-0.5406396506162711,2.093328655618083,0.9187534988081474,3,1,3,1,FNG2007,INVENTER
FNG2029,7,40,175.02443600000015,6.4479,INVENTER,-0.9110699700470344,0.01320333135625605,0.7342861392926404,-1.194813541083475,-0.7597923552685445,2,2,2,2,FNG2029,INVENTER
FNG2020,11,5,14.389847999999802,NA,INVENTER,-0.7489424868028952,0.01328861295001251,0.7932949784212905,-0.849678297750331,-0.5931509829561631,3,1,3,1,FNG2020,INVENTER
FNG2001,1,3,45.3187200000001,15.8247,INVENTER,0.6279215285560481,0.01334392079725033,0.18546741903155192,-0.849396005092025,-1.0168123770580288,1,1,1,1,FNG2001,INVENTER
FNG2012,13,2,23.210625000000164,2.6249,INVENTER,-0.7300807399794548,0.01335678012374641,0.8797281206829394,-0.925020357654539,-0.9356963852939976,3,3,3,3,FNG2012,INVENTER
FNG2005,14,1,15.988848999999846,NA,INVENTER,-0.7975070685319108,0.01348515135168816,1.044657038543078,-0.923119746906944,-0.920617231975346,3,4,3,4,FNG2005,INVENTER
FNG2029,7,19,21.45157999999992,1.4642,INVENTER,-0.4909446865769044,0.01362316221106474,1.075982379311932,-0.7610305609055762,-0.9509698439329396,2,2,2,2,FNG2029,INVENTER
FNG2028,8,11,178.35723400000006,13.8476,INVENTER,-0.4759778671481259,0.01389798626456055,0.5039930381449707,-0.7609351751712801,-0.3509767798773724,2,3,2,3,FNG2028,INVENTER
FNG2005,14,7,108.34118099999978,11.6879,INVENTER,-0.48807941175161634,0.01389351140242614,0.9834946458904053,-0.4453958953016241,-0.4390951604679237,3,4,3,4,FNG2005,INVENTER
FNG2020,11,4,87.65329699999984,32.1027,INVENTER,2.2027639595448827,0.01389536328592249,-3.3728144336524024,-0.3398292365851696,-0.06610077645267928,3,1,3,1,FNG2020,INVENTER
FNG2028,8,16,48.53234800000018,3.3362,INVENTER,0.8625986296272928,0.09250247484221046,0.03283349601120436,-0.6397869173781339,-0.3282867596814298,2,3,2,3,FNG2028,INVENTER
FNG2012,13,9,30.02084599999989,6.824,INVENTER,-0.4964176247844798,0.09249975491705988,0.8598584730533654,-0.6320491785002348,-0.5023497328953087,3,3,3,3,FNG2012,INVENTER
FNG2010,9,2,37.68777,5.8476,INVENTER,-0.4425595762152895,0.01383654984091257,0.3392797984041219,-0.27377659148849615,0.1143452470187543,2,4,2,4,FNG2010,INVENTER
FNG2030,4,13,72.51266899999996,13.3523,INVENTER,-1.462577296063155,0.01383924831776974,1.0467725896543625,-0.6445280662072743,-0.4173153236810608,1,4,1,4,FNG2030,INVENTER
FNG2005,14,5,93.86792699999978,20.7045,INVENTER,-0.456650042516032,1.6922866345553254,0.9251793183873408,-0.5881597586867203,-0.7220131595804917,3,4,3,4,FNG2005,INVENTER
FNG2013,14,5,57.28637299999991,14.1835,INVENTER,-1.381702061909977,0.01341548165101266,0.8592116198815216,-0.5502001895129536,-0.44140630386851026,3,4,3,4,FNG2013,INVENTER
FNG2013,14,13,6.057612000000518,1.7043,INVENTER,-0.30619189906042715,0.01346338721433935,-0.8563861896013829,0.5984799148002171,-0.63083741737732,3,4,3,4,FNG2013,INVENTER
FNG2017,3,4,78.9201449999996,8.3524,INVENTER,-0.3037958582319874,-0.06520569899550487,-0.5801139369097845,-0.4394878691084784,0.8116321426808673,1,3,1,3,FNG2017,INVENTER
FNG2003,13,4,95.3132310000019,6.3598,INVENTER,-1.394939981309022,-0.0648514800982326,0.8604015245904846,-0.201902155164856,0.04316377114235692,3,3,3,3,FNG2003,INVENTER
FNG2030,4,10,17.90265599999998,6.1445,INVENTER,-1.3237834109583626,0.01333292370671085,0.8101294388364335,-0.4552193278583027,-0.14430690242220637,1,4,1,4,FNG2030,INVENTER
FNG2010,9,6,14.52315899999985,4.1355,INVENTER,-0.42531187525411784,0.01286830854991986,0.5026515505170851,-0.17628239777468643,0.18935744989598757,2,4,2,4,FNG2010,INVENTER
FNG2021,9,1,10.426146000000244,NA,INVENTER,-0.37801883660352525,0.00680908093340545,0.5536578033495126,-0.14777917400715165,-0.10042193738049073,2,4,2,4,FNG2021,INVENTER
FNG2010,9,19,168.26439299999993,8.5517,INVENTER,-0.32428421282528974,0.1740683262054844,-0.2717807787865676,0.6095862916115342,0.4002712357650075,2,4,2,4,FNG2010,INVENTER
FNG2005,14,6,96.64932499999986,2.7764,INVENTER,-0.3428647625822945,-0.12785038112946345,0.3561809211045332,-0.1301107343093221,-0.34104355134044895,3,4,3,4,FNG2005,INVENTER
FNG2037,6,1,35.23990200000003,15.4075,INVENTER,0.8071880244163633,1.0781751796911734,-0.7661644241175809,0.5606768678824688,5.11493847309689,2,1,2,1,FNG2037,INVENTER
FNG2027,8,6,70.51692900000035,14.423,INVENTER,-0.03433086283006424,-0.1280977089663933,0.7456218586612586,-0.19239170290866997,-0.463396929425734,2,3,2,3,FNG2027,INVENTER
FNG2037,6,8,117.081952,16.7663,INVENTER,2.351188444900176,1.00071155688198,-0.49251955959666505,5.116987469685949,-0.8011985626619963,2,1,2,1,FNG2037,INVENTER
FNG2022,9,4,81.07735699999967,40.4714,INVENTER,0.5075505094520772,-0.0215132889245335,-0.03711209781880494,0.4421901852453371,-0.5320459415596164,2,4,2,4,FNG2022,INVENTER
FNG2004,8,23,95.89639100000022,3.1764,INVENTER,1.5179818615324097,-1.2471561024675577,-0.935713046862767,3.3938434645982127,-1.300434321687552,2,3,2,3,FNG2004,INVENTER
FNG2037,6,9,124.74326800000016,7.6718,INVENTER,0.7614902596623747,0.3969756796438085,-0.34719927429628167,1.0212944621095674,0.3742901186943593,2,1,2,1,FNG2037,INVENTER
FNG2023,13,9,66.599909999999,6.368,INVENTER,-0.04272263477746928,0.38330789156418066,0.5890634415799473,8.7364177649344e-4,-0.5280198369870533,3,3,3,3,FNG2023,INVENTER
FNG2029,7,22,41.07109499999979,4.8405,INVENTER,-0.04378318502656669,-0.38116440195978474,0.7434667805957821,-0.01814983928211555,-0.2574661389960493,2,2,2,2,FNG2029,INVENTER
FNG2015,2,4,64.63844699999993,10.4729,INVENTER,0.428222298909465,0.6591008998866116,0.14218816402543782,0.1521496492597238,-0.5343936336522365,1,2,1,2,FNG2015,INVENTER
FNG2019,12,10,31.550876000000244,3.824,INVENTER,-0.03386058090787878,-0.6300414671662972,0.4149214608076541,0.22113219198487188,-0.6406232442804778,3,2,3,2,FNG2019,INVENTER
FNG2036,3,12,156.84121300000004,7.1993,INVENTER,1.005445918188012,-0.18910474895742,-0.4237508172460276,0.8982341545435043,-0.3527124361123436,1,3,1,3,FNG2036,INVENTER
FNG2001,1,7,127.52456800000004,39.9997,INVENTER,-0.01411833677581585,-1.0410784953277803,0.6761918698501804,0.17707956347513962,-0.47529765466797425,1,1,1,1,FNG2001,INVENTER
FNG2034,9,1,25.565340000000106,9.0162,INVENTER,2.0810126169365666,2.4512250130900703,-1.0953892015974125,3.038267647551504,0.37686606476511214,2,4,2,4,FNG2034,INVENTER
FNG2024,3,2,112.8370329999999,45.3678,INVENTER,1.5667345234418208,0.7098832206770943,-0.712066552547991,1.3481738765428235,3.436790127401324,1,3,1,3,FNG2024,INVENTER
FNG2029,7,5,36.24116699999968,3.48,INVENTER,-0.01349126605799436,-0.22347198714627772,0.6286017376399258,-0.22581435074503273,-0.15151677072639053,2,2,2,2,FNG2029,INVENTER
FNG2012,13,6,13.006088999999974,NA,INVENTER,0.00920332871147027,0.46472424874476936,0.7882971758244878,-0.21865299164708715,0.20023401340865313,3,3,3,3,FNG2012,INVENTER
FNG2026,1,9,32.11080599999997,3.9279,INVENTER,-0.01347180784033063,-1.0299775498655992,0.37708193960889,-0.15669964025288638,-0.1485812262232482,1,1,1,1,FNG2026,INVENTER
FNG2017,3,3,70.5609079999997,10.9748,INVENTER,0.5529326413383704,0.4957036027814948,-0.14005631256288256,-0.23289276390495647,0.3305162843452905,1,3,1,3,FNG2017,INVENTER
FNG2026,1,18,177.10909799999996,10.0231,INVENTER,0.28581278227972884,-0.04366555113561835,0.33146014641285987,-0.2311072664473086,-0.1493014844240552,1,1,1,1,FNG2026,INVENTER
FNG2028,8,9,113.98605499999984,3.3604,INVENTER,-1.2150519045827677,-1.3924326345697269,0.2216429443262473,-0.22759620874770856,0.02109024223965567,2,3,2,3,FNG2028,INVENTER
FNG2005,14,2,21.23520699999972,5.2572,INVENTER,1.7537635124068018,1.7839072942318503,-0.5136359242044752,1.00995591467569,-0.4106547564217544,3,4,3,4,FNG2005,INVENTER
FNG2007,11,7,16.43852799999968,8.6958,INVENTER,1.753979030414469,0.19337598506081355,-0.5250303725121312,0.1386203844281214,0.02550116213105289,3,1,3,1,FNG2007,INVENTER
FNG2030,4,16,128.25746500000014,18.4221,INVENTER,-0.2409513143317823,0.1932122158428112,0.01020709768219893,-0.18000321254934504,-0.19009832249528988,1,4,1,4,FNG2030,INVENTER
FNG2032,12,31,179.11644100000012,14.0072,INVENTER,-0.25448295061621506,0.01495097622683985,0.4158423606695171,-0.2246206733618603,-0.23948335803635265,3,2,3,2,FNG2032,INVENTER
FNG2009,3,9,167.76025900000002,5.0074,PLANIFIER,0.5366548752997745,0.07440874558807552,-1.4306237230501873,1.963716169470792,0.2216743068852477,1,3,1,3,FNG2009,PLANIFIER
FNG2012,9,9,23.48356599999988,5.9603,PLANIFIER,-0.8743244187105872,0.7428174254822291,0.06157561777226836,0.8376042630625216,0.1686469089260186,2,4,2,4,FNG2012,PLANIFIER
FNG2030,8,3,20.233890999999858,12.6001,PLANIFIER,-0.5724467071725737,0.07094612435470983,0.1326198947270485,-0.7843856964878819,0.00375964216691849,2,3,2,3,FNG2030,PLANIFIER
FNG2012,9,7,7.944444000000203,NA,PLANIFIER,-2.3513829946734783,0.06982243966265973,1.2870962725653297,-0.43613984932174066,-0.4756427092233751,2,4,2,4,FNG2012,PLANIFIER
FNG2029,1,15,88.45194800000002,3.9445,PLANIFIER,0.07742429804998965,-0.7122916829756848,-0.8199622136718466,0.8493835550833811,0.11430790080563644,1,1,1,1,FNG2029,PLANIFIER
FNG2031,4,1,12.472222000000102,NA,PLANIFIER,-1.4605412122508634,0.6169439272751347,1.2083588053163454,-0.48556318376692503,-0.49055155658404587,1,4,1,4,FNG2031,PLANIFIER
FNG2015,6,7,75.74283299999979,9.9121,PLANIFIER,0.7038115601183199,0.6066009461350593,-1.3417059079443676,1.936525214028335,0.22687619929723984,2,1,2,1,FNG2015,PLANIFIER
FNG2021,12,2,29.44627100000025,NA,PLANIFIER,0.3911467159299377,0.5990878100679045,-1.2777231793026935,1.4260427439153456,0.01101175996408007,3,2,3,2,FNG2021,PLANIFIER
FNG2010,2,5,84.97749699999997,31.7756,PLANIFIER,-0.20834364322767343,0.5295735989404716,-1.2363745967853346,-0.9198981453080768,-0.1511321932746829,1,2,1,2,FNG2010,PLANIFIER
FNG2011,12,15,75.72750999999971,22.4317,PLANIFIER,1.053090245471531,0.5261153353805805,-1.34399064269503,1.356270529670592,0.04888594925421857,3,2,3,2,FNG2011,PLANIFIER
FNG2020,12,8,97.49637600000004,20.3189,PLANIFIER,-0.20834364139691575,0.5168820504088969,-1.4759902418281714,-0.5996423790304778,0.09485393064485168,3,2,3,2,FNG2020,PLANIFIER
FNG2009,3,10,175.83788399999992,8.0965,PLANIFIER,1.817089586376892,-0.697958547670079,-2.0563287104696473,1.7195470630304732,0.23693057711032783,1,3,1,3,FNG2009,PLANIFIER
FNG2014,1,3,116.247099,38.592,PLANIFIER,-0.7577030961022179,2.0538377851487803,0.4369093483348839,-0.7010657245450895,-2.1963890299113538,1,1,1,1,FNG2014,PLANIFIER
FNG2010,2,2,24.799253999999905,13.2567,PLANIFIER,-0.7605979573192894,-0.8732746206332933,0.3270196591871581,-0.5567591522904765,-3.88025039440653,1,2,1,2,FNG2010,PLANIFIER
FNG2036,13,1,75.630901,63.9191,PLANIFIER,2.2639849907727516,1.540994896496833,-2.42879500945016,2.137741632020469,0.19982119254571817,3,3,3,3,FNG2036,PLANIFIER
FNG2001,7,6,172.6129069999988,91.047,PLANIFIER,-0.7469938487717751,-0.907685241672289,0.4521138470885459,-0.5217034420530339,-0.02601093626635127,2,2,2,2,FNG2001,PLANIFIER
FNG2015,6,6,65.84969999999976,10.5036,PLANIFIER,-0.7238749425014395,-1.1691205086898206,0.2629554843376866,-1.358916933497222,0.313420110710448,2,1,2,1,FNG2015,PLANIFIER
FNG2021,12,4,66.78711000000021,23.9597,PLANIFIER,0.9996336374927652,0.538637004473046,-1.0222441207141326,1.048835034925637,0.3472091688020214,3,2,3,2,FNG2021,PLANIFIER
FNG2012,9,12,90.34795399999985,13.0486,PLANIFIER,0.5417884978573068,0.39995650161815455,-0.8821080777616019,0.8762673341892497,0.05758192524382269,2,4,2,4,FNG2012,PLANIFIER
FNG2007,3,2,22.41774000000009,12.2884,PLANIFIER,1.5277407197401218,0.3954473807508206,-0.9554543052060666,1.9473639731493904,0.26878772664567346,1,3,1,3,FNG2007,PLANIFIER
FNG2028,2,3,27.830326999999897,7.2238,PLANIFIER,-0.7325523676245224,-0.5878678829631454,1.1462377974651403,-0.5235761423152484,0.05736265630687463,1,2,1,2,FNG2028,PLANIFIER
FNG2037,14,4,80.6321740000003,2.615,PLANIFIER,0.05640420696728593,-0.586252814330779,-0.8513135977876758,0.7904138821148075,0.3025372925007061,3,4,3,4,FNG2037,PLANIFIER
FNG2001,7,4,15.25612099999944,NA,PLANIFIER,-1.8130306642237068,-0.6859219378778362,2.274245108379813,-0.35249185791490617,-0.1258051277225227,2,2,2,2,FNG2001,PLANIFIER
FNG2024,7,5,177.10840500000018,12.161,PLANIFIER,0.9310974341604676,-0.7026484277394055,-0.9036763511416146,-0.537776969801909,0.2071128666966871,2,2,2,2,FNG2024,PLANIFIER
FNG2017,2,7,91.16946500000006,22.1599,PLANIFIER,0.32746916513549984,2.0569482418526035,0.6912415691536742,-0.39262851251262926,0.02365706773138902,1,2,1,2,FNG2017,PLANIFIER
FNG2028,2,2,20.585449999999923,8.728,PLANIFIER,-1.3165251677973462,-0.7638679848966753,3.137679958719096,-0.32055553840762,-0.09961582124738894,1,2,1,2,FNG2028,PLANIFIER
FNG2006,1,2,58.392833,36.2042,PLANIFIER,0.8567037403087661,1.939925048418192,0.739007062261049,-0.44449254142367367,3.2765161204071007,1,1,1,1,FNG2006,PLANIFIER
FNG2019,3,2,42.31164600000011,17.4316,PLANIFIER,-1.04512712983478,-1.647898179143949,0.7086381573313105,-0.33485420154887274,-2.9865341593803323,1,3,1,3,FNG2019,PLANIFIER
FNG2024,7,9,74.43080099999997,19.2556,PLANIFIER,1.161238507173041,0.5040579141536939,0.3514093611446271,-0.44255270739752817,0.22467951690411225,2,2,2,2,FNG2024,PLANIFIER
FNG2029,1,4,42.123125000000016,6.7048,PLANIFIER,-1.3605116434485591,-0.9054940266840132,0.5222013361138165,-1.1341408619790998,-0.21258680951159828,1,1,1,1,FNG2029,PLANIFIER
FNG2031,4,2,38.77070499999991,26.3101,PLANIFIER,1.5072779613613168,0.37786576142516626,0.20420656228109035,-0.9149124610507338,4.984501556104677,1,4,1,4,FNG2031,PLANIFIER
FNG2010,2,4,53.20202999999992,22.1927,PLANIFIER,0.2402925362160633,-0.5193839946733954,0.4041051978238095,-0.2695883910403146,-0.09340580195292268,1,2,1,2,FNG2010,PLANIFIER
FNG2007,3,1,10.142946000000164,NA,PLANIFIER,0.23092345794393107,-1.1965349216106025,0.32349362354019157,-0.5584626912589555,-0.07504484987556434,1,3,1,3,FNG2007,PLANIFIER
FNG2018,3,6,18.48525900000027,NA,PLANIFIER,-0.7517167563579851,-1.6795595556650869,0.6175227901183878,-0.5335174833523251,-0.5129944104694055,1,3,1,3,FNG2018,PLANIFIER
FNG2019,3,3,74.51578900000015,32.2082,PLANIFIER,0.2462907900521163,1.0913121333044653,0.5025938851451288,-0.6630935396533124,0.17335922051369282,1,3,1,3,FNG2019,PLANIFIER
FNG2029,1,7,126.22092499999997,22.7039,PLANIFIER,0.25230884868347037,-1.729712071159636,0.27404930000988326,1.2674469730497375,0.04763186127516858,1,1,1,1,FNG2029,PLANIFIER
FNG2010,2,3,31.011551999999824,6.2074,PLANIFIER,0.2198099100123603,-1.6921688901720813,0.35341546341105395,-0.5178934117191532,-0.1432804196124509,1,2,1,2,FNG2010,PLANIFIER
FNG2019,3,1,24.89951700000006,NA,PLANIFIER,-1.8651755520338165,-1.8823586258630176,0.8387141019387924,-0.6260814098340659,-0.4072458544334292,1,3,1,3,FNG2019,PLANIFIER
FNG2011,12,3,53.29633999999987,14.0398,PLANIFIER,-1.370852327673218,-0.6582650740874876,0.8921801759782079,-0.7042522489885337,-0.1659722905660866,3,2,3,2,FNG2011,PLANIFIER
FNG2020,12,7,77.17737299999999,14.2641,PLANIFIER,-0.19239867242938455,0.3982039740073387,-0.01964761407912363,-0.6665257447751002,-0.1961826603417281,3,2,3,2,FNG2020,PLANIFIER
FNG2030,8,4,38.17148499999985,17.9349,PLANIFIER,-0.565083480880901,0.8028691365401756,0.6380644549275851,-0.6802940097121822,-0.0843599163437284,2,3,2,3,FNG2030,PLANIFIER
FNG2036,13,3,92.20274599999992,16.5919,PLANIFIER,-0.1511495806520954,-0.5624737138947788,-0.07803777373232115,-0.6054042512048251,-0.0903490468058292,3,3,3,3,FNG2036,PLANIFIER
FNG2011,12,5,120.39316099999996,10.503,PLANIFIER,-0.1819404859449103,0.5346621983935969,0.06689922689820481,-0.4522649913414406,-0.17371726886157063,3,2,3,2,FNG2011,PLANIFIER
FNG2027,11,5,61.08403799999997,13.5516,PLANIFIER,-0.17665245590130932,0.5454824782957951,-0.0105240163097951,-0.4737288822625554,-0.16469230212006292,3,1,3,1,FNG2027,PLANIFIER
FNG2025,2,1,72.41585600000008,NA,PLANIFIER,-0.2380768051630326,0.6464507073326293,0.2143092396023345,-0.5644383219382021,-0.34681026879353805,1,2,1,2,FNG2025,PLANIFIER
FNG2034,4,1,39.3348619999997,NA,PLANIFIER,-0.1988499145879402,0.4984487802757665,0.11302392062229538,-0.5287356487006294,-0.08201548330438736,1,4,1,4,FNG2034,PLANIFIER
FNG2005,12,5,157.3904160000002,24.8158,PLANIFIER,-0.20903917887541423,-0.6340330186863755,0.2377403531202252,-0.5828356735587883,-0.2333136980438452,3,2,3,2,FNG2005,PLANIFIER
FNG2015,6,4,37.487877000000026,12.6164,PLANIFIER,-0.23642292643070975,-0.90826459573058,-0.5997221302440687,-0.4804209900015091,-0.06340568889149081,2,1,2,1,FNG2015,PLANIFIER
FNG2013,2,5,115.08286199999986,32.0801,PLANIFIER,-0.24273430721966263,-1.155181104489409,0.37036194764696384,-0.478619254003931,-0.3760393361663654,1,2,1,2,FNG2013,PLANIFIER
FNG2012,9,10,39.37033999999994,5.9358,PLANIFIER,-0.22302726209380305,-1.0911589568446092,0.12980170837640292,-1.4515616032454082,-0.35236532966904444,2,4,2,4,FNG2012,PLANIFIER
FNG2012,9,13,138.9589759999999,18.3441,PLANIFIER,1.6830328608460348,-0.7474200632641981,-2.1353853493576103,0.9902339800328032,-0.28953341857773157,2,4,2,4,FNG2012,PLANIFIER
FNG2017,2,4,19.995982000000023,7.8722,PLANIFIER,0.5730190054795112,-0.7276214691443535,0.16020124039266703,-0.3586287979437921,-0.17457567852027206,1,2,1,2,FNG2017,PLANIFIER
FNG2018,3,9,52.38195900000028,8.7679,PLANIFIER,-1.6013947262694674,-0.7780274201348882,0.2595161840976862,-0.4714036921534997,-0.3167503447491708,1,3,1,3,FNG2018,PLANIFIER
FNG2010,2,6,108.84215399999994,23.8799,PLANIFIER,-0.573608997111522,-1.203342652845935,0.34310150762614955,-0.4388184752798655,-0.3713298078394828,1,2,1,2,FNG2010,PLANIFIER
FNG2025,2,2,154.3083940000001,81.9013,PLANIFIER,0.22048763500919663,2.0778055044009025,0.2903401712336096,-0.47612815272473696,-0.4274274876465105,1,2,1,2,FNG2025,PLANIFIER
FNG2005,12,12,132.55770200000006,11.071,PLANIFIER,0.5688353883636914,-0.8382857722397147,0.20680875108079355,1.2304476886471882,-0.3093416767196831,3,2,3,2,FNG2005,PLANIFIER
FNG2027,11,7,100.54930999999942,33.7917,PLANIFIER,1.7161701690540698,1.4042145820685652,0.01204932138688124,-0.4904280905164811,2.0570981378011255,3,1,3,1,FNG2027,PLANIFIER
FNG2026,12,7,84.92375099999981,13.8867,PLANIFIER,0.5636994752553347,1.3043623710648935,0.1780252451077747,-1.7034912425347464,-0.1355052343077537,3,2,3,2,FNG2026,PLANIFIER
FNG2012,9,8,17.52107500000011,3.0877,PLANIFIER,1.1923061324814055,-0.9321928367522696,0.08738774202394417,2.269959779369136,-0.11745564278338064,2,4,2,4,FNG2012,PLANIFIER
FNG2017,2,6,68.99046499999997,34.9908,PLANIFIER,0.5773673849623939,-0.9071431439073504,0.15234140246371233,1.175590049231359,-0.39156698260767464,1,2,1,2,FNG2017,PLANIFIER
FNG2026,12,2,16.08871900000031,NA,PLANIFIER,-0.10886992871461204,0.6534211502915014,0.1430992882500639,-0.28513411969910274,-0.0888455974836231,3,2,3,2,FNG2026,PLANIFIER
FNG2012,2,1,38.26968800000003,13.374,RECRUTER,-1.7019827055509922,-0.5505465912814226,-0.5668426383214075,-0.19008089614815804,0.26122429686243187,1,2,1,2,FNG2012,RECRUTER
FNG2032,14,19,105.12470799999936,24.6799,RECRUTER,-0.7359987636504166,0.4828291093416612,-0.594871697865797,-0.3504870183813955,0.07530735872599273,3,4,3,4,FNG2032,RECRUTER
FNG2029,12,3,52.01726800000006,8.8493,RECRUTER,-0.6996523762812137,-0.8353858234404913,-0.6006703847423253,-0.13672595389826506,0.19762530273360857,3,2,3,2,FNG2029,RECRUTER
FNG2012,2,11,55.62227500000012,5.64,RECRUTER,0.3935857437693473,0.30069736531920743,-0.7943643062930809,-0.07490833670553024,0.2217192330309797,1,2,1,2,FNG2012,RECRUTER
FNG2024,1,6,141.41682099999997,11.8723,RECRUTER,0.8470599364090602,0.5226510109177389,-0.6620120043186523,-0.26344642087549913,0.2384387424403676,1,1,1,1,FNG2024,RECRUTER
FNG2030,3,2,12.005253999999924,NA,RECRUTER,-0.7754827566543139,0.26595330937476447,-0.5758543573756039,-0.4227442406203822,0.17897007900112663,1,3,1,3,FNG2030,RECRUTER
FNG2010,4,9,78.34309099999996,5.4959,RECRUTER,-0.7714361691944163,-0.8344535725136739,-0.6637289567465968,-0.2210220488188078,0.09350509408068648,1,4,1,4,FNG2010,RECRUTER
FNG2015,13,9,31.326974999999948,16.6317,RECRUTER,-0.7129911804188953,0.478205010009579,-0.7141589368021916,-0.01924392011176878,1.3289886139053042,3,3,3,3,FNG2015,RECRUTER
FNG2034,6,4,73.65967600000022,32.4876,RECRUTER,-0.693907265703571,1.0265820639913146,-0.6485396641127382,-0.6459848002450584,0.19801544927782444,2,1,2,1,FNG2034,RECRUTER
FNG2006,2,6,132.09890299999995,43.4793,RECRUTER,-0.6569208063866268,0.32719998640841774,-0.657201574037721,-0.4309226432537239,0.22230525201103113,1,2,1,2,FNG2006,RECRUTER
FNG2032,14,1,17.58769399999983,NA,RECRUTER,0.28205372173341386,0.19795234795824887,-0.5996557808102996,-0.3256459578462939,1.921188855447596,3,4,3,4,FNG2032,RECRUTER
FNG2010,4,11,108.31803100000002,11.7125,RECRUTER,-0.6737710435963931,-1.192528670070987,-0.7192739318054766,-0.3052591543331922,-0.9298047435535202,1,4,1,4,FNG2010,RECRUTER
FNG2007,13,13,160.6171230000009,12.296,RECRUTER,0.7578064472335446,0.8325341243626407,-0.7541338281936045,-0.16599828276719583,2.2483828152078216,3,3,3,3,FNG2007,RECRUTER
FNG2018,14,4,68.65303899999981,15.8316,RECRUTER,1.5789041620003508,-0.5983438346806585,-1.1682195908214008,2.6338895875333685,-0.9935817394136272,3,4,3,4,FNG2018,RECRUTER
FNG2028,7,5,14.589696000000004,NA,RECRUTER,-0.9680011547343228,-0.9220109027023178,1.0812369984346475,-0.24604223841822057,-0.9958404251663194,2,2,2,2,FNG2028,RECRUTER
FNG2007,13,2,50.42867400000068,15.8315,RECRUTER,-0.08272344184592656,-0.6901789266399084,-0.5704422626957092,-0.4374676001117383,-0.916847543573319,3,3,3,3,FNG2007,RECRUTER
FNG2017,6,4,59.93287400000008,29.0878,RECRUTER,0.4040363586563484,-0.491634128314662,3.2828284110537527,-0.4521366040091296,2.612905162764952,2,1,2,1,FNG2017,RECRUTER
FNG2029,12,6,168.70045100000016,14.8638,RECRUTER,1.152857654437924,-1.009628004734837,-2.773327501642227,0.09877520032823192,-0.9692012871756396,3,2,3,2,FNG2029,RECRUTER
FNG2011,3,5,63.60497299999997,11.1274,RECRUTER,2.1979732861358583,-0.7496204976372696,-2.245545142592898,-0.08889605577196914,3.171717479045623,1,3,1,3,FNG2011,RECRUTER
FNG2005,8,2,43.28650600000037,NA,RECRUTER,1.6588372806930456,1.2366343047310766,2.416288070829271,-0.12867050884774892,-0.9385458837086752,2,3,2,3,FNG2005,RECRUTER
FNG2013,11,8,65.42551600000024,4.0721,RECRUTER,-1.667967933507881,-1.1812419234063052,1.5552732358712067,-0.4215507254413387,-0.987117117809854,3,1,3,1,FNG2013,RECRUTER
FNG2001,9,10,163.01818000000003,21.207,RECRUTER,-0.8058086851301842,-1.082166651869393,0.6296556085243644,-0.49376583683242975,-0.9865425843861804,2,4,2,4,FNG2001,RECRUTER
FNG2013,11,7,61.349866999999904,14.9923,RECRUTER,0.15925341092746229,0.6682120278918935,0.6061034334038495,-0.5738832010815852,-0.9198219888974908,3,1,3,1,FNG2013,RECRUTER
FNG2021,6,1,27.74745899999993,NA,RECRUTER,-1.1962577255851954,-1.0102120932577012,0.6316531953629383,-0.5686376062958605,-0.972402351456812,2,1,2,1,FNG2021,RECRUTER
FNG2012,2,3,49.95958300000001,7.1828,RECRUTER,0.46472267004248136,0.261370609810038,0.5605655500276815,-0.5120349781359195,-0.8975639176627543,1,2,1,2,FNG2012,RECRUTER
FNG2004,7,3,41.5877789999995,NA,RECRUTER,-0.1450119098677461,0.858610804204973,0.6886800623932615,-0.5505747296130803,-0.8683897154359046,2,2,2,2,FNG2004,RECRUTER
FNG2024,1,7,164.65044799999993,23.2399,RECRUTER,1.489517495488697,1.3620276641703426,0.5459890406394472,2.473503073627159,-0.9139436523267098,1,1,1,1,FNG2024,RECRUTER
FNG2022,6,10,172.4565309999998,34.2158,RECRUTER,1.899064311301381,0.5118051864291134,-2.5013898994192947,3.8445646440127335,-0.9046093964109492,2,1,2,1,FNG2022,RECRUTER
FNG2007,13,12,101.09341700000095,8.192,RECRUTER,0.8014633536250684,0.5173360349231311,0.5790576375101053,-0.8904557598254759,1.292714876306054,3,3,3,3,FNG2007,RECRUTER
FNG2006,2,9,171.92127000000005,14.0635,RECRUTER,-2.1850934273635447,0.3425836124745094,0.4998859128866125,-0.7124197729704645,-0.9518253140225236,1,2,1,2,FNG2006,RECRUTER
FNG2005,8,7,128.8435989999998,12.096,RECRUTER,-1.024238763327583,0.5284794450589891,0.5977903520535384,-0.7637002713723255,-0.9161581022378306,2,3,2,3,FNG2005,RECRUTER
FNG2026,9,4,176.35876999999982,36.6631,RECRUTER,1.1389112692529664,0.5003591340523323,-1.303638851037951,1.0167765979961494,-0.8752410583338067,2,4,2,4,FNG2026,RECRUTER
FNG2036,7,6,86.65385000000015,28.7025,RECRUTER,0.22341175211219577,0.4824836426758576,-1.3090287120729966,-0.30031237210803946,-0.9440457026721863,2,2,2,2,FNG2036,RECRUTER
FNG2012,2,5,110.74558800000004,10.5588,RECRUTER,-1.040006190705604,0.23539183380190695,0.5912085275427396,-1.0064793281865612,-0.8787613782081811,1,2,1,2,FNG2012,RECRUTER
FNG2011,3,7,156.60707200000024,16.4065,RECRUTER,-1.5802968407132194,0.73408827063872,0.6439429492268839,-0.9677202349917396,-0.9284753402036052,1,3,1,3,FNG2011,RECRUTER
FNG2001,9,6,24.549675000000207,9.4482,RECRUTER,-1.0228448732825908,-0.965192633708902,0.556736263405217,-0.5570344620147005,-0.8558325688905901,2,4,2,4,FNG2001,RECRUTER
FNG2029,12,12,98.26476600000024,14.1356,RECRUTER,-0.2865297757544093,0.29933932053058854,0.5003368726587946,-0.570693010599905,-0.91433242190353,3,2,3,2,FNG2029,RECRUTER
FNG2012,2,6,131.49775000000005,20.7604,RECRUTER,-0.6284128126434101,-0.6967405701002904,0.5111315846003425,-0.7400514094853703,0.9257940786663932,1,2,1,2,FNG2012,RECRUTER
FNG2007,13,14,167.22920700000032,6.6079,RECRUTER,1.6114358529147104,1.210360434698688,0.4893925639494114,-0.5674442403242538,1.9640873095714204,3,3,3,3,FNG2007,RECRUTER
FNG2021,6,7,42.47062099999994,14.7282,RECRUTER,1.193018014933488,0.792081470430976,0.5178736418957294,-0.580682758096915,-0.8121684943972906,2,1,2,1,FNG2021,RECRUTER
FNG2010,4,7,67.53668700000003,17.5911,RECRUTER,0.03542653522197434,0.7801419218412632,0.4979858092776808,-0.5366591369439566,-0.881253825626828,1,4,1,4,FNG2010,RECRUTER
FNG2036,7,7,124.26107700000011,37.5985,RECRUTER,0.3627050670525456,-0.6706696566371658,0.44849135573077054,-0.1862103922008765,-0.8739033527009501,2,2,2,2,FNG2036,RECRUTER
FNG2028,7,1,27.91361799999981,13.3035,RECRUTER,0.776874693587482,-0.7922290979584117,0.5596417124732723,-0.48321045216867153,-0.8764089697019227,2,2,2,2,FNG2028,RECRUTER
FNG2026,9,10,129.3583779999999,22.7036,RECRUTER,-1.3344498287187316,1.0190682057691032,0.5703732759236172,-0.4604641671818333,-1.019234451975656,2,4,2,4,FNG2026,RECRUTER
FNG2029,12,16,137.8869410000002,12.4477,RECRUTER,-1.6907784189460513,-0.8508449351707019,0.6262329607215043,-0.4422530715479886,-0.9226346302233308,3,2,3,2,FNG2029,RECRUTER
FNG2007,13,3,62.33703100000093,11.9042,RECRUTER,-0.8964732023275394,0.5652360314842275,0.5598592890756853,-0.4731984830466052,-0.8078858589232244,3,3,3,3,FNG2007,RECRUTER
FNG2030,3,5,111.08428199999992,19.3921,RECRUTER,-2.1484754865184263,-0.5872090122174385,0.6318293316074479,-0.4706799856185535,-0.9967587370922208,1,3,1,3,FNG2030,RECRUTER
FNG2010,4,6,49.97063800000001,7.8248,RECRUTER,-0.85661590545364,-2.1113370755655247,0.4059646192388001,-0.39751721070464874,-0.9144853686644332,1,4,1,4,FNG2010,RECRUTER
FNG2009,14,6,161.21961499999998,12.7827,RECRUTER,-1.455645744273289,-3.707844592888248,0.5377680774398372,-0.4639892963269984,-0.8701105099057413,3,4,3,4,FNG2009,RECRUTER
FNG2010,4,10,96.59479199999988,13.1917,RECRUTER,-0.4347347765393288,-0.8090256212274678,0.4738829348774444,-0.4126718174361718,-0.8897608633246381,1,4,1,4,FNG2010,RECRUTER
FNG2018,14,8,145.24925399999938,7.2311,RECRUTER,1.226858429714423,-0.665348048005197,0.37442251524706793,1.986610541112476,0.25347587550196377,3,4,3,4,FNG2018,RECRUTER
FNG2019,11,3,27.82838700000002,NA,RECRUTER,0.13593582347080205,-0.5767083977290524,0.419971280325536,-0.4157160723758658,0.2516247228008459,3,1,3,1,FNG2019,RECRUTER
FNG2018,14,5,103.32758300000025,13.8164,RECRUTER,0.16322914799759852,-0.7667256287080181,0.41876082556831173,-0.09824794681661075,0.2327998073719579,3,4,3,4,FNG2018,RECRUTER
FNG2011,3,1,16.737461000000167,NA,RECRUTER,0.12659732975348603,-0.5781141198825468,0.4335410121761345,-0.5067119173683471,0.26437610901283765,1,3,1,3,FNG2011,RECRUTER
FNG2012,2,13,164.59060000000005,33.0933,RECRUTER,1.120031195890721,-0.75068807315842,-0.939810675655142,1.233017777296499,0.32001078743775774,1,2,1,2,FNG2012,RECRUTER
FNG2001,9,8,88.03915499999948,26.5339,RECRUTER,0.14214239635642453,-0.7449710940357757,0.3720592224691734,-0.1295735368343716,0.2916958749020876,2,4,2,4,FNG2001,RECRUTER
FNG2024,1,2,49.66492599999998,24.3023,RECRUTER,0.07833574324184252,0.6456006910816366,0.3974380301770926,-0.35480439201460234,0.2683413453321231,1,1,1,1,FNG2024,RECRUTER
FNG2037,12,8,82.88470300000017,14.2802,RECRUTER,0.07583288645767298,-0.7566423406842745,0.46041228750548624,-0.27124714198023736,0.2653834052559542,3,2,3,2,FNG2037,RECRUTER
FNG2015,13,6,168.04862299999968,22.0727,RECRUTER,1.893856196803935,0.6169462245151107,-2.660482333860325,3.40511650274708,2.6282485751530515,3,3,3,3,FNG2015,RECRUTER
FNG2028,7,4,137.1530449999998,19.6712,RECRUTER,0.1659621532346179,-0.554427048201696,0.40071366205293657,-0.2249257877241035,1.6010969464368332,2,2,2,2,FNG2028,RECRUTER
FNG2009,14,3,69.40098799999942,32.5593,RECRUTER,0.10232875159125278,0.4997749759633246,0.508086008623947,-0.13342965401429197,0.18531200050534408,3,4,3,4,FNG2009,RECRUTER
FNG2037,12,1,45.1442790000001,NA,RECRUTER,0.1777541877455996,-3.3758047980640904,0.3651203261828138,0.10128730764947184,0.23917469047339307,3,2,3,2,FNG2037,RECRUTER
FNG2022,6,8,122.04789699999948,22.0956,RECRUTER,2.041245792620685,0.6233728758004669,-1.8817312957074093,3.8692649374218457,0.8496156463321198,2,1,2,1,FNG2022,RECRUTER
FNG2005,8,1,76.69657199999983,12.9121,RECRUTER,-0.5260900014862668,1.0373899227371035,0.5177852642028112,-0.17901795712382393,0.1751217616214237,2,3,2,3,FNG2005,RECRUTER
FNG2036,7,3,22.93140200000016,1.6884,RECRUTER,0.10318610266216946,-0.7908121681594187,-0.6359860512756371,0.2601391701624385,0.22330337368613656,2,2,2,2,FNG2036,RECRUTER
FNG2034,6,2,172.4317460000002,36.8961,RECRUTER,0.10233180507689864,1.1563886911172991,2.11551328774435,0.06491063787121343,0.19098212871054,2,1,2,1,FNG2034,RECRUTER
FNG2037,12,7,68.5946570000001,6.9277,RECRUTER,0.13104600252372176,0.23423125723945049,-0.6190959270190131,-0.03608775525598665,0.2961347985305044,3,2,3,2,FNG2037,RECRUTER
FNG2021,6,3,106.30977899999992,32.9519,RECRUTER,0.8188920614761491,1.2589955116920746,-0.5945464558278252,0.42209098486377367,0.3073606036624822,2,1,2,1,FNG2021,RECRUTER
FNG2019,11,5,115.42624400000022,31.127,RECRUTER,0.14509570420432336,-0.6943639926081252,-0.6647374285072183,0.09658837055506124,0.30717986211317155,3,1,3,1,FNG2019,RECRUTER
