subname,scorer,session,session_raw,interval_idx,anchor_event,t_start_s,t_end_s,t_mid_min,irt_s,irt_error_s,irt_abs_error_s,irt_ratio,press_duration_s,valid,exclusion,irt_roll,cv_roll_pct,t_exp_s,t_exp_min
TT001,Phi,Nap1,Session 4,1,Response,36.4626,70.5442,0.8917,34.0816,4.0816,4.0816,1.1361,0.8029,True,,,,1199.6434,19.9941
TT001,Phi,Nap1,Session 4,2,Response,70.5442,108.2023,1.4896,37.6581,7.6581,7.6581,1.2553,0.8253,True,,35.8698,7.05,1235.5133,20.5919
TT001,Phi,Nap1,Session 4,3,Response,108.2023,148.3807,2.1382,40.1784,10.1784,10.1784,1.3393,0.8922,True,,37.306,8.212,1274.4315,21.2405
TT001,Phi,Nap1,Session 4,4,Response,148.3807,185.4366,2.7818,37.0559,7.0559,7.0559,1.2352,0.9145,True,,37.2435,6.725,1313.0487,21.8841
TT001,Phi,Nap1,Session 4,5,Response,185.4366,218.8346,3.3689,33.398,3.398,3.398,1.1133,0.8476,True,,36.4744,7.589,1348.2756,22.4713
TT001,Phi,Nap1,Session 4,6,Response,218.8346,258.8045,3.9803,39.9699,9.9699,9.9699,1.3323,0.9368,True,,37.6521,7.299,1384.9596,23.0827
TT001,Phi,Nap1,Session 4,7,Response,258.8045,298.5369,4.6445,39.7324,9.7324,9.7324,1.3244,0.9368,True,,38.0669,7.622,1424.8107,23.7468
TT001,Phi,Nap1,Session 4,8,Response,298.5369,338.6707,5.3101,40.1338,10.1338,10.1338,1.3378,1.0483,True,,38.058,7.603,1464.7438,24.4124
TT001,Phi,Nap1,Session 4,9,Response,338.6707,372.9832,5.9304,34.3125,4.3125,4.3125,1.1438,0.9591,True,,37.5093,8.943,1501.967,25.0328
TT001,Phi,Nap1,Session 4,10,Response,372.9832,410.0312,6.5251,37.048,7.048,7.048,1.2349,1.026,True,,38.2393,6.623,1537.6472,25.6275
TT001,Phi,Nap1,Session 4,11,Response,410.0312,453.2954,7.1944,43.2642,13.2642,13.2642,1.4421,0.9145,True,,38.8982,8.693,1577.8033,26.2967
TT001,Phi,Nap1,Session 4,12,Response,453.2954,481.6449,7.7912,28.3495,-1.6505,1.6505,0.945,0.8922,True,,36.6216,15.591,1613.6102,26.8935
TT001,Phi,Nap1,Session 4,13,Response,481.6449,519.0276,8.3389,37.3827,7.3827,7.3827,1.2461,0.9591,True,,36.0714,15.002,1646.4763,27.4413
TT001,Phi,Nap1,Session 4,14,Response,519.0276,551.6895,8.9226,32.6619,2.6619,2.6619,1.0887,1.0037,True,,35.7413,15.648,1681.4986,28.025
TT001,Phi,Nap1,Session 4,15,Response,551.6895,586.5072,9.485,34.8177,4.8177,4.8177,1.1606,0.9145,True,,35.2952,15.728,1715.2384,28.5873
TT001,Phi,Nap1,Session 4,16,Response,586.5072,641.5256,10.2336,55.0184,25.0184,25.0184,1.8339,1.0706,True,,37.646,27.256,1760.1564,29.3359
TT001,Phi,Nap1,Session 4,17,Response,641.5256,677.3994,10.991,35.8738,5.8738,5.8738,1.1958,0.8476,True,,39.1509,23.077,1805.6025,30.0934
TT001,Phi,Nap1,Session 4,18,Response,677.3994,700.7528,11.4846,23.3534,-6.6466,6.6466,0.7784,0.736,True,,36.345,31.778,1835.2161,30.5869
TT001,Phi,Nap1,Session 4,19,Response,700.7528,738.3216,11.9923,37.5688,7.5688,7.5688,1.2523,0.8476,True,,37.3264,30.449,1865.6772,31.0946
TT001,Phi,Nap1,Session 4,20,Response,738.3216,778.8937,12.6435,40.5721,10.5721,10.5721,1.3524,0.6914,True,,38.4773,29.47,1904.7476,31.7458
TT001,Phi,Nap1,Session 4,21,Response,778.8937,790.7974,13.0808,11.9037,-18.0963,18.0963,0.3968,0.736,True,,29.8544,40.164,1930.9856,32.1831
TT001,Phi,Nap1,Session 4,22,Response,790.7974,829.0722,13.4989,38.2748,8.2748,8.2748,1.2758,0.8029,True,,30.3346,40.664,1956.0748,32.6012
TT001,Phi,Nap1,Session 4,23,Response,829.0722,871.9349,14.1751,42.8627,12.8627,12.8627,1.4288,0.8922,True,,34.2364,36.967,1996.6436,33.2774
TT001,Phi,Nap1,Session 4,24,Response,871.9349,911.0873,14.8585,39.1524,9.1524,9.1524,1.3051,0.8699,True,,34.5531,36.985,2037.6511,33.9609
TT001,Phi,Nap1,Session 4,25,Response,911.0873,955.0574,15.5512,43.9701,13.9701,13.9701,1.4657,0.8699,True,,35.2327,37.638,2079.2124,34.6535
TT001,Phi,Nap1,Session 4,26,Response,955.0574,1003.4962,16.3213,48.4388,18.4388,18.4388,1.6146,0.8922,True,,42.5398,9.593,2125.4168,35.4236
TT001,Phi,Nap1,Session 4,27,Response,1003.4962,1047.1986,17.0891,43.7024,13.7024,13.7024,1.4567,0.8476,True,,43.6253,7.592,2171.4874,36.1915
TT001,Phi,Nap1,Session 4,28,Response,1047.1986,1090.5966,17.815,43.398,13.398,13.398,1.4466,0.8476,True,,43.7323,7.523,2215.0376,36.9173
TT001,Phi,Nap1,Session 4,29,Response,1090.5966,1172.6486,18.8604,82.052,52.052,52.052,2.7351,0.9145,True,,52.3123,32.025,2277.7626,37.9627
TT001,Phi,Nap1,Session 4,30,Response,1172.6486,1207.4886,19.8345,34.84,4.84,4.84,1.1613,0.8029,True,,50.4862,36.276,2336.2086,38.9368
TT001,Phi,Nap1,Session 4,31,Response,1207.4886,1243.8084,20.4275,36.3198,6.3198,6.3198,1.2107,0.8029,True,,48.0624,40.409,2371.7885,39.5298
TT001,Phi,Nap1,Session 4,32,Response,1243.8084,1279.4145,21.0269,35.6061,5.6061,5.6061,1.1869,0.8476,True,,46.4432,43.489,2407.7514,40.1292
TT001,Phi,Nap1,Session 4,33,Response,1279.4145,1314.5444,21.6163,35.1299,5.1299,5.1299,1.171,0.8253,True,,44.7896,46.524,2443.1194,40.7187
TT001,Phi,Nap1,Session 4,34,Response,1314.5444,1349.7491,22.2024,35.2047,5.2047,5.2047,1.1735,0.736,True,,35.4201,1.616,2478.2868,41.3048
TT001,Phi,Nap1,Session 4,35,Response,1349.7491,1383.6339,22.7782,33.8848,3.8848,3.8848,1.1295,1.4498,True,,35.2291,2.519,2512.8315,41.8805
TT001,Phi,Nap1,Session 4,36,Response,1383.6339,1435.3736,23.4917,51.7397,21.7397,21.7397,1.7247,0.8029,True,,38.313,19.663,2555.6438,42.5941
TT001,Phi,Nap1,Session 4,37,Response,1435.3736,1475.3736,24.2562,40.0,10.0,10.0,1.3333,0.8476,True,,39.1918,18.865,2601.5136,43.3586
TT001,Phi,Nap1,Session 4,38,Response,1475.3736,1510.9496,24.886,35.576,5.576,5.576,1.1859,0.7806,True,,39.281,18.673,2639.3016,43.9884
TT001,Phi,Nap1,Session 4,39,Response,1510.9496,1570.9273,25.6823,59.9777,29.9777,29.9777,1.9993,0.7583,True,,44.2356,25.38,2687.0784,44.7846
TT001,Phi,Nap1,Session 4,40,Response,1570.9273,1598.2062,26.4094,27.2789,-2.7211,2.7211,0.9093,0.8922,True,,42.9145,30.29,2730.7068,45.5118
TT001,Phi,Nap1,Session 4,41,Response,1598.2062,1633.1354,26.9278,34.9292,4.9292,4.9292,1.1643,0.9145,True,,39.5524,31.1,2761.8108,46.0302
TT001,Phi,Nap2,Session 5,1,Response,36.5072,68.7008,0.8767,32.1936,2.1936,2.1936,1.0731,0.9368,True,,,,3080.404,51.3401
TT001,Phi,Nap2,Session 5,2,Response,68.7008,100.2844,1.4082,31.5836,1.5836,1.5836,1.0528,0.9814,True,,31.8886,1.353,3112.2926,51.8715
TT001,Phi,Nap2,Session 5,3,EndProbe,179.486,224.589,3.3673,45.103,15.103,15.103,1.5034,0.8476,True,,36.2934,21.038,3229.8375,53.8306
TT001,Phi,Nap2,Session 5,4,Response,224.589,253.6523,3.9853,29.0633,-0.9367,0.9367,0.9688,0.8029,True,,34.4859,20.897,3266.9206,54.4487
TT001,Phi,Nap2,Session 5,5,Response,253.6523,282.9609,4.4718,29.3086,-0.6914,0.6914,0.977,0.8253,True,,33.4504,19.9,3296.1066,54.9351
TT001,Phi,Nap2,Session 5,6,Response,282.9609,312.9609,4.966,30.0,0.0,0.0,1.0,0.7806,True,,33.0117,20.691,3325.7609,55.4293
TT001,Phi,Nap2,Session 5,7,Response,312.9609,342.0687,5.4586,29.1078,-0.8922,0.8922,0.9703,0.8476,True,,32.5165,21.669,3355.3148,55.9219
TT001,Phi,Nap2,Session 5,8,Response,342.0687,370.7226,5.9399,28.6539,-1.3461,1.3461,0.9551,0.8699,True,,29.2267,1.688,3384.1956,56.4033
TT001,Phi,Nap2,Session 5,9,Response,370.7226,401.9572,6.439,31.2346,1.2346,1.2346,1.0412,0.9145,True,,29.661,3.386,3414.1399,56.9023
TT001,Phi,Nap2,Session 5,10,EndProbe,480.276,516.6187,8.3075,36.3427,6.3427,6.3427,1.2114,0.8029,True,,31.0678,10.007,3526.2474,58.7708
TT001,Phi,Nap2,Session 5,11,Response,516.6187,552.6486,8.9106,36.0299,6.0299,6.0299,1.201,0.7137,True,,32.2738,11.476,3562.4336,59.3739
TT001,Phi,Nap2,Session 5,12,Response,552.6486,586.5518,9.4933,33.9032,3.9032,3.9032,1.1301,0.7806,True,,33.2329,9.855,3597.4002,59.9567
TT001,Phi,Nap2,Session 5,13,Response,586.5518,622.2025,10.073,35.6507,5.6507,5.6507,1.1884,0.7806,True,,34.6322,6.124,3632.1772,60.5363
TT001,Phi,Nap2,Session 5,14,Response,622.2025,659.6153,10.6818,37.4128,7.4128,7.4128,1.2471,0.8476,True,,35.8679,3.566,3668.7089,61.1451
TT001,Phi,Nap2,Session 5,15,Response,659.6153,695.8381,11.2954,36.2228,6.2228,6.2228,1.2074,0.8699,True,,35.8439,3.541,3705.5267,61.7588
TT001,Phi,Nap2,Session 5,16,Response,695.8381,728.2692,11.8676,32.4311,2.4311,2.4311,1.081,0.736,True,,35.1241,5.598,3739.8536,62.3309
TT001,Phi,Nap2,Session 5,17,Response,728.2692,758.9461,12.3935,30.6769,0.6769,0.6769,1.0226,0.736,True,,34.4789,8.161,3771.4076,62.8568
TT001,Phi,Nap2,Session 5,18,EndProbe,842.14,875.8827,14.3169,33.7427,3.7427,3.7427,1.1248,0.736,True,,34.0973,8.047,3886.8114,64.7802
TT001,Phi,Nap2,Session 5,19,Response,875.8827,906.1503,14.8503,30.2676,0.2676,0.2676,1.0089,0.7137,True,,32.6682,7.431,3918.8165,65.3136
TT001,Phi,Nap2,Session 5,20,Response,906.1503,935.1913,15.3445,29.041,-0.959,0.959,0.968,0.7583,True,,31.2319,5.943,3948.4708,65.8078
TT001,Phi,Nap2,Session 5,21,Response,935.1913,965.615,15.8401,30.4237,0.4237,0.4237,1.0141,0.8253,True,,30.8304,5.662,3978.2032,66.3034
TT001,Phi,Nap2,Session 5,22,Response,965.615,996.4849,16.3508,30.8699,0.8699,0.8699,1.029,0.8922,True,,30.869,5.648,4008.85,66.8142
TT001,Phi,Nap2,Session 5,23,Response,996.4849,1025.3028,16.8482,28.8179,-1.1821,1.1821,0.9606,0.8253,True,,29.884,3.02,4038.6938,67.3116
TT001,Phi,Nap2,Session 5,24,Response,1025.3028,1058.4778,17.3648,33.175,3.175,3.175,1.1058,0.7583,True,,30.4655,5.744,4069.6903,67.8282
TT001,Phi,Nap2,Session 5,25,Response,1058.4778,1087.154,17.8803,28.6762,-1.3238,1.3238,0.9559,0.7806,True,,30.3925,6.021,4100.6159,68.3436
TT001,Phi,Nap2,Session 5,26,Response,1087.154,1119.0276,18.3848,31.8736,1.8736,1.8736,1.0625,0.8029,True,,30.6825,6.347,4130.8908,68.8482
TT001,Phi,Nap2,Session 5,27,EndProbe,1202.704,1245.1466,20.3988,42.4426,12.4426,12.4426,1.4148,0.6914,True,,32.9971,17.053,4251.7253,70.8621
TT001,Phi,Nap2,Session 5,28,Response,1245.1466,1282.0018,21.0596,36.8552,6.8552,6.8552,1.2285,0.7583,True,,34.6045,15.233,4291.3742,71.5229
TT001,Phi,Nap2,Session 5,29,Response,1282.0018,1328.0908,21.7508,46.089,16.089,16.089,1.5363,0.6914,True,,37.1873,19.375,4332.8463,72.2141
TT001,Phi,Nap2,Session 5,30,Response,1328.0908,1370.842,22.4911,42.7512,12.7512,12.7512,1.425,0.8476,True,,40.0023,14.06,4377.2664,72.9544
TT001,Phi,Nap2,Session 5,31,Response,1370.842,1417.89,23.2394,47.048,17.048,17.048,1.5683,0.6468,True,,43.0372,9.298,4422.166,73.7028
TT001,Phi,Nap2,Session 5,32,Response,1417.89,1459.0052,23.9741,41.1152,11.1152,11.1152,1.3705,0.8699,True,,42.7717,9.572,4466.2476,74.4375
TT001,Phi,Nap2,Session 5,33,Response,1459.0052,1520.5966,24.83,61.5914,31.5914,31.5914,2.053,0.7137,True,,47.719,17.02,4517.6009,75.2933
TT001,Phi,Nap2,Session 5,34,Response,1520.5966,1563.3461,25.6995,42.7495,12.7495,12.7495,1.425,0.6914,True,,47.0511,17.897,4569.7714,76.1629
TT001,Phi,Nap2,Session 5,35,EndProbe,1648.668,1685.978,27.7887,37.31,7.31,7.31,1.2437,0.7806,True,,45.9628,20.471,4695.123,78.252
TT001,Phi,Nap2,Session 5,36,Response,1685.978,1718.6176,28.3716,32.6396,2.6396,2.6396,1.088,0.8699,True,,43.0811,25.663,4730.0978,78.835
TT001,Phi,Nap2,Session 5,37,Response,1718.6176,1756.8701,28.9624,38.2525,8.2525,8.2525,1.2751,0.7583,True,,42.5086,26.478,4765.5438,79.4257
TT001,Phi,Nap2,Session 5,38,Response,1756.8701,1794.0152,29.5907,37.1451,7.1451,7.1451,1.2382,0.9145,True,,37.6193,9.569,4803.2426,80.054
TT001,Phi,Nap2,Session 5,39,Reset,1813.3907,1851.0265,30.5368,37.6358,7.6358,7.6358,1.2545,0.9368,True,,36.5966,6.154,4860.0086,81.0001
TT001,Phi,Nap2,Session 5,40,Response,1851.0265,1878.5284,31.0796,27.5019,-2.4981,2.4981,0.9167,0.6691,True,,34.635,13.172,4892.5775,81.543
TT001,Phi,Nap2,Session 5,41,Response,1878.5284,1917.6731,31.635,39.1447,9.1447,9.1447,1.3048,0.9591,True,,35.936,13.283,4925.9008,82.0983
TT001,Phi,Nap2,Session 5,42,Response,1917.6731,1998.8407,32.6376,81.1676,51.1676,51.1676,2.7056,0.8476,True,,44.519,47.162,4986.0569,83.1009
TT001,Phi,Nap2,Session 5,43,Response,1998.8407,2033.5022,33.6029,34.6615,4.6615,4.6615,1.1554,0.8029,True,,44.0223,48.253,5043.9714,84.0662
TT001,Phi,Nap2,Session 5,44,Response,2033.5022,2078.3015,34.265,44.7993,14.7993,14.7993,1.4933,0.6468,True,,45.455,46.074,5083.7019,84.7284
TT001,Phi,Nap2,Session 5,45,Response,2078.3015,2112.0709,34.9198,33.7694,3.7694,3.7694,1.1256,0.8253,True,,46.7085,42.291,5122.9862,85.3831
TT001,Phi,Nap2,Session 5,46,Response,2112.0709,2150.0189,35.5174,37.948,7.948,7.948,1.2649,0.8253,True,,46.4692,42.771,5158.8449,85.9807
TT001,Phi,Nap2,Session 5,47,EndProbe,2235.496,2273.9522,37.5787,38.4562,8.4562,8.4562,1.2819,0.8699,True,,37.9269,11.452,5282.5241,88.0421
TT001,Phi,Nap2,Session 5,48,Response,2273.9522,2313.8552,38.2317,39.903,9.903,9.903,1.3301,0.9814,True,,38.9752,10.199,5321.7037,88.6951
TT001,Phi,Nap2,Session 5,49,Response,2313.8552,2348.2346,38.8507,34.3794,4.3794,4.3794,1.146,0.736,True,,36.8912,7.26,5358.8449,89.3141
TT001,Phi,Nap2,Session 5,50,Response,2348.2346,2382.9407,39.4265,34.7061,4.7061,4.7061,1.1569,0.8922,True,,37.0785,6.543,5393.3877,89.8898
TT001,Phi,Nap2,Session 5,51,Response,2382.9407,2417.3201,40.0022,34.3794,4.3794,4.3794,1.146,0.7583,True,,36.3648,7.214,5427.9304,90.4655
TT001,Phi,Nap2,Session 5,52,Reset,2450.8664,2483.3868,41.1188,32.5204,2.5204,2.5204,1.084,0.8699,True,,35.1777,7.899,5494.9266,91.5821
TT001,Phi,Nap2,Session 5,53,Response,2483.3868,2515.4689,41.6571,32.0821,2.0821,2.0821,1.0694,0.9591,True,,33.6135,3.615,5527.2278,92.1205
TT001,Phi,Nap2,Session 5,54,Response,2515.4689,2550.3312,42.215,34.8623,4.8623,4.8623,1.1621,0.7806,True,,33.7101,3.877,5560.7001,92.6783
TT001,Phi,Nap2,Session 5,55,Response,2550.3312,2578.7253,42.7421,28.3941,-1.6059,1.6059,0.9465,0.8253,True,,32.4477,7.877,5592.3283,93.2055
TT001,Phi,Nap2,Session 5,56,Response,2578.7253,2608.123,43.2237,29.3977,-0.6023,0.6023,0.9799,0.8029,True,,31.4513,8.221,5621.2242,93.6871
TT001,Phi,Nap2,Session 5,57,Response,2608.123,2639.1936,43.7276,31.0706,1.0706,1.0706,1.0357,0.8476,True,,31.1614,8.074,5651.4583,94.191
TT001,Phi,Nap2,Session 5,58,Response,2639.1936,2702.4723,44.5139,63.2787,33.2787,33.2787,2.1093,0.736,True,,37.4007,39.236,5698.633,94.9772
TT001,Phi,Nap2,Session 5,59,Response,2702.4723,2740.2196,45.3558,37.7473,7.7473,7.7473,1.2582,0.736,True,,37.9777,38.46,5749.146,95.8191
TT001,Phi,Nap2,Session 5,60,EndProbe,2833.55,2879.149,47.6058,45.599,15.599,15.599,1.52,0.8476,True,,41.4187,33.289,5884.1495,98.0692
TT001,Phi,Nap2,Session 5,61,Response,2879.149,2926.3387,48.3791,47.1897,17.1897,17.1897,1.573,1.3159,True,,44.9771,26.908,5930.5438,98.8424
TT001,Phi,Nap2,Session 5,62,Response,2926.3387,2960.0412,49.0532,33.7025,3.7025,3.7025,1.1234,0.8922,True,,45.5034,25.014,5970.99,99.5165
TT001,Phi,Nap2,Session 5,63,Response,2960.0412,2994.7473,49.6232,34.7061,4.7061,4.7061,1.1569,0.8029,True,,39.7889,15.674,6005.1943,100.0866
TT001,Phi,Nap2,Session 5,64,Response,2994.7473,3027.7885,50.1878,33.0412,3.0412,3.0412,1.1014,0.7583,True,,38.8477,17.858,6039.0679,100.6511
TT001,Phi,Nap2,Session 5,65,Reset,3060.7103,3094.086,51.29,33.3757,3.3757,3.3757,1.1125,0.6691,True,,36.403,16.652,6105.1982,101.7533
TT001,Phi,Nap2,Session 5,66,Response,3094.086,3125.848,51.8328,31.762,1.762,1.762,1.0587,0.9814,True,,33.3175,3.21,6137.767,102.2961
TT001,Phi,Nap2,Session 5,67,Response,3125.848,3162.5616,52.4034,36.7136,6.7136,6.7136,1.2238,1.026,True,,33.9197,5.544,6172.0048,102.8667
TT001,Phi,Nap2,Session 5,68,Response,3162.5616,3197.0525,52.9968,34.4909,4.4909,4.4909,1.1497,1.0037,True,,33.8767,5.492,6207.6071,103.4601
TT001,Phi,Nap2,Session 5,69,Reset,3234.1083,3270.3758,54.204,36.2675,6.2675,6.2675,1.2089,0.8922,True,,34.5219,5.933,6280.042,104.6674
TT001,Phi,Nap2,Session 5,70,Response,3270.3758,3303.4615,54.782,33.0857,3.0857,3.0857,1.1029,0.9145,True,,34.4639,6.072,6314.7186,105.2453
TT001,Phi,Nap2,Session 5,71,Response,3303.4615,3338.5245,55.3499,35.063,5.063,5.063,1.1688,0.9368,True,,35.1241,4.124,6348.793,105.8132
TT001,Phi,Nap2,Session 5,72,Response,3338.5245,3370.5319,55.9088,32.0074,2.0074,2.0074,1.0669,0.8029,True,,34.1829,4.885,6382.3282,106.3721
TT001,Phi,Nap2,Session 5,73,Response,3370.5319,3407.6915,56.4852,37.1596,7.1596,7.1596,1.2387,0.8029,True,,34.7166,6.194,6416.9117,106.9485
TT001,Phi,Nap2,Session 5,74,Response,3407.6915,3449.216,57.1409,41.5245,11.5245,11.5245,1.3842,0.8029,True,,35.768,10.545,6456.2538,107.6042
TT001,Phi,Nap2,Session 5,75,Response,3449.216,3486.1971,57.7951,36.9811,6.9811,6.9811,1.2327,0.8476,True,,36.5471,9.493,6495.5066,108.2584
TT001,Phi,Nap2,Session 5,76,Response,3486.1971,3523.9667,58.418,37.7696,7.7696,7.7696,1.259,0.8922,True,,37.0884,9.141,6532.8819,108.8814
TT001,Phi,Nap2,Session 5,77,EndProbe,3601.824,3644.5466,60.3864,42.7226,12.7226,12.7226,1.4241,0.8253,True,,39.2315,6.856,6650.9853,110.8498
TT001,Phi,Nap2,Session 5,78,Response,3644.5466,3681.9225,61.0539,37.3759,7.3759,7.3759,1.2459,1.026,True,,39.2747,6.746,6691.0346,111.5172
TT001,Phi,Nap2,Session 5,79,Response,3681.9225,3712.2125,61.6178,30.29,0.29,0.29,1.0097,0.9145,True,,37.0278,11.964,6724.8675,112.0811
TT001,Phi,Nap2,Session 5,80,Response,3712.2125,3791.1118,62.5277,78.8993,48.8993,48.8993,2.63,0.9145,True,,45.4115,42.362,6779.4622,112.991
TT001,Phi,Nap2,Session 5,81,Response,3791.1118,3830.2419,63.5113,39.1301,9.1301,9.1301,1.3043,0.9145,True,,45.6836,41.834,6838.4768,113.9746
TT001,Phi,Nap2,Session 5,82,Reset,3902.3686,3942.6508,65.3752,40.2822,10.2822,10.2822,1.3427,1.1152,True,,45.1955,42.563,6950.3097,115.8385
TT001,Phi,Nap2,Session 5,83,Response,3942.6508,3974.4652,65.976,31.8144,1.8144,1.8144,1.0605,0.8922,True,,44.0832,45.254,6986.358,116.4393
TT001,Phi,Nap2,Session 5,84,Response,3974.4652,4009.7959,66.5355,35.3307,5.3307,5.3307,1.1777,0.9368,True,,45.0913,42.56,7019.9306,116.9988
TT001,Phi,Nap2,Session 5,85,Response,4009.7959,4047.9446,67.1478,38.1487,8.1487,8.1487,1.2716,0.8699,True,,36.9412,9.209,7056.6702,117.6112
TT001,Phi,Nap2,Session 5,86,Response,4047.9446,4084.4875,67.7703,36.5429,6.5429,6.5429,1.2181,0.7583,True,,36.4238,8.716,7094.016,118.2336
TT001,Phi,Nap2,Session 5,87,Response,4084.4875,4112.5169,68.3084,28.0294,-1.9706,1.9706,0.9343,0.8699,True,,33.9732,11.945,7126.3022,118.7717
TT001,Phi,Nap2,Session 5,88,Response,4112.5169,4147.1863,68.8309,34.6694,4.6694,4.6694,1.1556,0.8476,True,,34.5442,11.218,7157.6516,119.2942
TT001,Phi,Nap2,Session 5,89,Response,4147.1863,4182.9407,69.4177,35.7544,5.7544,5.7544,1.1918,1.026,True,,34.629,11.265,7192.8635,119.8811
TT001,Phi,Nap2,Session 5,90,EndProbe,4251.638,4295.3797,71.2251,43.7417,13.7417,13.7417,1.4581,0.8476,True,,35.7476,15.655,7301.3088,121.6885
TT001,Phi,Nap2,Session 5,91,Response,4295.3797,4326.8071,71.8516,31.4274,1.4274,1.4274,1.0476,1.4944,True,,34.7245,16.919,7338.8934,122.3149
TT001,Phi,Nap2,Session 5,92,Response,4326.8071,4372.9407,72.4979,46.1336,16.1336,16.1336,1.5378,1.0037,True,,38.3453,16.383,7377.6739,122.9612
TT001,Phi,Nap2,Session 5,93,Response,4372.9407,4408.4275,73.1781,35.4868,5.4868,5.4868,1.1829,0.8922,True,,38.5088,16.028,7418.4841,123.6414
TT001,Phi,Nap2,Session 5,94,Response,4408.4275,4426.3387,73.6231,17.9112,-12.0888,12.0888,0.597,0.7137,True,,34.9401,32.17,7445.1831,124.0864
TT001,Phi,Nap2,Session 5,95,Reset,4442.9853,4476.9409,74.3327,33.9556,3.9556,3.9556,1.1319,0.6245,True,,32.9829,30.685,7487.7631,124.7961
TT001,Phi,Nap2,Session 5,96,Response,4476.9409,4502.3909,74.8278,25.45,-4.55,4.55,0.8483,0.9591,True,,31.7874,33.623,7517.4659,125.2911
TT001,Phi,Nap2,Session 5,97,Response,4502.3909,4551.0672,75.4455,48.6763,18.6763,18.6763,1.6225,1.0037,True,,32.296,35.811,7554.529,125.9088
TT001,Phi,Nap2,Session 5,98,Response,4551.0672,4600.0189,76.2591,48.9517,18.9517,18.9517,1.6317,0.9368,True,,34.989,39.551,7603.343,126.7224
TT001,Phi,Nap2,Session 5,99,Response,4600.0189,4640.0412,77.0005,40.0223,10.0223,10.0223,1.3341,0.9145,True,,39.4112,25.434,7647.83,127.4638
TT001,Phi,Nap2,Session 5,100,EndProbe,4843.014,4899.2829,81.1858,56.2689,26.2689,26.2689,1.8756,0.8699,True,,43.8738,26.89,7898.9485,131.6491
TT001,Phi,Nap2,Session 5,101,Response,4899.2829,4935.4466,81.9561,36.1637,6.1637,6.1637,1.2055,0.9145,True,,46.0166,17.311,7945.1648,132.4194
TT001,Phi,Nap2,Session 5,102,EndProbe,5127.11,5174.376,85.8457,47.266,17.266,17.266,1.5755,1.0037,True,,45.7345,17.213,8178.543,136.3091
TT001,Phi,Nap2,Session 5,103,Response,5174.376,5217.6547,86.6003,43.2787,13.2787,13.2787,1.4426,0.8029,True,,44.5999,17.264,8223.8154,137.0636
TT001,Phi,Nap2,Session 5,104,Response,5217.6547,5255.335,87.2749,37.6803,7.6803,7.6803,1.256,0.8476,True,,44.1315,18.373,8264.2948,137.7382
TT001,Phi,Nap2,Session 5,105,Response,5255.335,5305.6473,88.0082,50.3123,20.3123,20.3123,1.6771,0.8922,True,,42.9402,14.106,8308.2912,138.4715
TT001,Phi,Wake1,Session 3,1,Response,33.5928,69.0651,0.8555,35.4723,5.4723,5.4723,1.1824,0.9591,True,,,,51.329,0.8555
TT001,Phi,Wake1,Session 3,2,Response,69.0651,103.1323,1.435,34.0672,4.0672,4.0672,1.1356,1.0706,True,,34.7698,2.858,86.0987,1.435
TT001,Phi,Wake1,Session 3,3,Response,103.1323,203.0654,2.5516,99.9331,69.9331,69.9331,3.3311,0.7583,False,break,,,153.0988,2.5516
TT001,Phi,Wake1,Session 3,4,Response,203.0654,234.3066,3.6448,31.2412,1.2412,1.2412,1.0414,0.9368,True,,33.5936,6.415,218.686,3.6448
TT001,Phi,Wake1,Session 3,5,Response,234.3066,267.9867,4.1858,33.6801,3.6801,3.6801,1.1227,0.9591,True,,33.6152,5.236,251.1466,4.1858
TT001,Phi,Wake1,Session 3,6,Response,267.9867,298.7529,4.7228,30.7662,0.7662,0.7662,1.0255,0.9814,True,,33.0454,6.012,283.3698,4.7228
TT001,Phi,Wake1,Session 3,7,Response,298.7529,331.0725,5.2485,32.3196,2.3196,2.3196,1.0773,0.9368,True,,32.4149,4.48,314.9127,5.2485
TT001,Phi,Wake1,Session 3,8,Response,331.0725,365.1095,5.8015,34.037,4.037,4.037,1.1346,0.9368,True,,32.4088,4.455,348.091,5.8015
TT001,Phi,Wake1,Session 3,9,Response,365.1095,402.5669,6.3973,37.4574,7.4574,7.4574,1.2486,1.026,True,,33.6521,7.389,383.8382,6.3973
TT001,Phi,Wake1,Session 3,10,Response,402.5669,436.9162,6.9957,34.3493,4.3493,4.3493,1.145,1.026,True,,33.7859,7.419,419.7416,6.9957
TT001,Phi,Wake1,Session 3,11,Response,436.9162,472.0093,7.5744,35.0931,5.0931,5.0931,1.1698,0.9814,True,,34.6513,5.394,454.4628,7.5744
TT001,Phi,Wake1,Session 3,12,Response,472.0093,506.8715,8.1573,34.8622,4.8622,4.8622,1.1621,0.8476,True,,35.1598,3.839,489.4404,8.1573
TT001,Phi,Wake1,Session 3,13,Response,506.8715,553.2806,8.8346,46.4091,16.4091,16.4091,1.547,1.026,True,,37.6342,13.415,530.076,8.8346
TT001,Phi,Wake1,Session 3,14,Response,553.2806,586.8046,9.5007,33.524,3.524,3.524,1.1175,0.8476,True,,36.8475,14.598,570.0426,9.5007
TT001,Phi,Wake1,Session 3,15,Response,586.8046,623.8891,10.0891,37.0845,7.0845,7.0845,1.2361,1.4944,True,,37.3946,13.899,605.3468,10.0891
TT001,Phi,Wake1,Session 3,16,Response,623.8891,652.3055,10.635,28.4164,-1.5836,1.5836,0.9472,1.0706,True,,36.0592,18.314,638.0973,10.635
TT001,Phi,Wake1,Session 3,17,Response,652.3055,689.7852,11.1841,37.4797,7.4797,7.4797,1.2493,1.1152,True,,36.5827,18.011,671.0454,11.1841
TT001,Phi,Wake1,Session 3,18,Response,689.7852,732.5509,11.8528,42.7657,12.7657,12.7657,1.4255,1.4944,True,,35.8541,14.803,711.168,11.8528
TT001,Phi,Wake1,Session 3,19,Response,732.5509,768.2685,12.5068,35.7176,5.7176,5.7176,1.1906,0.9368,True,,36.2928,14.204,750.4097,12.5068
TT001,Phi,Wake1,Session 3,20,Response,768.2685,804.9534,13.1102,36.6849,6.6849,6.6849,1.2228,1.0037,True,,36.2129,14.202,786.611,13.1102
TT001,Phi,Wake1,Session 3,21,Response,804.9534,851.2955,13.8021,46.3421,16.3421,16.3421,1.5447,1.0706,True,,39.798,11.47,828.1244,13.8021
TT001,Phi,Wake1,Session 3,22,Response,851.2955,893.3698,14.5389,42.0743,12.0743,12.0743,1.4025,1.0706,True,,40.7169,10.91,872.3326,14.5389
TT001,Phi,Wake1,Session 3,23,Response,893.3698,937.8384,15.2601,44.4686,14.4686,14.4686,1.4823,0.9814,True,,41.0575,11.439,915.6041,15.2601
TT001,Phi,Wake2,Session 7,1,Response,33.1723,65.3358,0.8209,32.1635,2.1635,2.1635,1.0721,0.9145,True,,,,8592.9041,143.2151
TT001,Phi,Wake2,Session 7,2,Response,65.3358,111.4917,1.4736,46.1559,16.1559,16.1559,1.5385,0.7806,True,,39.1597,25.266,8632.0638,143.8677
TT001,Phi,Wake2,Session 7,3,Response,111.4917,153.4098,2.2075,41.9181,11.9181,11.9181,1.3973,0.8476,True,,40.0792,17.902,8676.1008,144.6017
TT001,Phi,Wake2,Session 7,4,Response,153.4098,193.3875,2.89,39.9777,9.9777,9.9777,1.3326,0.8476,True,,40.0538,14.627,8717.0486,145.2841
TT001,Phi,Wake2,Session 7,5,Response,193.3875,234.2652,3.5638,40.8777,10.8777,10.8777,1.3626,0.8029,True,,40.2186,12.649,8757.4764,145.9579
TT001,Phi,Wake2,Session 7,6,Response,234.2652,271.0233,4.2107,36.7581,6.7581,6.7581,1.2253,0.8922,True,,41.1375,8.278,8796.2943,146.6049
TT001,Phi,Wake2,Session 7,7,Response,271.0233,311.8039,4.8569,40.7806,10.7806,10.7806,1.3594,0.9145,True,,40.0624,4.921,8835.0636,147.2511
TT001,Phi,Wake2,Session 7,8,Response,311.8039,352.54,5.5362,40.7361,10.7361,10.7361,1.3579,0.8922,True,,39.826,4.4,8875.822,147.9304
TT001,Phi,Wake2,Session 7,9,Response,352.54,393.789,6.2194,41.249,11.249,11.249,1.375,0.8922,True,,40.0803,4.661,8916.8145,148.6136
TT001,Phi,Wake2,Session 7,10,Response,393.789,431.6701,6.8788,37.8811,7.8811,7.8811,1.2627,0.8922,True,,39.481,5.123,8956.3796,149.273
TT001,Phi,Wake2,Session 7,11,Response,431.6701,467.2985,7.4914,35.6284,5.6284,5.6284,1.1876,0.9368,True,,39.255,6.179,8993.1343,149.8856
TT001,Phi,Wake2,Session 7,12,Response,467.2985,510.2649,8.1464,42.9664,12.9664,12.9664,1.4322,0.9591,True,,39.6922,7.348,9032.4317,150.5405
TT001,Phi,Wake2,Session 7,13,Response,510.2649,550.8448,8.8426,40.5799,10.5799,10.5799,1.3527,0.9814,True,,39.661,7.321,9074.2049,151.2367
TT001,Phi,Wake2,Session 7,14,Response,550.8448,591.6255,9.5206,40.7807,10.7807,10.7807,1.3594,1.1598,True,,39.5673,7.194,9114.8852,151.9148
TT001,Phi,Wake2,Session 7,15,Response,591.6255,637.1424,10.2397,45.5169,15.5169,15.5169,1.5172,0.8476,True,,41.0945,8.883,9158.034,152.6339
TT001,Phi,Wake2,Session 7,16,Response,637.1424,678.0345,10.9598,40.8921,10.8921,10.8921,1.3631,0.8922,True,,42.1472,5.023,9201.2384,153.354
TT001,Phi,Wake2,Session 7,17,Response,678.0345,720.5103,11.6545,42.4758,12.4758,12.4758,1.4159,1.1152,True,,42.0491,4.948,9242.9224,154.0487
TT001,Phi,Wake2,Session 7,18,Response,720.5103,766.3617,12.3906,45.8514,15.8514,15.8514,1.5284,1.0929,True,,43.1034,5.689,9287.086,154.7848
TT001,Phi,Wake2,Session 7,19,Response,766.3617,805.5142,13.099,39.1525,9.1525,9.1525,1.3051,0.8476,True,,42.7777,6.789,9329.588,155.4931
TT001,Phi,Wake2,Session 7,20,Response,805.5142,852.0493,13.813,46.5351,16.5351,16.5351,1.5512,0.8922,True,,42.9814,7.371,9372.4318,156.2072
TT001,Phi,Wake2,Session 7,21,Response,852.0493,898.0122,14.5838,45.9629,15.9629,15.9629,1.5321,0.9145,True,,43.9955,7.145,9418.6808,156.978
TT002,Phi,Nap1,Session 4,1,Response,24.8567,51.9572,0.6401,27.1005,-2.8995,2.8995,0.9034,1.1152,True,,,,1092.177,18.2029
TT002,Phi,Nap1,Session 4,2,Response,51.9572,78.9238,1.0907,26.9666,-3.0334,3.0334,0.8989,1.0929,True,,27.0335,0.35,1119.2105,18.6535
TT002,Phi,Nap1,Session 4,3,Response,78.9238,106.4403,1.5447,27.5165,-2.4835,2.4835,0.9172,0.9368,True,,27.1945,1.054,1146.452,19.1075
TT002,Phi,Nap1,Session 4,4,Response,106.4403,135.7266,2.0181,29.2863,-0.7137,0.7137,0.9762,0.9814,True,,27.7175,3.867,1174.8534,19.5809
TT002,Phi,Nap1,Session 4,5,Response,135.7266,168.6484,2.5365,32.9218,2.9218,2.9218,1.0974,1.1598,True,,28.7583,8.713,1205.9575,20.0993
TT002,Phi,Nap1,Session 4,6,Response,168.6484,204.8344,3.1124,36.186,6.186,6.186,1.2062,0.9814,True,,30.5754,12.775,1240.5114,20.6752
TT002,Phi,Nap1,Session 4,7,Response,204.8344,233.0724,3.6492,28.238,-1.762,1.762,0.9413,0.8476,True,,30.8297,11.823,1272.7234,21.2121
TT002,Phi,Nap1,Session 4,8,Response,233.0724,248.054,4.0094,14.9816,-15.0184,15.0184,0.4994,0.9368,True,,28.3227,28.57,1294.3332,21.5722
TT002,Phi,Nap1,Session 4,9,Response,248.054,276.9087,4.3747,28.8547,-1.1453,1.1453,0.9618,1.0929,True,,28.2364,28.62,1316.2514,21.9375
TT002,Phi,Nap1,Session 4,10,Response,276.9087,310.1282,4.892,33.2195,3.2195,3.2195,1.1073,1.1152,True,,28.296,28.715,1347.2884,22.4548
TT002,Phi,Nap1,Session 4,11,Response,310.1282,339.3476,5.4123,29.2194,-0.7806,0.7806,0.974,1.249,True,,26.9026,25.818,1378.5079,22.9751
TT002,Phi,Nap1,Session 4,12,Response,339.3476,362.5371,5.849,23.1895,-6.8105,6.8105,0.773,0.9145,True,,25.8929,27.301,1404.7124,23.4119
TT002,Phi,Nap1,Session 4,13,Response,362.5371,428.1209,6.5888,65.5838,35.5838,35.5838,2.1861,0.9591,True,,36.0134,46.961,1449.099,24.1516
TT002,Phi,Nap1,Session 4,14,Response,428.1209,450.4405,7.3213,22.3196,-7.6804,7.6804,0.744,1.0483,True,,34.7064,51.377,1493.0507,24.8842
TT002,Phi,Nap1,Session 4,15,Response,450.4405,501.0873,7.9294,50.6468,20.6468,20.6468,1.6882,0.8476,True,,38.1918,50.074,1529.5339,25.4922
TT002,Phi,Nap1,Session 4,16,Response,501.0873,518.3885,8.4956,17.3012,-12.6988,12.6988,0.5767,1.3605,True,,35.8082,59.084,1563.5079,26.0585
TT002,Phi,Nap1,Session 4,17,Response,518.3885,543.4962,8.849,25.1077,-4.8923,4.8923,0.8369,1.0037,True,,36.1918,57.711,1584.7124,26.4119
TT002,Phi,Nap1,Session 4,18,Response,543.4962,561.6449,9.2095,18.1487,-11.8513,11.8513,0.605,1.0483,True,,26.7048,51.502,1606.3405,26.7723
TT002,Phi,Nap1,Session 4,19,Response,561.6449,603.5408,9.7099,41.8959,11.8959,11.8959,1.3965,1.0929,True,,30.6201,48.756,1636.3628,27.2727
TT002,Phi,Nap1,Session 4,20,Response,603.5408,645.7489,10.4107,42.2081,12.2081,12.2081,1.4069,1.2267,True,,28.9323,42.7,1678.4148,27.9736
TT002,Phi,Nap1,Session 4,21,Response,645.7489,668.3361,10.9507,22.5872,-7.4128,7.4128,0.7529,0.8699,True,,29.9895,37.648,1710.8125,28.5135
TT002,Phi,Nap1,Session 4,22,Response,668.3361,691.6895,11.3335,23.3534,-6.6466,6.6466,0.7784,0.8699,True,,29.6387,38.818,1733.7828,28.8964
TT002,Phi,Nap1,Session 4,23,Response,691.6895,739.0498,11.9228,47.3603,17.3603,17.3603,1.5787,0.8699,True,,35.481,32.773,1769.1396,29.4857
TT002,Phi,Nap1,Session 4,24,Response,739.0498,784.0314,12.6923,44.9816,14.9816,14.9816,1.4994,0.9145,True,,36.0981,33.589,1815.3106,30.2552
TT002,Phi,Nap1,Session 4,25,Response,784.0314,832.5817,13.4718,48.5503,18.5503,18.5503,1.6183,0.8253,True,,37.3666,35.345,1862.0766,31.0346
TT002,Phi,Nap1,Session 4,26,Response,832.5817,854.5444,14.0594,21.9627,-8.0373,8.0373,0.7321,0.8476,True,,37.2417,35.938,1897.333,31.6222
TT002,Phi,Nap2,Session 5,1,Response,23.5408,49.6599,0.61,26.1191,-3.8809,3.8809,0.8706,0.9368,True,,,,2178.4104,36.3068
TT002,Phi,Nap2,Session 5,2,Response,49.6599,76.0834,1.0479,26.4235,-3.5765,3.5765,0.8808,0.9591,True,,26.2713,0.819,2204.6816,36.7447
TT002,Phi,Nap2,Session 5,3,EndProbe,171.022,192.5148,3.0295,21.4928,-8.5072,8.5072,0.7164,1.0037,True,,24.6785,11.196,2323.5784,38.7263
TT002,Phi,Nap2,Session 5,4,Response,192.5148,206.9388,3.3288,14.424,-15.576,15.576,0.4808,0.8699,True,,22.1148,25.33,2341.5368,39.0256
TT002,Phi,Nap2,Session 5,5,Response,206.9388,232.2025,3.6595,25.2637,-4.7363,4.7363,0.8421,1.0483,True,,22.7446,22.209,2361.3806,39.3563
TT002,Phi,Nap2,Session 5,6,Response,232.2025,256.3734,4.0715,24.1709,-5.8291,5.8291,0.8057,1.1821,True,,22.355,21.448,2386.098,39.7683
TT002,Phi,Nap2,Session 5,7,Response,256.3734,285.8604,4.5186,29.487,-0.513,0.513,0.9829,0.8476,True,,22.9677,24.28,2412.9269,40.2154
TT002,Phi,Nap2,Session 5,8,EndProbe,385.014,413.4962,6.6543,28.4822,-1.5178,1.5178,0.9494,1.026,True,,24.3656,24.527,2541.0651,42.3511
TT002,Phi,Nap2,Session 5,9,Response,413.4962,444.5444,7.1503,31.0482,1.0482,1.0482,1.0349,1.1152,True,,27.6904,10.436,2570.8303,42.8472
TT002,Phi,Nap2,Session 5,10,Response,444.5444,499.9275,7.8706,55.3831,25.3831,25.3831,1.8461,1.1375,True,,33.7143,36.718,2614.0459,43.5674
TT002,Phi,Nap2,Session 5,11,Reset,512.73,532.6932,8.7119,19.9632,-10.0368,10.0368,0.6654,1.4275,True,,32.8727,40.456,2664.5216,44.4087
TT002,Phi,Nap2,Session 5,12,Response,532.6932,560.6189,9.1109,27.9257,-2.0743,2.0743,0.9309,0.9145,True,,32.5605,41.204,2688.466,44.8078
TT002,Phi,Nap2,Session 5,13,Response,560.6189,580.1729,9.5066,19.554,-10.446,10.446,0.6518,1.1598,True,,30.7748,47.55,2712.2059,45.2034
TT002,Phi,Nap2,Session 5,14,Response,580.1729,625.4589,10.0469,45.286,15.286,15.286,1.5095,0.9145,True,,33.6224,47.646,2744.6259,45.7438
TT002,Phi,Nap2,Session 5,15,Response,625.4589,642.9162,10.5698,17.4573,-12.5427,12.5427,0.5819,0.8922,True,,26.0372,44.068,2775.9976,46.2666
TT002,Phi,Nap2,Session 5,16,Response,642.9162,680.9535,11.0322,38.0373,8.0373,8.0373,1.2679,0.8699,True,,29.6521,40.201,2803.7448,46.7291
TT002,Phi,Nap2,Session 5,17,Response,680.9535,732.5817,11.7795,51.6282,21.6282,21.6282,1.7209,0.9591,True,,34.3926,44.478,2848.5776,47.4763
TT002,Phi,Nap2,Session 5,18,Response,732.5817,763.3623,12.4662,30.7806,0.7806,0.7806,1.026,0.9368,True,,36.6379,36.201,2889.782,48.163
TT002,Phi,Nap2,Session 5,19,EndProbe,864.654,892.1579,14.6401,27.5039,-2.4961,2.4961,0.9168,1.1598,True,,33.0815,38.506,3020.2159,50.3369
TT002,Phi,Nap2,Session 5,20,Response,892.1579,924.4552,15.1384,32.2973,2.2973,2.2973,1.0766,1.1152,True,,36.0495,26.371,3050.1165,50.8353
TT002,Phi,Nap2,Session 5,21,Response,924.4552,957.3324,15.6816,32.8772,2.8772,2.8772,1.0959,1.0037,True,,35.0174,27.178,3082.7038,51.3784
TT002,Phi,Nap2,Session 5,22,Response,957.3324,986.4403,16.1981,29.1079,-0.8921,0.8921,0.9703,0.8699,True,,30.5134,7.305,3113.6964,51.8949
TT002,Phi,Nap2,Session 5,23,Response,986.4403,1014.9459,16.6782,28.5056,-1.4944,1.4944,0.9502,0.9814,True,,30.0584,7.942,3142.5031,52.3751
TT002,Phi,Nap2,Session 5,24,Response,1014.9459,1031.1765,17.051,16.2306,-13.7694,13.7694,0.541,0.8699,True,,27.8037,24.265,3164.8712,52.7479
TT002,Phi,Nap2,Session 5,25,Response,1031.1765,1056.3065,17.3957,25.13,-4.87,4.87,0.8377,0.8699,True,,26.3703,23.889,3185.5515,53.0925
TT002,Phi,Nap2,Session 5,26,Response,1056.3065,1075.8381,17.7679,19.5316,-10.4684,10.4684,0.6511,1.0483,True,,23.7011,23.826,3207.8823,53.4647
TT002,Phi,Nap2,Session 5,27,EndProbe,1189.076,1219.2807,20.0696,30.2047,0.2047,0.2047,1.0068,0.9368,True,,23.9205,24.765,3345.9884,55.7665
TT002,Phi,Nap2,Session 5,28,Response,1219.2807,1248.8937,20.5681,29.613,-0.387,0.387,0.9871,1.2044,True,,24.142,25.493,3375.8972,56.265
TT002,Phi,Nap2,Session 5,29,Response,1248.8937,1281.355,21.0854,32.4613,2.4613,2.4613,1.082,0.8476,True,,27.3881,18.746,3406.9344,56.7822
TT002,Phi,Nap2,Session 5,30,EndProbe,1450.06,1470.2175,24.3356,20.1575,-9.8425,9.8425,0.6719,1.0483,True,,26.3936,23.022,3601.9488,60.0325
TT002,Phi,Nap2,Session 5,31,Reset,1485.8604,1511.4219,24.9774,25.5615,-4.4385,4.4385,0.8521,1.1375,True,,27.5996,17.566,3640.4512,60.6742
TT002,Phi,Nap2,Session 5,32,Response,1511.4219,1549.0276,25.5037,37.6057,7.6057,7.6057,1.2535,0.9814,True,,29.0798,22.836,3672.0348,61.2006
TT002,Phi,Nap2,Session 5,33,Reset,1591.6895,1615.266,26.7246,23.5765,-6.4235,6.4235,0.7859,0.8699,True,,27.8725,25.313,3745.2878,62.4215
TT002,Phi,Nap2,Session 5,34,Reset,1850.7082,1865.9719,30.9723,15.2637,-14.7363,14.7363,0.5088,1.0483,True,,24.433,34.113,4000.15,66.6692
TT002,Phi,Nap2,Session 5,35,Response,1865.9719,1888.5369,31.2876,22.565,-7.435,7.435,0.7522,1.1375,True,,24.9145,32.48,4019.0644,66.9844
TT002,Phi,Nap2,Session 5,36,Response,1888.5369,1903.0278,31.5964,14.4909,-15.5091,15.5091,0.483,1.026,True,,22.7004,40.95,4037.5924,67.2932
TT002,Phi,Nap2,Session 5,37,Response,1903.0278,1947.3994,32.0869,44.3716,14.3716,14.3716,1.4791,0.9368,True,,24.0535,50.233,4067.0236,67.7837
TT002,Phi,Nap2,Session 5,38,Response,1947.3994,1971.4665,32.6572,24.0671,-5.9329,5.9329,0.8022,0.8253,True,,24.1517,50.017,4101.243,68.354
TT002,Phi,Nap2,Session 5,39,Reset,2498.5224,2519.013,41.8128,20.4906,-9.5094,9.5094,0.683,0.8699,True,,25.197,44.929,4650.5777,77.5096
TT002,Phi,Nap2,Session 5,40,Reset,2587.7562,2623.8307,43.4299,36.0745,6.0745,6.0745,1.2025,0.9145,True,,27.8989,43.441,4747.6035,79.1267
TT002,Phi,Nap2,Session 5,41,EndProbe,2844.718,2872.3363,47.6421,27.6183,-2.3817,2.3817,0.9206,1.3159,True,,30.5244,31.651,5000.3371,83.339
TT002,Phi,Nap2,Session 5,42,Response,2872.3363,2889.3476,48.014,17.0113,-12.9887,12.9887,0.567,0.8476,True,,25.0524,29.231,5022.6519,83.7109
TT002,Phi,Nap2,Session 5,43,Response,2889.3476,2913.3177,48.3555,23.9701,-6.0299,6.0299,0.799,1.2936,True,,25.033,29.267,5043.1426,84.0524
TT002,Phi,Nap2,Session 5,44,EndProbe,3061.436,3092.6263,51.2839,31.1903,1.1903,1.1903,1.0397,1.0037,True,,27.1729,26.607,5218.8412,86.9807
TT002,Phi,Nap2,Session 5,45,Response,3092.6263,3126.3957,51.8252,33.7694,3.7694,3.7694,1.1256,1.026,True,,26.7119,24.571,5251.321,87.522
TT002,Phi,Nap2,Session 5,46,EndProbe,3299.78,3330.6189,55.2533,30.8389,0.8389,0.8389,1.028,0.8699,True,,27.356,24.957,5457.0094,90.9502
TT002,Phi,Nap2,Session 5,47,Response,3330.6189,3357.4886,55.7342,26.8697,-3.1303,3.1303,0.8957,0.8476,True,,29.3277,13.231,5485.8638,91.4311
TT002,Phi,Nap2,Session 5,48,Response,3357.4886,3394.4106,56.2658,36.922,6.922,6.922,1.2307,1.0483,True,,31.9181,11.686,5517.7596,91.9627
TT002,Phi,Nap2,Session 5,49,Response,3394.4106,3412.8493,56.7272,18.4387,-11.5613,11.5613,0.6146,0.8699,True,,29.3677,24.335,5545.44,92.424
TT002,Phi,Nap2,Session 5,50,Response,3412.8493,3430.1506,57.025,17.3013,-12.6987,12.6987,0.5767,0.9145,True,,26.0741,31.874,5563.31,92.7218
TT002,Phi,Nap2,Session 5,51,Response,3430.1506,3460.552,57.4225,30.4014,0.4014,0.4014,1.0134,0.9591,True,,25.9866,31.748,5587.1613,93.1194
TT002,Phi,Nap2,Session 5,52,Response,3460.552,3491.9572,57.9376,31.4052,1.4052,1.4052,1.0468,0.9368,True,,26.8937,32.026,5618.0646,93.6344
TT002,Phi,Nap2,Session 5,53,EndProbe,4033.474,4057.6447,67.426,24.1707,-5.8293,5.8293,0.8057,0.9591,True,,24.3435,26.863,6187.3694,103.1228
TT002,Phi,Nap2,Session 5,54,Response,4057.6447,4085.0574,67.8559,27.4127,-2.5873,2.5873,0.9138,0.9591,True,,26.1383,21.769,6213.1611,103.5527
TT002,Phi,Nap2,Session 5,55,Response,4085.0574,4107.2432,68.2692,22.1858,-7.8142,7.8142,0.7395,0.9591,True,,27.1152,14.55,6237.9603,103.966
TT002,Phi,Nap2,Session 5,56,EndProbe,4322.264,4348.4554,72.256,26.1914,-3.8086,3.8086,0.873,1.1821,True,,26.2732,13.29,6477.1697,107.9528
TT002,Phi,Nap2,Session 5,57,Response,4348.4554,4381.2211,72.7473,32.7657,2.7657,2.7657,1.0922,1.3605,True,,26.5453,15.094,6506.6482,108.4441
TT002,Phi,Nap2,Session 5,58,Response,4381.2211,4414.2322,73.2954,33.0111,3.0111,3.0111,1.1004,0.8922,True,,28.3133,16.258,6539.5366,108.9923
TT002,Phi,Nap2,Session 5,59,Response,4414.2322,4442.7155,73.8079,28.4833,-1.5167,1.5167,0.9494,0.8029,True,,28.5275,16.039,6570.2838,109.5047
TT002,Phi,Nap2,Session 5,60,Reset,4519.593,4553.8753,75.6122,34.2823,4.2823,4.2823,1.1427,1.026,True,,30.9468,11.121,6678.5442,111.3091
TT002,Phi,Nap2,Session 5,61,Response,4553.8753,4576.6187,76.0874,22.7434,-7.2566,7.2566,0.7581,1.0037,True,,30.2572,15.649,6707.057,111.7843
TT002,Phi,Nap2,Session 5,62,Reset,4623.1616,4641.4219,77.2049,18.2603,-11.7397,11.7397,0.6087,0.8029,True,,27.3561,24.876,6774.1018,112.9017
TT002,Phi,Nap2,Session 5,63,Response,4641.4219,4667.7562,77.5765,26.3343,-3.6657,3.6657,0.8778,0.7583,True,,26.0207,23.169,6796.399,113.2733
TT002,Phi,Nap2,Session 5,64,Reset,4735.7935,4764.0984,79.1658,28.3049,-1.6951,1.6951,0.9435,1.6951,True,,25.985,23.133,6891.7559,114.8626
TT002,Phi,Nap2,Session 5,65,Response,4764.0984,4793.1393,79.6436,29.0409,-0.9591,0.9591,0.968,1.0483,True,,24.9368,17.881,6920.4288,115.3405
TT002,Phi,Nap2,Session 5,66,Reset,4847.3324,4925.0351,81.4364,77.7027,47.7027,47.7027,2.5901,0.8922,True,,35.9286,66.083,7027.9938,117.1332
TT002,Phi,Nap2,Session 5,67,Reset,5177.4964,5196.515,86.4501,19.0186,-10.9814,10.9814,0.634,1.539,True,,36.0803,65.42,7328.8157,122.1469
TT002,Phi,Nap2,Session 5,68,Response,5196.515,5229.2807,86.8816,32.7657,2.7657,2.7657,1.0922,1.1598,True,,37.3666,61.846,7354.7078,122.5785
TT002,Phi,Nap2,Session 5,69,Response,5229.2807,5247.6748,87.308,18.3941,-11.6059,11.6059,0.6131,1.0929,True,,35.3844,69.145,7380.2878,123.0048
TT002,Phi,Nap2,Session 5,70,Response,5247.6748,5290.0167,87.8141,42.3419,12.3419,12.3419,1.4114,0.9814,True,,38.0446,63.944,7410.6558,123.5109
TT002,Phi,Wake1,Session 3,1,Response,16.9552,37.6466,0.455,20.6914,-9.3086,9.3086,0.6897,0.6022,True,,,,27.3009,0.455
TT002,Phi,Wake1,Session 3,2,Response,37.6466,59.974,0.8135,22.3274,-7.6726,7.6726,0.7442,0.5353,True,,21.5094,5.378,48.8103,0.8135
TT002,Phi,Wake1,Session 3,3,Response,59.974,81.2007,1.1765,21.2267,-8.7733,8.7733,0.7076,0.4907,True,,21.4152,3.895,70.5874,1.1765
TT002,Phi,Wake1,Session 3,4,Response,81.2007,104.0556,1.5438,22.8549,-7.1451,7.1451,0.7618,0.4684,True,,21.7751,4.551,92.6282,1.5438
TT002,Phi,Wake1,Session 3,5,Response,104.0556,128.7395,1.94,24.6839,-5.3161,5.3161,0.8228,0.6022,True,,22.3569,6.971,116.3976,1.94
TT002,Phi,Wake1,Session 3,6,Response,128.7395,152.539,2.344,23.7995,-6.2005,6.2005,0.7933,0.5799,True,,22.9785,5.794,140.6392,2.344
TT002,Phi,Wake1,Session 3,7,Response,152.539,175.5946,2.7344,23.0556,-6.9444,6.9444,0.7685,0.5799,True,,23.1241,5.541,164.0668,2.7344
TT002,Phi,Wake1,Session 3,8,Response,175.5946,199.074,3.1222,23.4794,-6.5206,6.5206,0.7826,0.6245,True,,23.5747,3.057,187.3343,3.1222
TT002,Phi,Wake1,Session 3,9,Response,199.074,223.4757,3.5212,24.4017,-5.5983,5.5983,0.8134,0.6468,True,,23.884,2.781,211.2748,3.5212
TT002,Phi,Wake1,Session 3,10,Response,223.4757,247.825,3.9275,24.3493,-5.6507,5.6507,0.8116,0.7137,True,,23.8171,2.411,235.6504,3.9275
TT002,Phi,Wake1,Session 3,11,Response,247.825,272.7397,4.338,24.9147,-5.0853,5.0853,0.8305,0.5576,True,,24.0401,3.137,260.2824,4.338
TT002,Phi,Wake1,Session 3,12,Response,272.7397,297.6689,4.7534,24.9292,-5.0708,5.0708,0.831,0.6914,True,,24.4149,2.418,285.2043,4.7534
TT002,Phi,Wake1,Session 3,13,Response,297.6689,323.0296,5.1725,25.3607,-4.6393,4.6393,0.8454,0.5353,True,,24.7911,1.694,310.3492,5.1725
TT002,Phi,Wake1,Session 3,14,Response,323.0296,346.0407,5.5756,23.0111,-6.9889,6.9889,0.767,0.8922,True,,24.513,3.725,334.5352,5.5756
TT002,Phi,Wake1,Session 3,15,Response,346.0407,371.2676,5.9776,25.2269,-4.7731,4.7731,0.8409,0.6245,True,,24.6885,3.877,358.6542,5.9776
TT002,Phi,Wake1,Session 3,16,Response,371.2676,395.7953,6.3922,24.5277,-5.4723,5.4723,0.8176,0.6022,True,,24.6111,3.86,383.5314,6.3922
TT002,Phi,Wake1,Session 3,17,Response,395.7953,421.3345,6.8094,25.5392,-4.4608,4.4608,0.8513,0.5799,True,,24.7331,4.19,408.5649,6.8094
TT002,Phi,Wake1,Session 3,18,Response,421.3345,447.5128,7.2404,26.1783,-3.8217,3.8217,0.8726,0.8253,True,,24.8966,4.86,434.4236,7.2404
TT002,Phi,Wake1,Session 3,19,Response,447.5128,473.8103,7.6777,26.2975,-3.7025,3.7025,0.8766,0.5576,True,,25.5539,2.838,460.6616,7.6777
TT002,Phi,Wake1,Session 3,20,Response,473.8103,501.126,8.1245,27.3157,-2.6843,2.6843,0.9105,0.6245,True,,25.9717,3.958,487.4682,8.1245
TT002,Phi,Wake1,Session 3,21,Response,501.126,527.7581,8.574,26.6321,-3.3679,3.3679,0.8877,0.7137,True,,26.3926,2.465,514.442,8.574
TT002,Phi,Wake1,Session 3,22,Response,527.7581,562.1743,9.0828,34.4162,4.4162,4.4162,1.1472,0.6468,True,,28.168,12.499,544.9662,9.0828
TT002,Phi,Wake1,Session 3,23,Reset,579.2826,602.3382,9.8468,23.0556,-6.9444,6.9444,0.7685,0.6691,True,,27.5434,15.167,590.8104,9.8468
TT002,Phi,Wake1,Session 3,24,Response,602.3382,629.587,10.266,27.2488,-2.7512,2.7512,0.9083,1.0037,True,,27.7337,14.885,615.9626,10.266
TT002,Phi,Wake1,Session 3,25,Response,629.587,656.0407,10.7136,26.4537,-3.5463,3.5463,0.8818,0.7583,True,,27.5613,15.122,642.8138,10.7136
TT002,Phi,Wake1,Session 3,26,Response,656.0407,682.472,11.1543,26.4313,-3.5687,3.5687,0.881,0.8253,True,,27.5211,15.188,669.2564,11.1543
TT002,Phi,Wake1,Session 3,27,Response,682.472,706.7098,11.5765,24.2378,-5.7622,5.7622,0.8079,0.8029,True,,25.4854,6.909,694.5909,11.5765
TT002,Phi,Wake1,Session 3,28,Response,706.7098,731.0892,11.9817,24.3794,-5.6206,5.6206,0.8126,0.736,True,,25.7502,5.272,718.8995,11.9817
TT002,Phi,Wake1,Session 3,29,Response,731.0892,756.7098,12.3983,25.6206,-4.3794,4.3794,0.854,0.6022,True,,25.4246,4.223,743.8995,12.3983
TT002,Phi,Wake1,Session 3,30,Response,756.7098,781.5353,12.8187,24.8255,-5.1745,5.1745,0.8275,0.7583,True,,25.0989,3.663,769.1226,12.8187
TT002,Phi,Wake1,Session 3,31,Response,781.5353,806.3752,13.2326,24.8399,-5.1601,5.1601,0.828,1.4498,True,,24.7806,2.179,793.9552,13.2326
TT002,Phi,Wake1,Session 3,32,Response,806.3752,831.9144,13.6524,25.5392,-4.4608,4.4608,0.8513,0.9368,True,,25.0409,2.102,819.1448,13.6524
TT002,Phi,Wake1,Session 3,33,Response,831.9144,860.1892,14.1009,28.2748,-1.7252,1.7252,0.9425,0.5799,True,,25.82,5.509,846.0518,14.1009
TT002,Phi,Wake1,Session 3,34,Response,860.1892,886.8213,14.5584,26.6321,-3.3679,3.3679,0.8877,1.0929,True,,26.0223,5.605,873.5052,14.5584
TT002,Phi,Wake2,Session 7,1,Response,23.0856,48.1709,0.5938,25.0853,-4.9147,4.9147,0.8362,0.8699,True,,,,7697.7882,128.2965
TT002,Phi,Wake2,Session 7,2,Response,48.1709,73.1302,1.0108,24.9593,-5.0407,5.0407,0.832,0.9814,True,,25.0223,0.356,7722.8106,128.7135
TT002,Phi,Wake2,Session 7,3,Response,73.1302,103.7324,1.4739,30.6022,0.6022,0.6022,1.0201,1.026,True,,26.8823,11.986,7750.5913,129.1765
TT002,Phi,Wake2,Session 7,4,Response,103.7324,135.2268,1.9913,31.4944,1.4944,1.4944,1.0498,1.2713,True,,28.0353,12.479,7781.6396,129.694
TT002,Phi,Wake2,Session 7,5,Response,135.2268,170.8998,2.5511,35.673,5.673,5.673,1.1891,1.0929,True,,29.5628,15.444,7815.2233,130.2537
TT002,Phi,Wake2,Session 7,6,Response,170.8998,204.8253,3.131,33.9255,3.9255,3.9255,1.1308,1.0929,True,,31.3309,13.037,7850.0226,130.8337
TT002,Phi,Wake2,Session 7,7,Response,204.8253,246.3643,3.7599,41.539,11.539,11.539,1.3846,1.4944,True,,34.6468,12.529,7887.7548,131.4626
TT002,Phi,Wake2,Session 7,8,Response,246.3643,279.3976,4.3813,33.0333,3.0333,3.0333,1.1011,0.8922,True,,35.133,11.064,7925.041,132.084
TT002,Phi,Wake2,Session 7,9,Response,279.3976,312.6395,4.9336,33.2419,3.2419,3.2419,1.1081,0.8476,True,,35.4825,9.98,7958.1786,132.6363
TT002,Phi,Wake2,Session 7,10,Response,312.6395,347.0373,5.4973,34.3978,4.3978,4.3978,1.1466,1.0037,True,,35.2275,10.134,7991.9984,133.2
TT002,Phi,Wake2,Session 7,11,Response,347.0373,383.5133,6.0879,36.476,6.476,6.476,1.2159,0.8476,True,,35.7376,9.847,8027.4353,133.7906
TT002,Phi,Wake2,Session 7,12,Response,383.5133,415.8329,6.6612,32.3196,2.3196,2.3196,1.0773,0.9145,True,,33.8937,4.795,8061.8331,134.3639
TT002,Phi,Wake2,Session 7,13,Response,415.8329,445.0076,7.1737,29.1747,-0.8253,0.8253,0.9725,1.026,True,,33.122,8.146,8092.5802,134.8763
TT002,Phi,Wake2,Session 7,14,Response,445.0076,480.0706,7.709,35.063,5.063,5.063,1.1688,0.8699,True,,33.4862,8.474,8124.6991,135.4117
TT002,Phi,Wake2,Session 7,15,Response,480.0706,517.1934,8.3105,37.1228,7.1228,7.1228,1.2374,0.736,True,,34.0312,9.647,8160.792,136.0132
TT002,Phi,Wake2,Session 7,16,Response,517.1934,558.3756,8.9631,41.1822,11.1822,11.1822,1.3727,0.9145,True,,34.9725,13.091,8199.9445,136.6657
TT002,Phi,Wake2,Session 7,17,Response,558.3756,593.4464,9.5985,35.0708,5.0708,5.0708,1.169,1.2713,True,,35.5227,12.214,8238.071,137.3012
TT002,Phi,Wake2,Session 7,18,Response,593.4464,626.3682,10.1651,32.9218,2.9218,2.9218,1.0974,0.8922,True,,36.2721,8.604,8272.0673,137.8678
TT002,Phi,Wake2,Session 7,19,Response,626.3682,654.0932,10.6705,27.725,-2.275,2.275,0.9242,0.8922,True,,34.8045,14.35,8302.3907,138.3732
TT002,Phi,Wake2,Session 7,20,Response,654.0932,683.0594,11.1429,28.9662,-1.0338,1.0338,0.9655,0.9591,True,,33.1732,16.177,8330.7363,138.8456
TT002,Phi,Wake2,Session 7,21,Response,683.0594,724.1155,11.7265,41.0561,11.0561,11.0561,1.3685,1.2713,True,,33.148,16.047,8365.7474,139.4291
TT002,Phi,Wake2,Session 7,22,Response,724.1155,764.5616,12.4056,40.4461,10.4461,10.4461,1.3482,0.9145,True,,34.223,18.305,8406.4986,140.1083
TT002,Phi,Wake2,Session 7,23,Response,764.5616,795.766,13.0027,31.2044,1.2044,1.2044,1.0401,0.8922,True,,33.8796,18.888,8442.3238,140.7054
TT002,Phi,Wake2,Session 7,24,Response,795.766,835.6545,13.5952,39.8885,9.8885,9.8885,1.3296,1.026,True,,36.3123,15.846,8477.8702,141.2978
TT002,Phi,Wake2,Session 7,25,Reset,848.0042,887.9518,14.4663,39.9476,9.9476,9.9476,1.3316,1.0037,True,,38.5085,10.673,8530.138,142.169
TT003,Phi,Nap1,Session 4,1,Response,232.6149,270.786,4.195,38.1711,8.1711,8.1711,1.2724,1.026,True,,,,1283.5204,21.392
TT003,Phi,Nap1,Session 4,2,Response,270.786,315.336,4.8843,44.55,14.55,14.55,1.485,1.2267,True,,41.3606,10.905,1324.881,22.0813
TT003,Phi,Nap1,Session 4,3,Response,315.336,366.7858,5.6843,51.4498,21.4498,21.4498,1.715,1.3382,True,,44.7236,14.849,1372.8809,22.8813
TT003,Phi,Nap1,Session 4,4,Response,366.7858,407.4995,6.4524,40.7137,10.7137,10.7137,1.3571,1.2267,True,,43.7212,13.223,1418.9626,23.6494
TT003,Phi,Nap1,Session 4,5,Response,407.4995,466.4735,7.2831,58.974,28.974,28.974,1.9658,1.0706,True,,46.7717,18.091,1468.8065,24.4801
TT003,Phi,Nap1,Session 4,6,Response,466.4735,522.3919,8.2405,55.9184,25.9184,25.9184,1.8639,0.8699,True,,50.3212,15.17,1526.2527,25.4375
TT003,Phi,Nap2,Session 5,1,Response,34.9892,78.2678,0.9438,43.2786,13.2786,13.2786,1.4426,0.9145,True,,,,1858.9485,30.9825
TT003,Phi,Nap2,Session 5,2,Response,78.2678,121.5465,1.6651,43.2787,13.2787,13.2787,1.4426,1.0037,True,,43.2786,0.0,1902.2272,31.7038
TT003,Phi,Nap2,Session 5,3,EndProbe,261.36,304.2308,4.7133,42.8708,12.8708,12.8708,1.429,1.2936,True,,43.1427,0.546,2085.1154,34.7519
TT003,Phi,Nap2,Session 5,4,Response,304.2308,351.0335,5.4605,46.8027,16.8027,16.8027,1.5601,1.1152,True,,44.0577,4.177,2129.9522,35.4992
TT003,Phi,Nap2,Session 5,5,Reset,396.4389,416.6843,6.776,20.2454,-9.7546,9.7546,0.6748,1.0483,True,,39.2952,27.402,2208.8816,36.8147
TT003,Phi,Nap2,Session 5,6,Reset,461.5019,533.0487,8.2879,71.5468,41.5468,41.5468,2.3849,1.1375,True,,44.9489,40.541,2299.5953,38.3266
TT003,Phi,Nap2,Session 5,7,Reset,555.1453,598.4017,9.6129,43.2564,13.2564,13.2564,1.4419,0.7806,True,,44.9444,40.546,2379.0935,39.6516
TT003,Phi,Nap2,Session 5,8,Response,598.4017,616.1635,10.1214,17.7618,-12.2382,12.2382,0.5921,0.9591,True,,39.9226,55.118,2409.6026,40.16
TT003,Phi,Nap2,Session 5,9,Reset,682.974,760.4313,12.0284,77.4573,47.4573,47.4573,2.5819,0.8699,True,,46.0535,60.55,2524.0226,42.067
TT003,Phi,Nap2,Session 5,10,Reset,777.4872,805.7252,13.1934,28.238,-1.762,1.762,0.9413,1.1821,True,,47.6521,55.014,2593.9262,43.2321
TT003,Phi,Nap2,Session 5,11,Reset,865.3014,946.1713,15.0956,80.8699,50.8699,50.8699,2.6957,1.249,True,,49.5167,57.69,2708.0564,45.1343
TT003,Phi,Nap2,Session 5,12,EndProbe,1192.958,1230.7659,20.1977,37.8079,7.8079,7.8079,1.2603,1.2044,True,,48.427,59.813,3014.182,50.2364
TT003,Phi,Nap2,Session 5,13,Response,1230.7659,1282.7364,20.9459,51.9705,21.9705,21.9705,1.7324,1.2044,True,,55.2687,42.377,3059.0711,50.9845
TT003,Phi,Nap2,Session 5,14,Reset,1342.9517,1378.4017,22.6779,35.45,5.45,5.45,1.1817,1.026,True,,46.8673,44.523,3162.9967,52.7166
TT003,Phi,Nap2,Session 5,15,EndProbe,1579.208,1612.684,26.5991,33.476,3.476,3.476,1.1159,0.7137,True,,47.9149,41.328,3398.266,56.6378
TT003,Phi,Nap2,Session 5,16,Response,1612.684,1642.0818,27.123,29.3978,-0.6022,0.6022,0.9799,0.7583,True,,37.6204,22.845,3429.7029,57.1617
TT003,Phi,Nap2,Session 5,17,Response,1642.0818,1687.3534,27.7453,45.2716,15.2716,15.2716,1.5091,0.8922,True,,39.1132,23.669,3467.0376,57.784
TT003,Phi,Nap2,Session 5,18,Response,1687.3534,1714.4985,28.3488,27.1451,-2.8549,2.8549,0.9048,0.5353,True,,34.1481,20.577,3503.2459,58.3874
TT003,Phi,Nap2,Session 5,19,EndProbe,1918.136,1952.9372,32.2589,34.8012,4.8012,4.8012,1.16,0.8253,True,,34.0183,20.584,3737.8566,62.2976
TT003,Phi,Nap2,Session 5,20,Response,1952.9372,1988.2232,32.843,35.286,5.286,5.286,1.1762,1.3382,True,,34.3803,20.402,3772.9002,62.8817
TT003,Phi,Nap2,Session 5,21,Reset,2029.6953,2064.7438,34.1203,35.0485,5.0485,5.0485,1.1683,0.8029,True,,35.5105,18.143,3849.5396,64.159
TT003,Phi,Nap2,Session 5,22,Reset,2154.0669,2189.2046,36.1939,35.1377,5.1377,5.1377,1.1713,1.026,True,,33.4837,10.595,3973.9558,66.2326
TT003,Phi,Nap2,Session 5,23,EndProbe,2382.918,2418.1786,40.0091,35.2606,5.2606,5.2606,1.1754,1.0037,True,,35.1068,0.558,4202.8683,70.0478
TT003,Phi,Nap2,Session 5,24,Reset,2457.8218,2490.7882,41.2384,32.9664,2.9664,2.9664,1.0989,1.026,True,,34.7398,2.867,4276.625,71.2771
TT003,Phi,Nap2,Session 5,25,Reset,2549.6284,2590.4313,42.8338,40.8029,10.8029,10.8029,1.3601,0.8699,True,,35.8432,8.175,4372.3498,72.8725
TT003,Phi,Nap2,Session 5,26,EndProbe,2785.6,2829.0708,46.7889,43.4708,13.4708,13.4708,1.449,1.026,True,,37.5277,11.745,4609.6554,76.8276
TT003,Phi,Nap2,Session 5,27,Response,2829.0708,2864.8776,47.4496,35.8068,5.8068,5.8068,1.1936,1.0929,True,,37.6615,11.487,4649.2942,77.4882
TT003,Phi,Nap2,Session 5,28,Response,2864.8776,2902.2156,48.0591,37.338,7.338,7.338,1.2446,1.0929,True,,38.077,10.856,4685.8666,78.0978
TT003,Phi,Nap2,Session 5,29,Response,2902.2156,2944.0223,48.7186,41.8067,11.8067,11.8067,1.3936,1.1821,True,,39.845,7.986,4725.439,78.7573
TT003,Phi,Nap2,Session 5,30,Reset,2966.2382,3024.6245,49.9239,58.3863,28.3863,28.3863,1.9462,1.026,True,,43.3617,20.676,4797.7513,79.9625
TT003,Phi,Nap2,Session 5,31,Reset,3100.1637,3123.9331,51.8675,23.7694,-6.2306,6.2306,0.7923,0.8699,True,,39.4214,31.778,4914.3684,81.9061
TT003,Phi,Nap2,Session 5,32,EndProbe,3330.674,3369.7176,55.8366,39.0436,9.0436,9.0436,1.3015,0.7583,True,,40.0688,30.889,5152.5158,85.8753
TT003,Phi,Nap2,Session 5,33,Response,3369.7176,3406.7958,56.4709,37.0782,7.0782,7.0782,1.2359,0.7137,True,,40.0168,30.966,5190.5767,86.5096
TT003,Phi,Nap2,Session 5,34,Response,3406.7958,3445.6583,57.1038,38.8625,8.8625,8.8625,1.2954,0.6914,True,,39.428,31.336,5228.547,87.1425
TT003,Phi,Nap2,Session 5,35,EndProbe,3683.826,3730.4352,61.7855,46.6092,16.6092,16.6092,1.5536,0.6468,True,,37.0726,22.366,5509.4506,91.8242
TT003,Phi,Nap2,Session 5,36,Response,3730.4352,3762.0634,62.4375,31.6282,1.6282,1.6282,1.0543,0.6691,True,,38.6443,13.895,5548.5693,92.4762
TT003,Phi,Nap2,Session 5,37,Response,3762.0634,3806.5911,63.0721,44.5277,14.5277,14.5277,1.4843,0.5576,True,,39.7412,15.085,5586.6472,93.1108
TT003,Phi,Nap2,Session 5,38,Response,3806.5911,3849.736,63.8027,43.1449,13.1449,13.1449,1.4382,0.513,True,,40.9545,14.492,5630.4836,93.8414
TT003,Phi,Nap2,Session 5,39,Response,3849.736,3891.1858,64.5077,41.4498,11.4498,11.4498,1.3817,1.0483,True,,41.472,14.03,5672.7809,94.5463
TT003,Phi,Nap2,Session 5,40,EndProbe,3994.772,4027.1487,66.8493,32.3767,2.3767,2.3767,1.0792,0.8476,True,,38.6255,15.92,5813.2804,96.888
TT003,Phi,Nap2,Session 5,41,Response,4027.1487,4073.2232,67.5031,46.0745,16.0745,16.0745,1.5358,0.8253,True,,41.5147,12.974,5852.506,97.5418
TT003,Phi,Nap2,Session 5,42,Response,4073.2232,4107.0818,68.1692,33.8586,3.8586,3.8586,1.1286,1.1821,True,,39.3809,15.173,5892.4725,98.2079
TT003,Phi,Nap2,Session 5,43,Response,4107.0818,4130.8958,68.6498,23.814,-6.186,6.186,0.7938,0.9368,True,,35.5147,24.231,5921.3088,98.6885
TT003,Phi,Nap2,Session 5,44,Response,4130.8958,4160.8367,69.0978,29.9409,-0.0591,0.0591,0.998,0.9368,True,,33.2129,24.534,5948.1862,99.1364
TT003,Phi,Nap2,Session 5,45,Response,4160.8367,4187.1487,69.5665,26.312,-3.688,3.688,0.8771,0.8699,True,,32.0,27.295,5976.3127,99.6052
TT003,Phi,Nap2,Session 5,46,Response,4187.1487,4251.3274,70.3206,64.1787,34.1787,34.1787,2.1393,0.8029,True,,35.6208,46.065,6021.558,100.3593
TT003,Phi,Nap2,Session 5,47,Response,4251.3274,4270.7921,71.0177,19.4647,-10.5353,10.5353,0.6488,0.7137,True,,32.7421,54.921,6063.3798,101.0563
TT003,Phi,Nap2,Session 5,48,EndProbe,4377.334,4416.8588,73.2849,39.5248,9.5248,9.5248,1.3175,0.8699,True,,35.8842,48.476,6199.4164,103.3236
TT003,Phi,Nap2,Session 5,49,Response,4416.8588,4468.5539,74.0451,51.6951,21.6951,21.6951,1.7232,0.6914,True,,40.2351,45.327,6245.0264,104.0838
TT003,Phi,Nap2,Session 5,50,Response,4468.5539,4509.5654,74.8177,41.0115,11.0115,11.0115,1.3671,0.9814,True,,43.175,38.303,6291.3796,104.8563
TT003,Phi,Nap2,Session 5,51,Response,4509.5654,4556.1674,75.5478,46.602,16.602,16.602,1.5534,1.0929,True,,39.6596,30.952,6335.1864,105.5864
TT003,Phi,Nap2,Session 5,52,Response,4556.1674,4583.7139,76.1657,27.5465,-2.4535,2.4535,0.9182,0.6468,True,,41.276,21.957,6372.2606,106.2043
TT003,Phi,Nap2,Session 5,53,Response,4583.7139,4596.8365,76.5046,13.1226,-16.8774,16.8774,0.4374,0.8476,True,,35.9955,43.455,6392.5952,106.5433
TT003,Phi,Nap2,Session 5,54,Response,4596.8365,4612.8664,76.7475,16.0299,-13.9701,13.9701,0.5343,0.736,True,,28.8625,51.286,6407.1714,106.7862
TT003,Phi,Nap2,Session 5,55,Response,4612.8664,4662.9779,77.2987,50.1115,20.1115,20.1115,1.6704,0.9814,True,,30.6825,55.593,6440.2422,107.3374
TT003,Phi,Nap2,Session 5,56,Response,4662.9779,4700.1007,78.0257,37.1228,7.1228,7.1228,1.2374,1.0037,True,,28.7867,53.079,6483.8593,108.0643
TT003,Phi,Nap2,Session 5,57,EndProbe,4790.402,4833.2902,80.1974,42.8882,12.8882,12.8882,1.4296,0.9591,True,,31.855,51.681,6614.1661,110.2361
TT003,Phi,Nap2,Session 5,58,Response,4833.2902,4866.5242,80.8318,33.234,3.234,3.234,1.1078,0.6022,True,,35.8773,35.646,6652.2272,110.8705
TT003,Phi,Nap2,Session 5,59,Response,4866.5242,4885.3421,81.2656,18.8179,-11.1821,11.1821,0.6273,0.6245,True,,36.4349,32.177,6678.2531,111.3042
TT003,Phi,Nap2,Session 5,60,Response,4885.3421,4903.4686,81.5734,18.1265,-11.8735,11.8735,0.6042,0.6468,True,,30.0379,36.971,6696.7254,111.6121
TT003,Phi,Nap2,Session 5,61,Response,4903.4686,4917.5502,81.8418,14.0816,-15.9184,15.9184,0.4694,0.7137,True,,25.4296,47.821,6712.8294,111.8805
TT003,Phi,Nap2,Session 5,62,Response,4917.5502,4946.0558,82.1967,28.5056,-1.4944,1.4944,0.9502,0.8476,True,,22.5531,35.39,6734.123,112.2354
TT003,Phi,Nap2,Session 5,63,Response,4946.0558,4964.3333,82.5866,18.2775,-11.7225,11.7225,0.6093,0.9278,True,,19.5618,27.325,6757.5146,112.6252
TT003,Phi,Nap2,Session 5,64,Response,4964.3333,4981.7323,82.8839,17.399,-12.601,12.601,0.58,0.9516,True,,19.278,28.175,6775.3528,112.9225
TT003,Phi,Nap2,Session 5,65,Response,4981.7323,5001.0026,83.1895,19.2703,-10.7297,10.7297,0.6423,0.8089,True,,19.5068,27.657,6793.6874,113.2281
TT003,Phi,Nap2,Session 5,66,EndProbe,5082.94,5104.9995,84.8995,22.0595,-7.9405,7.9405,0.7353,0.8327,True,,21.1024,21.295,6896.2898,114.9382
TT003,Phi,Nap2,Session 5,67,Response,5104.9995,5127.3548,85.2696,22.3553,-7.6447,7.6447,0.7452,0.8803,True,,19.8723,11.244,6918.4971,115.3083
TT003,Phi,Nap2,Session 5,68,Response,5127.3548,5154.7792,85.6844,27.4244,-2.5756,2.5756,0.9141,0.5743,True,,21.7017,17.506,6943.387,115.7231
TT003,Phi,Nap2,Session 5,69,Response,5154.7792,5204.7378,86.3293,49.9586,19.9586,19.9586,1.6653,0.8089,True,,28.2136,44.328,6982.0785,116.368
TT003,Phi,Nap2,Session 5,70,Response,5204.7378,5248.8138,87.1129,44.076,14.076,14.076,1.4692,0.7851,True,,33.1748,39.135,7029.0958,117.1516
TT003,Phi,Wake1,Session 3,1,Response,26.2569,59.9395,0.7183,33.6826,3.6826,3.6826,1.1228,1.3382,True,,,,43.0982,0.7183
TT003,Phi,Wake1,Session 3,2,Response,59.9395,101.0993,1.342,41.1598,11.1598,11.1598,1.372,1.3382,True,,37.4212,14.129,80.5194,1.342
TT003,Phi,Wake1,Session 3,3,Response,101.0993,133.9096,1.9584,32.8103,2.8103,2.8103,1.0937,1.3828,True,,35.8842,12.79,117.5044,1.9584
TT003,Phi,Wake1,Session 3,4,Response,133.9096,179.9395,2.6154,46.0299,16.0299,16.0299,1.5343,0.9814,True,,38.4206,16.415,156.9246,2.6154
TT003,Phi,Wake1,Session 3,5,Response,179.9395,224.311,3.3688,44.3715,14.3715,14.3715,1.479,1.4721,True,,39.6108,15.339,202.1252,3.3688
TT003,Phi,Wake1,Session 3,6,Response,224.311,264.2664,4.0715,39.9554,9.9554,9.9554,1.3318,1.0706,True,,40.8654,12.523,244.2887,4.0715
TT003,Phi,Wake1,Session 3,7,Response,264.2664,312.2145,4.804,47.9481,17.9481,17.9481,1.5983,1.2044,True,,42.223,14.29,288.2404,4.804
TT003,Phi,Wake1,Session 3,8,Response,312.2145,350.5116,5.5227,38.2971,8.2971,8.2971,1.2766,1.2936,True,,43.3204,9.406,331.363,5.5227
TT003,Phi,Wake1,Session 3,9,Response,350.5116,389.5748,6.1674,39.0632,9.0632,9.0632,1.3021,1.0706,True,,41.9271,9.797,370.0432,6.1674
TT003,Phi,Wake1,Session 3,10,Response,389.5748,443.2773,6.9404,53.7025,23.7025,23.7025,1.7901,1.2936,True,,43.7933,15.435,416.4261,6.9404
TT003,Phi,Wake1,Session 3,11,Response,443.2773,481.5376,7.7068,38.2603,8.2603,8.2603,1.2753,1.2044,True,,43.4542,16.194,462.4074,7.7068
TT003,Phi,Wake1,Session 3,12,Response,481.5376,522.5713,8.3676,41.0337,11.0337,11.0337,1.3678,0.9814,True,,42.0714,15.685,502.0544,8.3676
TT003,Phi,Wake1,Session 3,13,Response,522.5713,560.787,9.028,38.2157,8.2157,8.2157,1.2739,1.1598,True,,42.0551,15.719,541.6791,9.028
TT003,Phi,Wake1,Session 3,14,Response,560.787,602.5713,9.6947,41.7843,11.7843,11.7843,1.3928,1.1152,True,,42.5993,15.051,581.6791,9.6947
TT003,Phi,Wake1,Session 3,15,Response,602.5713,649.3964,10.4331,46.8251,16.8251,16.8251,1.5608,1.1598,True,,41.2238,8.538,625.9838,10.4331
TT003,Phi,Wake1,Session 3,16,Response,649.3964,692.4821,11.1823,43.0857,13.0857,13.0857,1.4362,1.5167,True,,42.1889,7.456,670.9392,11.1823
TT003,Phi,Wake1,Session 3,17,Response,692.4821,730.1101,11.8549,37.628,7.628,7.628,1.2543,1.2936,True,,41.5078,9.073,711.2961,11.8549
TT003,Phi,Wake1,Session 3,18,Reset,757.439,789.3072,12.8896,31.8682,1.8682,1.8682,1.0623,1.3382,True,,40.2383,14.209,773.3731,12.8896
TT003,Phi,Wake1,Session 3,19,Response,789.3072,821.8052,13.4259,32.498,2.498,2.498,1.0833,1.1598,True,,38.381,17.037,805.5562,13.4259
TT003,Phi,Wake1,Session 3,20,Response,821.8052,853.2326,13.9586,31.4274,1.4274,1.4274,1.0476,1.2936,True,,35.3015,14.211,837.5189,13.9586
TT003,Phi,Wake2,Session 7,1,Response,32.0704,57.8992,0.7497,25.8288,-4.1712,4.1712,0.861,0.9992,True,,,,7269.0248,121.1504
TT003,Phi,Wake2,Session 7,2,Response,57.8992,90.7303,1.2386,32.8311,2.8311,2.8311,1.0944,0.9754,True,,29.33,16.882,7298.3548,121.6392
TT003,Phi,Wake2,Session 7,3,Response,90.7303,124.7588,1.7957,34.0285,4.0285,4.0285,1.1343,0.9754,True,,30.8961,14.335,7331.7846,122.1964
TT003,Phi,Wake2,Session 7,4,Response,124.7588,152.1894,2.3079,27.4306,-2.5694,2.5694,0.9144,0.9516,True,,30.0297,13.354,7362.5141,122.7086
TT003,Phi,Wake2,Session 7,5,Response,152.1894,181.7533,2.7829,29.5639,-0.4361,0.4361,0.9855,1.3323,True,,29.9366,11.621,7391.0114,123.1835
TT003,Phi,Wake2,Session 7,6,Response,181.7533,216.781,3.3211,35.0277,5.0277,5.0277,1.1676,1.1182,True,,31.7764,10.018,7423.3072,123.7218
TT003,Phi,Wake2,Session 7,7,Response,216.781,258.375,3.9596,41.594,11.594,11.594,1.3865,1.1658,True,,33.5289,16.367,7461.618,124.3603
TT003,Phi,Wake2,Session 7,8,Response,258.375,289.5646,4.5662,31.1896,1.1896,1.1896,1.0397,1.1896,True,,32.9612,16.896,7498.0098,124.9668
TT003,Phi,Wake2,Session 7,9,Response,289.5646,330.4686,5.1669,40.904,10.904,10.904,1.3635,1.1658,True,,35.6558,15.378,7534.0566,125.5676
TT003,Phi,Wake2,Session 7,10,Response,330.4686,370.3021,5.8398,39.8335,9.8335,9.8335,1.3278,1.2371,True,,37.7098,11.823,7574.4254,126.2404
TT003,Phi,Wake2,Session 7,11,Response,370.3021,418.2085,6.5709,47.9064,17.9064,17.9064,1.5969,0.9041,True,,40.2855,14.848,7618.2953,126.9716
TT003,Phi,Wake2,Session 7,12,Response,418.2085,455.4487,7.2805,37.2402,7.2402,7.2402,1.2413,1.0706,True,,39.4147,15.374,7660.8686,127.6811
TT003,Phi,Wake2,Session 7,13,Response,455.4487,490.8493,7.8858,35.4006,5.4006,5.4006,1.18,1.0706,True,,40.2569,11.9,7697.189,128.2865
TT003,Phi,Wake2,Session 7,14,Response,490.8493,531.9199,8.5231,41.0706,11.0706,11.0706,1.369,0.6899,True,,40.2903,11.905,7735.4246,128.9237
TT003,Phi,Wake2,Session 7,15,Response,531.9199,578.8984,9.2568,46.9785,16.9785,16.9785,1.5659,1.1896,True,,41.7193,13.472,7779.4492,129.6575
TT003,Phi,Wake2,Session 7,16,Response,578.8984,623.7193,10.0218,44.8209,14.8209,14.8209,1.494,1.1933,True,,41.1022,11.906,7825.3488,130.4225
TT003,Phi,Wake2,Session 7,17,Response,623.7193,661.156,10.7073,37.4367,7.4367,7.4367,1.2479,1.2211,True,,41.1415,11.802,7866.4776,131.108
TT003,Phi,Wake2,Session 7,18,Response,661.156,707.2154,11.4031,46.0594,16.0594,16.0594,1.5353,1.3104,True,,43.2732,9.157,7908.2257,131.8038
TT003,Phi,Wake2,Session 7,19,Response,707.2154,743.609,12.0902,36.3936,6.3936,6.3936,1.2131,1.4037,True,,42.3378,11.863,7949.4522,132.4909
TT003,Phi,Wake2,Session 7,20,Response,743.609,781.7676,12.7115,38.1586,8.1586,8.1586,1.272,1.4051,True,,40.5738,11.11,7986.7283,133.1121
TT003,Phi,Wake2,Session 7,21,Response,781.7676,831.21,13.4415,49.4424,19.4424,19.4424,1.6481,1.0985,True,,41.4981,14.135,8030.5288,133.8421
TT003,Phi,Wake2,Session 7,22,Response,831.21,879.2267,14.2536,48.0167,18.0167,18.0167,1.6006,0.8253,True,,43.6141,13.624,8079.2584,134.6543
TT004,Phi,Nap1,Session 6,1,Response,24.1045,49.0562,0.6097,24.9517,-5.0483,5.0483,0.8317,0.6305,True,,,,1050.4604,17.5077
TT004,Phi,Nap1,Session 6,2,Response,49.0562,75.3448,1.0367,26.2886,-3.7114,3.7114,0.8763,0.6067,True,,25.6201,3.69,1076.0805,17.9347
TT004,Phi,Nap1,Session 6,3,Response,75.3448,99.5201,1.4572,24.1753,-5.8247,5.8247,0.8058,0.6186,True,,25.1385,4.252,1101.3124,18.3552
TT004,Phi,Nap1,Session 6,4,Response,99.5201,124.8651,1.8699,25.345,-4.655,4.655,0.8448,0.6899,True,,25.1901,3.489,1126.0726,18.7679
TT004,Phi,Nap1,Session 6,5,Reset,146.0,174.6867,2.6724,28.6867,-1.3133,1.3133,0.9562,0.6067,True,,25.8895,6.717,1174.2234,19.5704
TT004,Phi,Nap1,Session 6,6,Response,174.6867,202.8191,3.1459,28.1324,-1.8676,1.8676,0.9377,0.7494,True,,26.5256,7.11,1202.6329,20.0439
TT004,Phi,Nap1,Session 6,7,Reset,262.5741,292.2481,4.6235,29.674,-0.326,0.326,0.9891,0.7375,True,,27.2027,8.58,1291.2911,21.5215
TT004,Phi,Nap1,Session 6,8,Reset,508.7469,531.0039,8.6646,22.257,-7.743,7.743,0.7419,0.8089,True,,26.819,11.24,1533.7554,25.5626
TT004,Phi,Nap1,Session 6,9,Reset,856.2489,884.7629,14.5084,28.514,-1.486,1.486,0.9505,0.7137,True,,27.4528,10.781,1884.3859,31.4064
TT004,Phi,Nap1,Session 6,10,Reset,1055.3368,1079.0443,17.7865,23.7075,-6.2925,6.2925,0.7902,0.7851,True,,26.457,12.333,2081.0706,34.6845
TT004,Phi,Nap1,Session 6,11,Response,1079.0443,1106.0229,18.2089,26.9786,-3.0214,3.0214,0.8993,0.7732,True,,26.2262,12.025,2106.4136,35.1069
TT004,Phi,Nap1,Session 6,12,Response,1106.0229,1130.9277,18.6413,24.9048,-5.0952,5.0952,0.8302,0.7375,True,,25.2724,9.911,2132.3553,35.5393
TT004,Phi,Nap2,Session 7,1,Response,29.4366,57.9021,0.7278,28.4655,-1.5345,1.5345,0.9489,0.7256,True,,,,2474.5294,41.2422
TT004,Phi,Nap2,Session 7,2,Response,57.9021,87.5333,1.212,29.6312,-0.3688,0.3688,0.9877,0.6899,True,,29.0483,2.838,2503.5777,41.7263
TT004,Phi,Nap2,Session 7,3,EndProbe,162.934,193.5289,2.9705,30.5949,0.5949,0.5949,1.0198,0.9041,True,,29.5639,3.607,2609.0914,43.4849
TT004,Phi,Nap2,Session 7,4,Response,193.5289,221.6018,3.4594,28.0729,-1.9271,1.9271,0.9358,0.6662,True,,29.1911,3.926,2638.4254,43.9738
TT004,Phi,Nap2,Session 7,5,Response,221.6018,248.6677,3.9189,27.0659,-2.9341,2.9341,0.9022,0.7137,True,,28.7661,4.777,2665.9948,44.4332
TT004,Phi,Nap2,Session 7,6,Response,248.6677,277.569,4.3853,28.9013,-1.0987,1.0987,0.9634,0.7494,True,,28.8532,4.728,2693.9784,44.8996
TT004,Phi,Nap2,Session 7,7,Response,277.569,306.7482,4.8693,29.1792,-0.8208,0.8208,0.9726,0.7375,True,,28.7628,4.568,2723.0186,45.3836
TT004,Phi,Nap2,Session 7,8,EndProbe,379.322,408.2871,6.5634,28.9651,-1.0349,1.0349,0.9655,0.6662,True,,28.4369,3.075,2824.6646,47.0777
TT004,Phi,Nap2,Session 7,9,Response,408.2871,438.7348,7.0585,30.4477,0.4477,0.4477,1.0149,0.7256,True,,28.9118,4.18,2854.371,47.5728
TT004,Phi,Nap2,Session 7,10,Response,438.7348,469.2225,7.5663,30.4877,0.4877,0.4877,1.0163,0.8208,True,,29.5962,2.711,2884.8386,48.0806
TT004,Phi,Nap2,Session 7,11,Response,469.2225,505.337,8.1213,36.1145,6.1145,6.1145,1.2038,0.7851,True,,31.0388,9.417,2918.1398,48.6357
TT004,Phi,Nap2,Session 7,12,Response,505.337,534.8136,8.6679,29.4766,-0.5234,0.5234,0.9826,0.7375,True,,31.0983,9.256,2950.9353,49.1823
TT004,Phi,Nap2,Session 7,13,Response,534.8136,562.8389,9.1471,28.0253,-1.9747,1.9747,0.9342,0.7137,True,,30.9104,9.952,2979.6863,49.6614
TT004,Phi,Nap2,Session 7,14,Response,562.8389,592.03,9.6239,29.1911,-0.8089,0.8089,0.973,0.6899,True,,30.659,10.351,3008.2945,50.1382
TT004,Phi,Nap2,Session 7,15,Response,592.03,622.268,10.1191,30.238,0.238,0.238,1.0079,0.7137,True,,30.6091,10.385,3038.009,50.6335
TT004,Phi,Nap2,Session 7,16,EndProbe,693.578,721.007,11.7882,27.429,-2.571,2.571,0.9143,0.6186,True,,28.872,3.923,3138.1525,52.3025
TT004,Phi,Nap2,Session 7,17,Response,721.007,749.8097,12.2568,28.8027,-1.1973,1.1973,0.9601,0.6899,True,,28.7372,3.764,3166.2684,52.7711
TT004,Phi,Nap2,Session 7,18,Reset,772.5772,802.8549,13.1286,30.2777,0.2777,0.2777,1.0093,0.5948,True,,29.1877,4.029,3218.576,53.6429
TT004,Phi,Nap2,Session 7,19,Response,802.8549,833.6638,13.6377,30.8089,0.8089,0.8089,1.027,0.5948,True,,29.5113,4.682,3249.1194,54.152
TT004,Phi,Nap2,Session 7,20,Response,833.6638,875.8604,14.246,42.1966,12.1966,12.1966,1.4066,0.7851,True,,31.903,18.506,3285.6221,54.7604
TT004,Phi,Nap2,Session 7,21,Response,875.8604,912.2126,14.9006,36.3522,6.3522,6.3522,1.2117,0.7375,True,,33.6876,16.48,3324.8965,55.4149
TT004,Phi,Nap2,Session 7,22,Reset,923.0924,932.525,15.4635,9.4326,-20.5674,20.5674,0.3144,1.4037,True,,29.8136,41.512,3358.6687,55.9778
TT004,Phi,Nap2,Session 7,23,Response,932.525,961.0499,15.7798,28.5249,-1.4751,1.4751,0.9508,0.7137,True,,29.463,42.034,3377.6475,56.2941
TT004,Phi,Nap2,Session 7,24,Reset,989.3846,1022.0492,16.7619,32.6646,2.6646,2.6646,1.0888,0.7137,True,,29.8342,41.773,3436.5769,57.2763
TT004,Phi,Nap2,Session 7,25,EndProbe,1150.896,1185.697,19.4716,34.801,4.801,4.801,1.16,0.8327,True,,28.3551,38.72,3599.1565,59.9859
TT004,Phi,Nap2,Session 7,26,Reset,1225.594,1254.5948,20.6682,29.0008,-0.9992,0.9992,0.9667,0.7137,True,,26.8848,37.558,3670.9544,61.1826
TT004,Phi,Nap2,Session 7,27,Reset,1265.9984,1289.392,21.2949,23.3936,-6.6064,6.6064,0.7798,0.6899,True,,29.677,14.731,3708.5552,61.8093
TT004,Phi,Nap2,Session 7,28,Response,1289.392,1321.9376,21.7611,32.5456,2.5456,2.5456,1.0849,0.6186,True,,30.4811,14.682,3736.5248,62.2754
TT004,Phi,Nap2,Session 7,29,Reset,1335.0382,1365.9622,22.5083,30.924,0.924,0.924,1.0308,0.6899,True,,30.133,14.364,3781.3602,63.0227
TT004,Phi,Nap2,Session 7,30,Reset,1394.392,1415.4902,23.4157,21.0982,-8.9018,8.9018,0.7033,0.7137,True,,27.3924,17.998,3835.8011,63.93
TT004,Phi,Nap2,Session 7,31,EndProbe,1605.692,1635.7282,27.0118,30.0362,0.0362,0.0362,1.0012,0.7375,True,,27.5995,18.244,4051.5701,67.5262
TT004,Phi,Nap2,Session 7,32,Reset,2161.6607,2185.9509,36.2301,24.2902,-5.7098,5.7098,0.8097,1.4988,True,,27.7788,17.498,4604.6658,76.7444
TT004,Phi,Nap2,Session 7,33,EndProbe,2300.084,2342.525,38.6884,42.441,12.441,12.441,1.4147,0.6899,True,,29.7579,27.465,4752.1645,79.2027
TT004,Phi,Nap2,Session 7,34,Response,2342.525,2386.2364,39.4063,43.7114,13.7114,13.7114,1.457,0.7613,True,,32.3154,32.003,4795.2407,79.9207
TT004,Phi,Nap2,Session 7,35,Response,2386.2364,2432.4298,40.1556,46.1934,16.1934,16.1934,1.5398,0.8327,True,,37.3344,25.714,4840.1931,80.6699
TT004,Phi,Nap2,Session 7,36,Reset,2471.1927,2505.594,41.4732,34.4013,4.4013,4.4013,1.1467,0.6899,True,,38.2075,23.416,4919.2534,81.9876
TT004,Phi,Nap2,Session 7,37,Response,2505.594,2542.2395,42.0653,36.6455,6.6455,6.6455,1.2215,0.6899,True,,40.6785,12.192,4954.7768,82.5796
TT004,Phi,Nap2,Session 7,38,EndProbe,2917.064,2960.8358,48.9825,43.7718,13.7718,13.7718,1.4591,0.6662,True,,40.9447,12.483,5369.8099,89.4968
TT004,Phi,Nap2,Session 7,39,Response,2960.8358,3019.0913,49.8327,58.2555,28.2555,28.2555,1.9419,0.6424,True,,43.8535,21.458,5420.8236,90.3471
TT004,Phi,Nap2,Session 7,40,EndProbe,3195.846,3238.4567,53.6192,42.6107,12.6107,12.6107,1.4204,0.7375,True,,43.137,21.613,5648.0114,94.1335
TT004,Phi,Nap2,Session 7,41,Response,3238.4567,3277.0928,54.2962,38.6361,8.6361,8.6361,1.2879,0.7375,True,,43.9839,19.294,5688.6348,94.8106
TT004,Phi,Nap2,Session 7,42,Response,3277.0928,3312.1919,54.9107,35.0991,5.0991,5.0991,1.17,0.6186,True,,43.6746,20.243,5725.5024,95.425
TT004,Phi,Nap2,Session 7,43,Response,3312.1919,3333.6432,55.382,21.4513,-8.5487,8.5487,0.715,0.5472,True,,39.2105,33.904,5753.7776,95.8963
TT004,Phi,Nap2,Session 7,44,Reset,3432.6755,3459.8366,57.4376,27.1611,-2.8389,2.8389,0.9054,0.7375,True,,32.9917,26.074,5877.1161,97.9519
TT004,Phi,Nap2,Session 7,45,Reset,3504.5948,3542.3346,58.7244,37.7398,7.7398,7.7398,1.258,0.9278,True,,32.0175,23.23,5954.3247,99.2387
TT004,Phi,Nap2,Session 7,46,EndProbe,3697.144,3730.6455,61.8982,33.5015,3.5015,3.5015,1.1167,0.8327,True,,30.9906,21.307,6144.7548,102.4126
TT004,Phi,Nap2,Session 7,47,Reset,4029.9793,4057.7352,67.3976,27.7559,-2.2441,2.2441,0.9252,0.7375,True,,29.5219,21.235,6474.7172,107.912
TT004,Phi,Nap2,Session 7,48,Response,4057.7352,4095.2371,67.9414,37.5019,7.5019,7.5019,1.2501,0.5948,True,,32.732,15.594,6507.3461,108.4558
TT004,Phi,Nap2,Session 7,49,Reset,4182.8105,4260.3779,70.3599,77.5674,47.5674,47.5674,2.5856,0.7554,True,,42.8133,46.352,6652.4542,110.8742
TT004,Phi,Nap2,Session 7,50,EndProbe,4697.926,4729.1529,78.559,31.2269,1.2269,1.2269,1.0409,0.6662,True,,41.5107,49.3,7144.3995,119.0733
TT004,Phi,Nap2,Session 7,51,Response,4729.1529,4757.5909,79.0562,28.438,-1.562,1.562,0.9479,0.8327,True,,40.498,52.043,7174.2319,119.5705
TT004,Phi,Nap2,Session 7,52,Response,4757.5909,4784.3553,79.5162,26.7644,-3.2356,3.2356,0.8921,0.7851,True,,40.2997,52.681,7201.8331,120.0306
TT004,Phi,Nap2,Session 7,53,Reset,4808.7882,4843.3799,80.4347,34.5917,4.5917,4.5917,1.1531,0.6899,True,,39.7177,53.794,7256.944,120.9491
TT004,Phi,Nap2,Session 7,54,Reset,4881.4766,4910.1681,81.597,28.6915,-1.3085,1.3085,0.9564,0.6186,True,,29.9425,10.184,7326.6824,122.1114
TT004,Phi,Nap2,Session 7,55,Reset,4931.1198,4962.9041,82.4502,31.7843,1.7843,1.7843,1.0595,0.6899,True,,30.054,10.373,7377.872,122.9645
TT004,Phi,Nap2,Session 7,56,Reset,4993.8081,5022.8767,83.4724,29.0686,-0.9314,0.9314,0.969,0.7137,True,,30.1801,10.098,7439.2024,123.9867
TT004,Phi,Nap2,Session 7,57,Reset,5036.5917,5064.8311,84.1785,28.2394,-1.7606,1.7606,0.9413,0.6899,True,,30.4751,8.808,7481.5714,124.6929
TT004,Phi,Nap2,Session 7,58,Reset,5079.9064,5112.4282,84.9361,32.5218,2.5218,2.5218,1.0841,0.7137,True,,30.0611,6.485,7527.0273,125.4505
TT004,Phi,Nap2,Session 7,59,Response,5112.4282,5145.4497,85.4823,33.0215,3.0215,3.0215,1.1007,0.7613,True,,30.9271,6.924,7559.799,125.9966
TT004,Phi,Nap2,Session 7,60,Reset,5177.3846,5189.7875,86.3931,12.4029,-17.5971,17.5971,0.4134,0.6424,True,,27.0508,31.238,7614.446,126.9074
TT004,Phi,Nap2,Session 7,61,Reset,5243.8422,5274.9444,87.6566,31.1022,1.1022,1.1022,1.0367,0.7613,True,,27.4576,31.39,7690.2533,128.1709
TT004,Phi,Nap2,Session 7,62,Reset,5305.9397,5333.1323,88.6589,27.1926,-2.8074,2.8074,0.9064,0.6186,True,,27.2482,31.591,7750.396,129.1733
TT004,Phi,Nap2,Session 7,63,Reset,5364.1791,5395.8445,89.6669,31.6654,1.6654,1.6654,1.0555,0.6899,True,,27.0769,31.334,7810.8718,130.1812
TT004,Phi,Wake1,Session 5,1,Response,32.8432,59.3759,0.7685,26.5327,-3.4673,3.4673,0.8844,0.6067,True,,,,46.1096,0.7685
TT004,Phi,Wake1,Session 5,2,Response,59.3759,86.2673,1.2137,26.8914,-3.1086,3.1086,0.8964,0.6662,True,,26.712,0.95,72.8216,1.2137
TT004,Phi,Wake1,Session 5,3,Response,86.2673,112.9732,1.6603,26.7059,-3.2941,3.2941,0.8902,0.6186,True,,26.71,0.672,99.6202,1.6603
TT004,Phi,Wake1,Session 5,4,Response,112.9732,141.4695,2.1204,28.4963,-1.5037,1.5037,0.9499,0.6424,True,,27.1566,3.333,127.2214,2.1204
TT004,Phi,Wake1,Session 5,5,Response,141.4695,170.2999,2.5981,28.8304,-1.1696,1.1696,0.961,0.6186,True,,27.4913,3.942,155.8847,2.5981
TT004,Phi,Wake1,Session 5,6,Response,170.2999,200.3514,3.0888,30.0515,0.0515,0.0515,1.0017,0.6305,True,,28.1951,4.971,185.3256,3.0888
TT004,Phi,Wake1,Session 5,7,Response,200.3514,228.8486,3.5767,28.4972,-1.5028,1.5028,0.9499,0.7375,True,,28.5163,4.199,214.6,3.5767
TT004,Phi,Wake1,Session 5,8,Response,228.8486,265.2562,4.1175,36.4076,6.4076,6.4076,1.2136,0.678,True,,30.4566,11.123,247.0524,4.1175
TT004,Phi,Wake1,Session 5,9,Response,265.2562,291.3863,4.6387,26.1301,-3.8699,3.8699,0.871,0.6662,True,,29.9834,12.881,278.3212,4.6387
TT004,Phi,Wake1,Session 5,10,Reset,335.3276,367.2308,5.8547,31.9032,1.9032,1.9032,1.0634,0.7137,True,,30.5979,12.671,351.2792,5.8547
TT004,Phi,Wake1,Session 5,11,Reset,390.6526,419.598,6.7521,28.9454,-1.0546,1.0546,0.9648,0.7613,True,,30.3767,12.994,405.1253,6.7521
TT004,Phi,Wake1,Session 5,12,Reset,451.4458,486.1246,7.8131,34.6788,4.6788,4.6788,1.156,0.6899,True,,31.613,13.2,468.7852,7.8131
TT004,Phi,Wake1,Session 5,13,Reset,523.2824,547.5172,8.9233,24.2348,-5.7652,5.7652,0.8078,0.6424,True,,29.1785,14.486,535.3998,8.9233
TT004,Phi,Wake1,Session 5,14,Reset,674.9668,713.2182,11.5682,38.2514,8.2514,8.2514,1.275,0.6899,True,,31.6027,16.974,694.0925,11.5682
TT004,Phi,Wake1,Session 5,15,Reset,735.2919,759.491,12.4565,24.1991,-5.8009,5.8009,0.8066,0.4282,True,,30.0619,20.904,747.3915,12.4565
TT004,Phi,Wake1,Session 5,16,Response,759.491,771.529,12.7585,12.038,-17.962,17.962,0.4013,0.6424,True,,26.6804,38.607,765.51,12.7585
TT004,Phi,Wake1,Session 5,17,Response,771.529,792.786,13.036,21.257,-8.743,8.743,0.7086,0.6186,True,,23.9961,39.194,782.1575,13.036
TT004,Phi,Wake1,Session 5,18,Response,792.786,813.8843,13.3889,21.0983,-8.9017,8.9017,0.7033,0.6662,True,,23.3688,40.607,803.3352,13.3889
TT004,Phi,Wake1,Session 5,19,Reset,823.9319,850.5973,13.9544,26.6654,-3.3346,3.3346,0.8888,0.5353,True,,21.0516,26.31,837.2646,13.9544
TT004,Phi,Wake2,Session 9,1,Response,30.8354,58.2184,0.7421,27.383,-2.617,2.617,0.9128,0.6662,True,,,,7947.6569,132.4609
TT004,Phi,Wake2,Session 9,2,Response,58.2184,87.814,1.2169,29.5956,-0.4044,0.4044,0.9865,0.6899,True,,28.4893,5.492,7976.1462,132.9358
TT004,Phi,Wake2,Session 9,3,Response,87.814,118.7418,1.7213,30.9278,0.9278,0.9278,1.0309,0.6424,True,,29.3021,6.111,8006.4079,133.4401
TT004,Phi,Wake2,Session 9,4,Response,118.7418,153.4048,2.2679,34.663,4.663,4.663,1.1554,0.7613,True,,30.6424,9.964,8039.2033,133.9867
TT004,Phi,Wake2,Session 9,5,Response,153.4048,187.0051,2.8367,33.6003,3.6003,3.6003,1.12,0.6424,True,,31.2339,9.466,8073.335,134.5556
TT004,Phi,Wake2,Session 9,6,Response,187.0051,223.9123,3.4243,36.9072,6.9072,6.9072,1.2302,0.6899,True,,33.1388,8.821,8108.5887,135.1431
TT004,Phi,Wake2,Session 9,7,Response,223.9123,256.0297,3.9995,32.1174,2.1174,2.1174,1.0706,0.7851,True,,33.6431,6.875,8143.101,135.7184
TT004,Phi,Wake2,Session 9,8,Response,256.0297,292.0726,4.5675,36.0429,6.0429,6.0429,1.2014,0.6899,True,,34.6662,5.502,8177.1812,136.2864
TT004,Phi,Wake2,Session 9,9,Response,292.0726,324.5308,5.1384,32.4582,2.4582,2.4582,1.0819,0.7137,True,,34.2252,6.276,8211.4317,136.8572
TT004,Phi,Wake2,Session 9,10,Response,324.5308,357.3144,5.682,32.7836,2.7836,2.7836,1.0928,0.7137,True,,34.0619,6.566,8244.0526,137.4009
TT004,Phi,Wake2,Session 9,11,Response,357.3144,393.3811,6.2558,36.0667,6.0667,6.0667,1.2022,0.6186,True,,33.8938,5.862,8278.4778,137.9746
TT004,Phi,Wake2,Session 9,12,Response,393.3811,427.5047,6.8407,34.1236,4.1236,4.1236,1.1375,0.7851,True,,34.295,5.025,8313.5729,138.5595
TT004,Phi,Wake2,Session 9,13,Response,427.5047,460.764,7.4022,33.2593,3.2593,3.2593,1.1086,0.7137,True,,33.7383,4.282,8347.2644,139.1211
TT004,Phi,Wake2,Session 9,14,Response,460.764,489.9314,7.9225,29.1674,-0.8326,0.8326,0.9722,0.8089,True,,33.0801,7.623,8378.4777,139.6413
TT004,Phi,Wake2,Session 9,15,Response,489.9314,527.2668,8.4767,37.3354,7.3354,7.3354,1.2445,0.6662,True,,33.9905,9.223,8411.7291,140.1955
TT004,Phi,Wake2,Session 9,16,Response,527.2668,566.6006,9.1156,39.3338,9.3338,9.3338,1.3111,0.8803,True,,34.6439,11.311,8450.0637,140.8344
TT004,Phi,Wake2,Session 9,17,Response,566.6006,602.2469,9.7404,35.6463,5.6463,5.6463,1.1882,0.7851,True,,34.9484,11.237,8487.5538,141.4592
TT004,Phi,Wake2,Session 9,18,Response,602.2469,638.4325,10.339,36.1856,6.1856,6.1856,1.2062,0.7137,True,,35.5337,10.777,8523.4697,142.0578
TT004,Phi,Wake2,Session 9,19,Response,638.4325,676.9575,10.9616,38.525,8.525,8.525,1.2842,0.6899,True,,37.4052,4.133,8560.825,142.6804
TT004,Phi,Wake2,Session 9,20,Response,676.9575,710.9782,11.5661,34.0207,4.0207,4.0207,1.134,0.6662,True,,36.7423,5.902,8597.0979,143.285
TT004,Phi,Wake2,Session 9,21,Response,710.9782,747.2906,12.1522,36.3124,6.3124,6.3124,1.2104,0.6662,True,,36.138,4.474,8632.2644,143.8711
TT004,Phi,Wake2,Session 9,22,Response,747.2906,784.174,12.7622,36.8834,6.8834,6.8834,1.2294,0.7613,True,,36.3854,4.445,8668.8623,144.481
TT004,Phi,Wake2,Session 9,23,Response,784.174,817.7426,13.3493,33.5686,3.5686,3.5686,1.119,0.8089,True,,35.862,5.746,8704.0883,145.0681
TT004,Phi,Wake2,Session 9,24,Response,817.7426,854.7212,13.9372,36.9786,6.9786,6.9786,1.2326,0.8089,True,,35.5527,4.593,8739.3619,145.656
TT004,Phi,Wake2,Session 9,25,Response,854.7212,901.1447,14.6322,46.4235,16.4235,16.4235,1.5474,0.9278,True,,38.0333,12.862,8781.063,146.351
TT005,Phi,Nap1,Session 4,1,Response,31.2175,65.6527,0.8073,34.4352,4.4352,4.4352,1.1478,0.6914,True,,,,1167.3751,19.4563
TT005,Phi,Nap1,Session 4,2,Response,65.6527,98.6526,1.3692,32.9999,2.9999,2.9999,1.1,0.6468,True,,33.7176,3.01,1201.0926,20.0182
TT005,Phi,Nap1,Session 4,3,Response,98.6526,128.4407,1.8924,29.7881,-0.2119,0.2119,0.9929,0.5687,True,,32.4077,7.342,1232.4866,20.5414
TT005,Phi,Nap1,Session 4,4,Reset,158.2622,193.9498,2.9351,35.6876,5.6876,5.6876,1.1896,0.5576,True,,33.2277,7.652,1295.046,21.5841
TT005,Phi,Nap1,Session 4,5,Reset,266.4891,300.8495,4.7278,34.3604,4.3604,4.3604,1.1453,0.5464,True,,33.4542,6.753,1402.6093,23.3768
TT005,Phi,Nap1,Session 4,6,Reset,364.8419,408.2846,6.4427,43.4427,13.4427,13.4427,1.4481,0.6357,True,,35.2557,14.393,1505.5033,25.0917
TT005,Phi,Nap1,Session 4,7,Response,408.2846,432.8569,7.0095,24.5723,-5.4277,5.4277,0.8191,0.6245,True,,33.5702,20.949,1539.5108,25.6585
TT005,Phi,Nap1,Session 4,8,Reset,528.541,564.2397,9.1065,35.6987,5.6987,5.6987,1.19,0.5464,True,,34.7523,19.361,1665.3304,27.7555
TT005,Phi,Nap1,Session 4,9,Reset,756.2214,777.5039,12.781,21.2825,-8.7175,8.7175,0.7094,0.513,True,,31.8713,28.07,1885.8026,31.43
TT005,Phi,Nap1,Session 4,10,Reset,989.9685,1047.7604,16.9811,57.7919,27.7919,27.7919,1.9264,0.5799,True,,36.5576,40.481,2137.8044,35.6301
TT005,Phi,Nap1,Session 4,11,Reset,1152.3503,1180.7444,19.4425,28.3941,-1.6059,1.6059,0.9465,0.5353,True,,33.5479,43.451,2285.4874,38.0915
TT005,Phi,Nap1,Session 4,12,Reset,1312.3726,1340.6329,22.1084,28.2603,-1.7397,1.7397,0.942,0.5576,True,,34.2855,41.11,2445.4428,40.7574
TT005,Phi,Nap2,Session 5,1,Response,33.0337,70.4833,0.8626,37.4496,7.4496,7.4496,1.2483,0.5353,True,,,,2965.2185,49.4203
TT005,Phi,Nap2,Session 5,2,Response,70.4833,102.446,1.4411,31.9627,1.9627,1.9627,1.0654,0.5799,True,,34.7062,11.179,2999.9246,49.9987
TT005,Phi,Nap2,Session 5,3,EndProbe,200.24,232.833,3.6089,32.593,2.593,2.593,1.0864,0.736,True,,34.0018,8.83,3129.9965,52.1666
TT005,Phi,Nap2,Session 5,4,Response,232.833,261.8215,4.1221,28.9885,-1.0115,1.0115,0.9663,0.6245,True,,32.7484,10.706,3160.7872,52.6798
TT005,Phi,Nap2,Session 5,5,Response,261.8215,292.7215,4.6212,30.9,0.9,0.9,1.03,0.6691,True,,32.3788,9.719,3190.7315,53.1789
TT005,Phi,Nap2,Session 5,6,Response,292.7215,330.0595,5.1898,37.338,7.338,7.338,1.2446,0.6022,True,,32.3564,9.587,3224.8505,53.7475
TT005,Phi,Nap2,Session 5,7,Response,330.0595,365.7325,5.7983,35.673,5.673,5.673,1.1891,0.6245,True,,33.0985,10.31,3261.356,54.3559
TT005,Phi,Nap2,Session 5,8,EndProbe,443.728,481.2494,7.7081,37.5214,7.5214,7.5214,1.2507,0.6245,True,,34.0842,11.46,3375.9487,56.2658
TT005,Phi,Nap2,Session 5,9,Response,481.2494,513.249,8.2875,31.9996,1.9996,1.9996,1.0667,0.6691,True,,34.6864,8.839,3410.7092,56.8452
TT005,Phi,Nap2,Session 5,10,Response,513.249,546.87,8.8343,33.621,3.621,3.621,1.1207,0.6691,True,,35.2306,6.794,3443.5195,57.392
TT005,Phi,Nap2,Session 5,11,Response,546.87,585.4872,9.4363,38.6172,8.6172,8.6172,1.2872,0.6914,True,,35.4864,7.668,3479.6386,57.994
TT005,Phi,Nap2,Session 5,12,Response,585.4872,628.0521,10.1128,42.5649,12.5649,12.5649,1.4188,0.6022,True,,36.8648,11.363,3520.2296,58.6705
TT005,Phi,Nap2,Session 5,13,Response,628.0521,667.8068,10.7988,39.7547,9.7547,9.7547,1.3252,0.5799,True,,37.3115,11.767,3561.3894,59.3565
TT005,Phi,Nap2,Session 5,14,Response,667.8068,700.2825,11.4007,32.4757,2.4757,2.4757,1.0825,0.5799,True,,37.4067,11.36,3597.5046,59.9584
TT005,Phi,Nap2,Session 5,15,Response,700.2825,751.3531,12.097,51.0706,21.0706,21.0706,1.7024,0.6022,True,,40.8966,16.571,3639.2778,60.6546
TT005,Phi,Nap2,Session 5,16,EndProbe,853.284,887.3607,14.5054,34.0767,4.0767,4.0767,1.1359,0.6245,True,,39.9885,18.584,3783.7824,63.063
TT005,Phi,Nap2,Session 5,17,Reset,916.1563,954.5504,15.5892,38.3941,8.3941,8.3941,1.2798,1.3159,True,,39.1544,18.651,3848.8134,64.1469
TT005,Phi,Nap2,Session 5,18,Response,954.5504,995.6879,16.252,41.1375,11.1375,11.1375,1.3712,0.6245,True,,39.4309,18.658,3888.5792,64.8097
TT005,Phi,Nap2,Session 5,19,Response,995.6879,1033.7698,16.9121,38.0819,8.0819,8.0819,1.2694,0.6691,True,,40.5522,15.774,3928.1888,65.4698
TT005,Phi,Nap2,Session 5,20,Response,1033.7698,1069.1004,17.5239,35.3306,5.3306,5.3306,1.1777,0.6468,True,,37.4042,7.412,3964.8951,66.0816
TT005,Phi,Nap2,Session 5,21,Response,1069.1004,1108.2607,18.1447,39.1603,9.1603,9.1603,1.3053,0.6691,True,,38.4209,5.458,4002.1406,66.7023
TT005,Phi,Nap2,Session 5,22,Response,1108.2607,1141.4423,18.7475,33.1816,3.1816,3.1816,1.1061,0.6022,True,,37.3784,8.419,4038.3115,67.3052
TT005,Phi,Nap2,Session 5,23,Response,1141.4423,1181.9776,19.3618,40.5353,10.5353,10.5353,1.3512,0.6022,True,,37.2579,7.981,4075.17,67.9195
TT005,Phi,Nap2,Session 5,24,Response,1181.9776,1214.4389,19.9701,32.4613,2.4613,2.4613,1.082,0.6914,True,,36.1338,9.919,4111.6683,68.5278
TT005,Phi,Nap2,Session 5,25,EndProbe,1310.688,1347.77,22.1538,37.082,7.082,7.082,1.2361,0.6468,True,,36.4841,9.789,4242.689,70.7115
TT005,Phi,Nap2,Session 5,26,Response,1347.77,1376.2678,22.7003,28.4978,-1.5022,1.5022,0.9499,0.5353,True,,34.3516,13.412,4275.4789,71.258
TT005,Phi,Nap2,Session 5,27,Reset,1422.3869,1454.1935,23.9715,31.8066,1.8066,1.8066,1.0602,0.6245,True,,34.0766,13.891,4351.7502,72.5292
TT005,Phi,Nap2,Session 5,28,Reset,1472.1561,1502.2676,24.7869,30.1115,0.1115,0.1115,1.0037,0.6245,True,,31.9918,10.118,4400.6718,73.3445
TT005,Phi,Nap2,Session 5,29,Response,1502.2676,1534.8627,25.3094,32.5951,2.5951,2.5951,1.0865,0.6468,True,,32.0186,10.126,4432.0251,73.8671
TT005,Phi,Nap2,Session 5,30,Response,1534.8627,1564.7065,25.8297,29.8438,-0.1562,0.1562,0.9948,0.6914,True,,30.571,5.34,4463.2446,74.3874
TT005,Phi,Nap2,Session 5,31,Response,1564.7065,1601.7546,26.3872,37.0481,7.0481,7.0481,1.2349,0.5353,True,,32.281,8.991,4496.6906,74.9448
TT005,Phi,Nap2,Session 5,32,Response,1601.7546,1639.9703,27.0144,38.2157,8.2157,8.2157,1.2739,0.5576,True,,33.5628,11.585,4534.3224,75.572
TT005,Phi,Nap2,Session 5,33,Reset,1664.9296,1695.5987,28.0044,30.6691,0.6691,0.6691,1.0223,1.4721,True,,33.6744,11.198,4593.7242,76.5621
TT005,Phi,Nap2,Session 5,34,Response,1695.5987,1727.7176,28.5276,32.1189,2.1189,2.1189,1.0706,0.5799,True,,33.5791,11.348,4625.1182,77.0853
TT005,Phi,Nap2,Session 5,35,Response,1727.7176,1762.4092,29.0844,34.6916,4.6916,4.6916,1.1564,0.5799,True,,34.5487,9.229,4658.5234,77.6421
TT005,Phi,Nap2,Session 5,36,Reset,1777.896,1821.1301,29.9919,43.2341,13.2341,13.2341,1.4411,0.513,True,,35.7859,14.125,4712.9731,78.5496
TT005,Phi,Nap2,Session 5,37,Response,1821.1301,1851.5762,30.6059,30.4461,0.4461,0.4461,1.0149,0.5353,True,,34.232,15.509,4749.8132,79.1636
TT005,Phi,Nap2,Session 5,38,Response,1851.5762,1887.9629,31.1628,36.3867,6.3867,6.3867,1.2129,0.4684,True,,35.3755,14.003,4783.2296,79.7205
TT005,Phi,Nap2,Session 5,39,Reset,1919.8364,1955.4426,32.294,35.6062,5.6062,5.6062,1.1869,0.5576,True,,36.0729,12.792,4851.0995,80.8517
TT005,Phi,Nap2,Session 5,40,Response,1955.4426,1989.948,32.8783,34.5054,4.5054,4.5054,1.1502,0.5576,True,,36.0357,12.846,4886.1553,81.4359
TT005,Phi,Nap2,Session 5,41,Response,1989.948,2022.5876,33.4378,32.6396,2.6396,2.6396,1.088,0.5799,True,,33.9168,7.067,4919.7278,81.9955
TT005,Phi,Nap2,Session 5,42,Reset,2073.8367,2109.8364,34.8639,35.9997,5.9997,5.9997,1.2,0.7583,True,,35.0275,4.307,5005.2966,83.4216
TT005,Phi,Nap2,Session 5,43,Response,2109.8364,2136.647,35.3874,26.8106,-3.1894,3.1894,0.8937,0.6022,True,,33.1123,11.343,5036.7017,83.945
TT005,Phi,Nap2,Session 5,44,Response,2136.647,2175.9332,35.9382,39.2862,9.2862,9.2862,1.3095,0.513,True,,33.8483,13.669,5069.7501,84.4958
TT005,Phi,Nap2,Session 5,45,EndProbe,2290.864,2333.7921,38.5388,42.9281,12.9281,12.9281,1.4309,0.5353,True,,35.5328,17.431,5225.788,87.0965
TT005,Phi,Nap2,Session 5,46,Reset,2368.5729,2402.6323,39.76,34.0594,4.0594,4.0594,1.1353,0.6245,True,,35.8168,16.916,5299.0626,88.3177
TT005,Phi,Nap2,Session 5,47,Response,2402.6323,2434.0597,40.3058,31.4274,1.4274,1.4274,1.0476,0.5576,True,,34.9023,18.228,5331.806,88.8634
TT005,Phi,Nap2,Session 5,48,Response,2434.0597,2469.8811,40.8662,35.8214,5.8214,5.8214,1.194,0.5799,True,,36.7045,12.262,5365.4304,89.4238
TT005,Phi,Nap2,Session 5,49,Response,2469.8811,2505.108,41.4582,35.2269,5.2269,5.2269,1.1742,0.5799,True,,35.8926,11.922,5400.9546,90.0159
TT005,Phi,Nap2,Session 5,50,Response,2505.108,2539.3458,42.0371,34.2378,4.2378,4.2378,1.1413,0.6468,True,,34.1546,4.939,5435.6869,90.5948
TT005,Phi,Nap2,Session 5,51,Reset,2572.8553,2606.0448,43.1575,33.1895,3.1895,3.1895,1.1063,0.6691,True,,33.9806,5.129,5502.9101,91.7152
TT005,Phi,Nap2,Session 5,52,Response,2606.0448,2646.0671,43.7676,40.0223,10.0223,10.0223,1.3341,0.6468,True,,35.6996,7.326,5539.516,92.3253
TT005,Phi,Nap2,Session 5,53,Reset,2669.8364,2715.1526,44.8749,45.3162,15.3162,15.3162,1.5105,1.0483,True,,37.5985,13.417,5605.9545,93.4326
TT005,Phi,Nap2,Session 5,54,Reset,2761.2416,2806.2455,46.3957,45.0039,15.0039,15.0039,1.5001,0.6022,True,,39.5539,14.517,5697.2036,94.9534
TT005,Phi,Nap2,Session 5,55,Response,2806.2455,2845.7771,47.1002,39.5316,9.5316,9.5316,1.3177,0.6022,True,,40.6127,12.189,5739.4713,95.6579
TT005,Phi,Nap2,Session 5,56,Reset,2870.0149,2913.9259,48.1995,43.911,13.911,13.911,1.4637,0.5799,True,,42.757,6.491,5805.4304,96.7572
TT005,Phi,Nap2,Session 5,57,Reset,2937.8291,2975.9556,49.2815,38.1265,8.1265,8.1265,1.2709,0.7806,True,,42.3778,7.831,5870.3524,97.8392
TT005,Phi,Nap2,Session 5,58,Reset,3034.1935,3068.409,50.855,34.2155,4.2155,4.2155,1.1405,0.9814,True,,40.1577,10.954,5964.7612,99.4127
TT005,Phi,Nap2,Session 5,59,EndProbe,3199.804,3231.9854,53.5982,32.1814,2.1814,2.1814,1.0727,0.6468,True,,37.5932,12.237,6129.3547,102.1559
TT005,Phi,Nap2,Session 5,60,Response,3231.9854,3265.1749,54.143,33.1895,3.1895,3.1895,1.1063,0.6245,True,,36.3248,13.22,6162.0402,102.7007
TT005,Phi,Nap2,Session 5,61,Response,3265.1749,3298.6097,54.6982,33.4348,3.4348,3.4348,1.1145,0.5353,True,,34.2295,6.709,6195.3523,103.2559
TT005,Phi,Nap2,Session 5,62,Reset,3315.4203,3349.8588,55.544,34.4385,4.4385,4.4385,1.148,0.5799,True,,33.4919,2.684,6246.0996,104.1017
TT005,Phi,Nap2,Session 5,63,Response,3349.8588,3385.0857,56.1245,35.2269,5.2269,5.2269,1.1742,1.4944,True,,33.6942,3.484,6280.9322,104.6822
TT005,Phi,Nap2,Session 5,64,Reset,3495.8217,3523.6136,58.4953,27.7919,-2.2081,2.2081,0.9264,0.5799,True,,32.8163,8.911,6423.1776,107.053
TT005,Phi,Nap2,Session 5,65,Response,3523.6136,3547.6284,58.927,24.0148,-5.9852,5.9852,0.8005,0.5799,True,,30.9814,15.705,6449.081,107.4847
TT005,Phi,Nap2,Session 5,66,Reset,3576.9146,3609.2342,59.8846,32.3196,2.3196,2.3196,1.0773,0.6245,True,,30.7583,15.441,6506.5344,108.4422
TT005,Phi,Nap2,Session 5,67,EndProbe,3800.156,3833.7921,63.6162,33.6361,3.6361,3.6361,1.1212,0.736,True,,30.5979,15.051,6730.434,112.1739
TT005,Phi,Nap2,Session 5,68,Response,3833.7921,3864.1935,64.1499,30.4014,0.4014,0.4014,1.0134,0.6468,True,,29.6328,12.937,6762.4528,112.7075
TT005,Phi,Nap2,Session 5,69,Reset,3962.5654,3989.0335,66.2633,26.4681,-3.5319,3.5319,0.8823,0.6691,True,,29.368,13.733,6889.2594,114.821
TT005,Phi,Nap2,Session 5,70,Reset,4183.2345,4208.1492,69.9282,24.9147,-5.0853,5.0853,0.8305,0.5353,True,,29.548,12.672,7109.1518,118.4859
TT005,Phi,Nap2,Session 5,71,EndProbe,4540.722,4572.61,75.9444,31.888,1.888,1.888,1.0629,0.513,True,,29.4617,12.452,7470.126,124.5021
TT005,Phi,Nap2,Session 5,72,Reset,4595.8663,4623.3014,76.8264,27.4351,-2.5649,2.5649,0.9145,0.4684,True,,28.2215,10.15,7523.0438,125.3841
TT005,Phi,Nap2,Session 5,73,EndProbe,4757.074,4785.4426,79.521,28.3686,-1.6314,1.6314,0.9456,0.513,True,,27.8149,9.386,7684.7183,128.0786
TT005,Phi,Nap2,Session 5,74,Response,4785.4426,4813.6359,79.9923,28.1933,-1.8067,1.8067,0.9398,0.4238,True,,28.1599,8.878,7712.9992,128.55
TT005,Phi,Nap2,Session 5,75,Reset,4919.5019,4946.5801,82.2173,27.0782,-2.9218,2.9218,0.9026,0.6468,True,,28.5926,6.705,7846.501,130.775
TT005,Phi,Nap2,Session 5,76,Response,4946.5801,4961.6955,82.569,15.1154,-14.8846,14.8846,0.5038,0.4907,True,,25.2381,22.52,7867.5978,131.1266
TT005,Phi,Nap2,Session 5,77,Reset,5024.2158,5043.5244,83.8978,19.3086,-10.6914,10.6914,0.6436,0.5353,True,,23.6128,25.616,7947.3301,132.4555
TT005,Phi,Nap2,Session 5,78,Response,5043.5244,5069.2788,84.2734,25.7544,-4.2456,4.2456,0.8585,0.6468,True,,23.09,24.398,7969.8616,132.831
TT005,Phi,Nap2,Session 5,79,Response,5069.2788,5122.097,84.9281,52.8182,22.8182,22.8182,1.7606,0.513,True,,28.015,52.442,8009.1479,133.4858
TT005,Phi,Wake1,Session 3,1,Response,34.8712,56.8451,0.7643,21.9739,-8.0261,8.0261,0.7325,0.3792,True,,,,45.8582,0.7643
TT005,Phi,Wake1,Session 3,2,Response,56.8451,92.2951,1.2428,35.45,5.45,5.45,1.1817,0.4349,True,,28.712,33.188,74.5701,1.2428
TT005,Phi,Wake1,Session 3,3,Response,92.2951,125.4957,1.8149,33.2006,3.2006,3.2006,1.1067,0.3792,True,,30.2082,23.898,108.8954,1.8149
TT005,Phi,Wake1,Session 3,4,Response,125.4957,157.0347,2.3544,31.539,1.539,1.539,1.0513,0.4126,True,,30.5409,19.423,141.2652,2.3544
TT005,Phi,Wake1,Session 3,5,Reset,171.6483,204.8178,3.1372,33.1695,3.1695,3.1695,1.1056,0.4182,True,,31.0666,16.963,188.233,3.1372
TT005,Phi,Wake1,Session 3,6,Response,204.8178,239.5885,3.7034,34.7707,4.7707,4.7707,1.159,0.4126,True,,33.626,4.555,222.2032,3.7034
TT005,Phi,Wake1,Session 3,7,Reset,263.9456,299.8673,4.6984,35.9217,5.9217,5.9217,1.1974,0.4015,True,,33.7203,4.98,281.9064,4.6984
TT005,Phi,Wake1,Session 3,8,Response,299.8673,333.2542,5.276,33.3869,3.3869,3.3869,1.1129,0.4572,True,,33.7576,4.938,316.5608,5.276
TT005,Phi,Wake1,Session 3,9,Response,333.2542,485.1388,6.8199,151.8846,121.8846,121.8846,5.0628,0.4015,False,break,,,409.1965,6.8199
TT005,Phi,Wake1,Session 3,10,Response,485.1388,511.7598,8.3075,26.621,-3.379,3.379,0.8874,0.7026,True,,32.774,11.032,498.4493,8.3075
TT005,Phi,Wake1,Session 3,11,Response,511.7598,542.7412,8.7875,30.9814,0.9814,0.9814,1.0327,0.8141,True,,32.3363,11.403,527.2505,8.7875
TT005,Phi,Wake1,Session 3,12,Response,542.7412,573.6333,9.3031,30.8921,0.8921,0.8921,1.0297,0.368,True,,31.5606,10.923,558.1872,9.3031
TT005,Phi,Wake1,Session 3,13,Response,573.6333,602.73,9.803,29.0967,-0.9033,0.9033,0.9699,0.5687,True,,30.1956,8.324,588.1816,9.803
TT005,Phi,Wake1,Session 3,14,Response,602.73,631.8936,10.2885,29.1636,-0.8364,0.8364,0.9721,0.4238,True,,29.351,6.044,617.3118,10.2885
TT005,Phi,Wake1,Session 3,15,Response,631.8936,652.8527,10.7062,20.9591,-9.0409,9.0409,0.6986,0.4795,True,,28.2186,14.734,642.3732,10.7062
TT005,Phi,Wake1,Session 3,16,Response,652.8527,678.6852,11.0961,25.8325,-4.1675,4.1675,0.8611,0.4795,True,,27.1888,14.469,665.769,11.0961
TT005,Phi,Wake1,Session 3,17,Response,678.6852,710.0234,11.5726,31.3382,1.3382,1.3382,1.0446,0.4572,True,,27.278,14.82,694.3543,11.5726
TT005,Phi,Wake1,Session 3,18,Response,710.0234,737.793,12.0651,27.7696,-2.2304,2.2304,0.9257,0.4349,True,,27.0126,14.569,723.9082,12.0651
TT005,Phi,Wake1,Session 3,19,Response,737.793,762.7969,12.5049,25.0039,-4.9961,4.9961,0.8335,0.5687,True,,26.1807,14.532,750.295,12.5049
TT005,Phi,Wake1,Session 3,20,Response,762.7969,814.3024,13.1425,51.5055,21.5055,21.5055,1.7168,0.368,True,,32.2899,34.114,788.5496,13.1425
TT005,Phi,Wake1,Session 3,21,Reset,830.0346,857.57,14.0634,27.5354,-2.4646,2.4646,0.9178,0.4015,True,,32.6305,33.067,843.8023,14.0634
TT005,Phi,Wake1,Session 3,22,Response,857.57,878.2949,14.4655,20.7249,-9.2751,9.2751,0.6908,0.5353,True,,30.5079,39.58,867.9324,14.4655
TT005,Phi,Wake1,Session 3,23,Reset,905.6741,939.8896,15.3797,34.2155,4.2155,4.2155,1.1405,0.4238,True,,31.797,37.908,922.7818,15.3797
TT005,Phi,Wake1,Session 3,24,Response,939.8896,968.5402,15.9036,28.6506,-1.3494,1.3494,0.955,0.4461,True,,32.5264,35.797,954.2149,15.9036
TT005,Phi,Wake2,Session 7,1,Response,28.1819,54.4716,0.6888,26.2897,-3.7103,3.7103,0.8763,0.5353,True,,,,8443.5368,140.7256
TT005,Phi,Wake2,Session 7,2,Response,54.4716,78.7395,1.1101,24.2679,-5.7321,5.7321,0.8089,0.513,True,,25.2788,5.655,8468.8156,141.1469
TT005,Phi,Wake2,Session 7,3,Response,78.7395,107.8696,1.5551,29.1301,-0.8699,0.8699,0.971,0.6022,True,,26.5626,9.195,8495.5146,141.5919
TT005,Phi,Wake2,Session 7,4,Response,107.8696,136.0775,2.0329,28.2079,-1.7921,1.7921,0.9403,0.4684,True,,26.9739,7.998,8524.1836,142.0697
TT005,Phi,Wake2,Session 7,5,Response,136.0775,164.5386,2.5051,28.4611,-1.5389,1.5389,0.9487,0.6022,True,,27.2713,7.272,8552.518,142.542
TT005,Phi,Wake2,Session 7,6,Response,164.5386,193.2895,2.9819,28.7509,-1.2491,1.2491,0.9584,0.5799,True,,27.7636,7.146,8581.124,143.0187
TT005,Phi,Wake2,Session 7,7,Response,193.2895,221.5944,3.4574,28.3049,-1.6951,1.6951,0.9435,0.6245,True,,28.571,1.309,8609.652,143.4942
TT005,Phi,Wake2,Session 7,8,Response,221.5944,250.5238,3.9343,28.9294,-1.0706,1.0706,0.9643,0.6468,True,,28.5308,1.062,8638.2691,143.9712
TT005,Phi,Wake2,Session 7,9,Response,250.5238,276.353,4.3906,25.8292,-4.1708,4.1708,0.861,0.6245,True,,28.0551,4.519,8665.6484,144.4275
TT005,Phi,Wake2,Session 7,10,Response,276.353,303.6464,4.8333,27.2934,-2.7066,2.7066,0.9098,0.6691,True,,27.8216,4.608,8692.2097,144.8702
TT005,Phi,Wake2,Session 7,11,Response,303.6464,331.8621,5.2959,28.2157,-1.7843,1.7843,0.9405,0.6022,True,,27.7145,4.348,8719.9642,145.3327
TT005,Phi,Wake2,Session 7,12,Response,331.8621,363.4234,5.794,31.5613,1.5613,1.5613,1.052,0.6245,True,,28.3658,7.507,8749.8527,145.8309
TT005,Phi,Wake2,Session 7,13,Response,363.4234,392.9104,6.3028,29.487,-0.513,0.513,0.9829,0.5353,True,,28.4773,7.656,8780.3769,146.3396
TT005,Phi,Wake2,Session 7,14,Response,392.9104,419.7878,6.7725,26.8774,-3.1226,3.1226,0.8959,0.6022,True,,28.687,6.6,8808.5591,146.8093
TT005,Phi,Wake2,Session 7,15,Response,419.7878,449.5202,7.2442,29.7324,-0.2676,0.2676,0.9911,0.5576,True,,29.1748,6.011,8836.864,147.2811
TT005,Phi,Wake2,Session 7,16,Response,449.5202,479.0295,7.7379,29.5093,-0.4907,0.4907,0.9836,0.5799,True,,29.4335,5.675,8866.4848,147.7747
TT005,Phi,Wake2,Session 7,17,Response,479.0295,507.5574,8.2216,28.5279,-1.4721,1.4721,0.9509,0.5353,True,,28.8268,4.109,8895.5034,148.2584
TT005,Phi,Wake2,Session 7,18,Response,507.5574,533.5204,8.6756,25.963,-4.037,4.037,0.8654,0.5576,True,,28.122,5.868,8922.7489,148.7125
TT005,Phi,Wake2,Session 7,19,Response,533.5204,561.7807,9.1275,28.2603,-1.7397,1.7397,0.942,0.5576,True,,28.3986,5.276,8949.8606,149.1643
TT005,Phi,Wake2,Session 7,20,Response,561.7807,587.4682,9.5771,25.6875,-4.3125,4.3125,0.8562,0.5799,True,,27.5896,6.086,8976.8344,149.6139
TT005,Phi,Wake2,Session 7,21,Response,587.4682,615.5645,10.0253,28.0963,-1.9037,1.9037,0.9365,0.5576,True,,27.307,4.998,9003.7263,150.0621
TT005,Phi,Wake2,Session 7,22,Response,615.5645,644.7988,10.503,29.2343,-0.7657,0.7657,0.9745,0.5353,True,,27.4483,5.637,9032.3916,150.5399
TT005,Phi,Wake2,Session 7,23,Response,644.7988,677.1932,11.0166,32.3944,2.3944,2.3944,1.0798,0.5799,True,,28.7346,8.446,9063.206,151.0534
TT005,Phi,Wake2,Session 7,24,Response,677.1932,704.3304,11.5127,27.1372,-2.8628,2.8628,0.9046,0.6468,True,,28.5099,8.88,9092.9718,151.5495
TT005,Phi,Wake2,Session 7,25,Response,704.3304,732.5907,11.9743,28.2603,-1.7397,1.7397,0.942,0.5799,True,,29.0245,6.978,9120.6705,152.0112
TT005,Phi,Wake2,Session 7,26,Response,732.5907,762.1,12.4558,29.5093,-0.4907,0.4907,0.9836,0.5353,True,,29.3071,6.691,9149.5553,152.4926
TT005,Phi,Wake2,Session 7,27,Response,762.1,818.9552,13.1755,56.8552,26.8552,26.8552,1.8952,0.5576,True,,34.8313,35.792,9192.7376,153.2123
TT005,Phi,Wake2,Session 7,28,Response,818.9552,850.1819,13.9095,31.2267,1.2267,1.2267,1.0409,0.5799,True,,34.5977,36.23,9236.7785,153.9463
TT005,Phi,Wake2,Session 7,29,Response,850.1819,879.6912,14.4156,29.5093,-0.4907,0.4907,0.9836,0.5353,True,,35.0722,34.85,9267.1466,154.4524
TT006,Phi,Nap1,Session 4,1,Response,31.8392,63.3856,0.7935,31.5464,1.5464,1.5464,1.0515,0.678,True,,,,1075.8824,17.9314
TT006,Phi,Nap1,Session 4,2,Response,63.3856,96.6449,1.3336,33.2593,3.2593,3.2593,1.1086,0.6067,True,,32.4029,3.738,1108.2852,18.4714
TT006,Phi,Nap1,Session 4,3,Response,96.6449,129.8036,1.8871,33.1587,3.1587,3.1587,1.1053,0.571,True,,32.6548,2.944,1141.4942,19.0249
TT006,Phi,Nap1,Session 4,4,Response,129.8036,162.8503,2.4388,33.0467,3.0467,3.0467,1.1016,0.6067,True,,32.7528,2.47,1174.597,19.5766
TT006,Phi,Nap1,Session 4,5,Response,162.8503,195.3568,2.9851,32.5065,2.5065,2.5065,1.0835,0.6067,True,,32.7035,2.168,1207.3736,20.1229
TT006,Phi,Nap1,Session 4,6,Response,195.3568,229.3695,3.5394,34.0127,4.0127,4.0127,1.1338,0.5472,True,,33.1968,1.629,1240.6331,20.6772
TT006,Phi,Nap1,Session 4,7,Response,229.3695,263.6116,4.1082,34.2421,4.2421,4.2421,1.1414,0.6305,True,,33.3933,2.152,1274.7606,21.246
TT006,Phi,Nap1,Session 4,8,Response,263.6116,295.7969,4.6617,32.1853,2.1853,2.1853,1.0728,0.4996,True,,33.1987,2.728,1307.9742,21.7996
TT006,Phi,Nap1,Session 4,9,Response,295.7969,329.7972,5.2133,34.0003,4.0003,4.0003,1.1333,0.6305,True,,33.3894,2.888,1341.0671,22.3511
TT006,Phi,Nap1,Session 4,10,Reset,447.1008,480.2968,7.7283,33.196,3.196,3.196,1.1065,0.6067,True,,33.5273,2.531,1491.9688,24.8661
TT006,Phi,Nap2,Session 5,1,Response,35.9435,70.0875,0.8836,34.144,4.144,4.144,1.1381,0.6186,True,,,,1910.1755,31.8363
TT006,Phi,Nap2,Session 5,2,Response,70.0875,104.1993,1.4524,34.1118,4.1118,4.1118,1.1371,0.7018,True,,34.1279,0.067,1944.3034,32.4051
TT006,Phi,Nap2,Session 5,3,EndProbe,230.166,261.1897,4.0946,31.0237,1.0237,1.0237,1.0341,0.6305,True,,33.0932,5.416,2102.8378,35.0473
TT006,Phi,Nap2,Session 5,4,Response,261.1897,294.3777,4.6297,33.188,3.188,3.188,1.1063,0.5829,True,,33.1169,4.421,2134.9437,35.5824
TT006,Phi,Nap2,Session 5,5,Response,294.3777,327.8869,5.1855,33.5092,3.5092,3.5092,1.117,0.5591,True,,33.1953,3.856,2168.2923,36.1382
TT006,Phi,Nap2,Session 5,6,Response,327.8869,361.0589,5.7412,33.172,3.172,3.172,1.1057,0.6424,True,,33.0009,3.542,2201.6329,36.6939
TT006,Phi,Nap2,Session 5,7,Response,361.0589,394.9011,6.2997,33.8422,3.8422,3.8422,1.1281,0.6305,True,,32.947,3.368,2235.14,37.2523
TT006,Phi,Nap2,Session 5,8,EndProbe,551.882,579.7822,9.4305,27.9002,-2.0998,2.0998,0.93,0.6305,True,,32.3223,7.695,2422.9921,40.3832
TT006,Phi,Nap2,Session 5,9,Response,579.7822,611.2492,9.9253,31.467,1.467,1.467,1.0489,0.7018,True,,31.9781,7.681,2452.6757,40.8779
TT006,Phi,Nap2,Session 5,10,Reset,637.4863,670.0676,10.8963,32.5813,2.5813,2.5813,1.086,0.6186,True,,31.7925,7.374,2510.9369,41.8489
TT006,Phi,Nap2,Session 5,11,Response,670.0676,703.6839,11.4479,33.6163,3.6163,3.6163,1.1205,0.6305,True,,31.8814,7.581,2544.0358,42.4006
TT006,Phi,Nap2,Session 5,12,Reset,719.0526,752.7322,12.2649,33.6796,3.6796,3.6796,1.1227,0.6542,True,,31.8489,7.488,2593.0524,43.2175
TT006,Phi,Nap2,Session 5,13,Response,752.7322,784.5284,12.8105,31.7962,1.7962,1.7962,1.0599,0.6186,True,,32.6281,3.112,2625.7903,43.7632
TT006,Phi,Nap2,Session 5,14,Response,784.5284,814.921,13.3287,30.3926,0.3926,0.3926,1.0131,0.5829,True,,32.4132,4.237,2656.8847,44.2814
TT006,Phi,Nap2,Session 5,15,Reset,962.8789,993.5212,16.3033,30.6423,0.6423,0.6423,1.0214,0.678,True,,32.0254,4.912,2835.36,47.256
TT006,Phi,Nap2,Session 5,16,Response,993.5212,1024.8892,16.8201,31.368,1.368,1.368,1.0456,0.7018,True,,31.5757,4.126,2866.3652,47.7728
TT006,Phi,Nap2,Session 5,17,Response,1024.8892,1057.5419,17.3536,32.6527,2.6527,2.6527,1.0884,0.6424,True,,31.3704,2.901,2898.3755,48.3063
TT006,Phi,Nap2,Session 5,18,Reset,1097.8988,1133.1049,18.5917,35.2061,5.2061,5.2061,1.1735,0.6542,True,,32.0523,6.145,2972.6618,49.5444
TT006,Phi,Nap2,Session 5,19,Reset,1392.4506,1425.3968,23.4821,32.9462,2.9462,2.9462,1.0982,0.7137,True,,32.5631,5.376,3266.0837,54.4347
TT006,Phi,Nap2,Session 5,20,EndProbe,1556.63,1589.6632,26.2191,33.0332,3.0332,3.0332,1.1011,0.6542,True,,33.0412,4.184,3430.3066,57.1718
TT006,Phi,Nap2,Session 5,21,Response,1589.6632,1624.8773,26.7878,35.2141,5.2141,5.2141,1.1738,0.5591,True,,33.8105,3.802,3464.4302,57.7405
TT006,Phi,Nap2,Session 5,22,Response,1624.8773,1657.9701,27.3571,33.0928,3.0928,3.0928,1.1031,0.678,True,,33.8985,3.535,3498.5837,58.3097
TT006,Phi,Nap2,Session 5,23,EndProbe,1825.076,1859.1874,30.7022,34.1114,4.1114,4.1114,1.137,0.6662,True,,33.6795,2.91,3699.2917,61.6549
TT006,Phi,Nap2,Session 5,24,Response,1859.1874,1890.0201,31.2434,30.8327,0.8327,0.8327,1.0278,0.7018,True,,33.2568,4.875,3731.7638,62.1961
TT006,Phi,Nap2,Session 5,25,Reset,1903.9932,1934.4452,31.987,30.452,0.452,0.452,1.0151,0.5829,True,,32.7406,6.296,3776.3792,62.9397
TT006,Phi,Nap2,Session 5,26,Reset,1944.8615,1976.618,32.679,31.7565,1.7565,1.7565,1.0585,0.6305,True,,32.0491,4.798,3817.8997,63.6317
TT006,Phi,Nap2,Session 5,27,EndProbe,2223.356,2262.0581,37.3785,38.7021,8.7021,8.7021,1.2901,0.7256,True,,33.1709,10.261,4099.867,68.3311
TT006,Phi,Nap2,Session 5,28,Response,2262.0581,2279.2549,37.8443,17.1968,-12.8032,12.8032,0.5732,0.7137,True,,29.788,26.188,4127.8165,68.7969
TT006,Phi,Nap2,Session 5,29,EndProbe,2532.662,2564.7584,42.4785,32.0964,2.0964,2.0964,1.0699,0.6899,True,,30.0408,26.175,4405.8702,73.4312
TT006,Phi,Nap2,Session 5,30,Response,2564.7584,2597.2207,43.0165,32.4623,2.4623,2.4623,1.0821,0.6662,True,,30.4428,26.084,4438.1496,73.9692
TT006,Phi,Nap2,Session 5,31,Reset,2612.1057,2667.8155,43.9993,55.7098,25.7098,25.7098,1.857,0.5829,True,,35.2335,39.485,4497.1206,74.952
TT006,Phi,Nap2,Session 5,32,Response,2667.8155,2699.1597,44.7248,31.3442,1.3442,1.3442,1.0448,0.6186,True,,33.7619,40.999,4540.6476,75.6775
TT006,Phi,Nap2,Session 5,33,Response,2699.1597,2729.8535,45.2418,30.6938,0.6938,0.6938,1.0231,0.6186,True,,36.4613,29.571,4571.6666,76.1944
TT006,Phi,Nap2,Session 5,34,Reset,2813.5093,2845.2298,47.1562,31.7205,1.7205,1.7205,1.0574,0.7018,True,,36.3861,29.74,4686.5296,78.1088
TT006,Phi,Nap2,Session 5,35,Reset,2870.0953,2902.6529,48.1062,32.5576,2.5576,2.5576,1.0853,0.7256,True,,36.4052,29.701,4743.5341,79.0589
TT006,Phi,Nap2,Session 5,36,Response,2902.6529,2932.1176,48.6231,29.4647,-0.5353,0.5353,0.9822,0.5591,True,,31.1562,3.727,4774.5452,79.5758
TT006,Phi,Nap2,Session 5,37,Response,2932.1176,2963.2595,49.1281,31.1419,1.1419,1.1419,1.0381,0.5829,True,,31.1157,3.717,4804.8486,80.0808
TT006,Phi,Nap2,Session 5,38,Response,2963.2595,2995.4959,49.6563,32.2364,2.2364,2.2364,1.0745,0.6899,True,,31.4242,3.882,4836.5377,80.609
TT006,Phi,Nap2,Session 5,39,Response,2995.4959,3028.8147,50.2026,33.3188,3.3188,3.3188,1.1106,0.6186,True,,31.7439,4.71,4869.3153,81.1553
TT006,Phi,Nap2,Session 5,40,Response,3028.8147,3060.8448,50.7472,32.0301,2.0301,2.0301,1.0677,0.6899,True,,31.6384,4.555,4901.9898,81.6998
TT006,Phi,Nap2,Session 5,41,Reset,3073.9179,3106.6616,51.5048,32.7437,2.7437,2.7437,1.0915,0.6424,True,,32.2942,2.522,4947.4498,82.4575
TT006,Phi,Nap2,Session 5,42,EndProbe,3565.368,3596.8321,59.685,31.4641,1.4641,1.4641,1.0488,0.6662,True,,32.3586,2.182,5438.26,90.6377
TT006,Phi,Nap2,Session 5,43,Response,3596.8321,3626.5823,60.1951,29.7502,-0.2498,0.2498,0.9917,0.6186,True,,31.8614,4.311,5468.8672,91.1478
TT006,Phi,Nap2,Session 5,44,Response,3626.5823,3657.5339,60.701,30.9516,0.9516,0.9516,1.0317,0.571,True,,31.3879,3.608,5499.2181,91.6536
TT006,Phi,Nap2,Session 5,45,Reset,3671.9828,3704.5998,61.4715,32.617,2.617,2.617,1.0872,0.6662,True,,31.5053,3.938,5545.4513,92.4242
TT006,Phi,Nap2,Session 5,46,Response,3704.5998,3736.6299,62.0102,32.0301,2.0301,2.0301,1.0677,0.7494,True,,31.3626,3.492,5577.7748,92.9629
TT006,Phi,Nap2,Session 5,47,Response,3736.6299,3770.9717,62.5633,34.3418,4.3418,4.3418,1.1447,0.678,True,,31.9381,5.425,5610.9608,93.516
TT006,Phi,Nap2,Session 5,48,Response,3770.9717,3804.4928,63.1289,33.5211,3.5211,3.5211,1.1174,0.7137,True,,32.6923,4.012,5644.8922,94.0815
TT006,Phi,Nap2,Session 5,49,Reset,3861.7726,3892.8551,64.6219,31.0825,1.0825,1.0825,1.0361,0.5591,True,,32.7185,3.878,5734.4738,95.5746
TT006,Phi,Nap2,Session 5,50,Response,3892.8551,3923.0811,65.1328,30.226,0.226,0.226,1.0075,0.6186,True,,32.2403,5.259,5765.1281,96.0855
TT006,Phi,Nap2,Session 5,51,Response,3923.0811,3953.664,65.6395,30.5829,0.5829,0.5829,1.0194,0.678,True,,31.9509,5.81,5795.5326,96.5922
TT006,Phi,Nap2,Session 5,52,Response,3953.664,3985.6148,66.1607,31.9508,1.9508,1.9508,1.065,0.7137,True,,31.4727,4.18,5826.7994,97.1133
TT006,Phi,Nap2,Session 5,53,Response,3985.6148,4018.7196,66.7028,33.1048,3.1048,3.1048,1.1035,0.7137,True,,31.3894,3.686,5859.3272,97.6555
TT006,Phi,Nap2,Session 5,54,EndProbe,4251.112,4283.4618,71.1214,32.3498,2.3498,2.3498,1.0783,0.7137,True,,31.6429,3.826,6124.4469,102.0741
TT006,Phi,Nap2,Session 5,55,Reset,4298.4935,4330.3332,71.9069,31.8397,1.8397,1.8397,1.0613,0.7256,True,,31.9656,2.873,6171.5734,102.8596
TT006,Phi,Nap2,Session 5,56,Response,4330.3332,4365.0082,72.4612,34.675,4.675,4.675,1.1558,0.6662,True,,32.784,3.562,6204.8307,103.4138
TT006,Phi,Nap2,Session 5,57,Reset,4385.8408,4418.7948,73.372,32.954,2.954,2.954,1.0985,0.7732,True,,32.9847,3.246,6259.4778,104.3246
TT006,Phi,Nap2,Session 5,58,Reset,4442.2445,4475.5474,74.3149,33.3029,3.3029,3.3029,1.1101,0.6305,True,,33.0243,3.27,6316.056,105.2676
TT006,Phi,Nap2,Session 5,59,Response,4475.5474,4509.4571,74.875,33.9097,3.9097,3.9097,1.1303,0.6542,True,,33.3363,3.185,6349.6622,105.8277
TT006,Phi,Nap2,Session 5,60,Response,4509.4571,4544.0169,75.4456,34.5598,4.5598,4.5598,1.152,0.678,True,,33.8803,2.231,6383.897,106.3983
TT006,Phi,Nap2,Session 5,61,Response,4544.0169,4578.9495,76.0247,34.9326,4.9326,4.9326,1.1644,0.6424,True,,33.9318,2.443,6418.6432,106.9774
TT006,Phi,Nap2,Session 5,62,Response,4578.9495,4610.6068,76.5796,31.6573,1.6573,1.6573,1.0552,0.7494,True,,33.6725,3.823,6451.9382,107.5323
TT006,Phi,Nap2,Session 5,63,Response,4610.6068,4641.0708,77.0973,30.464,0.464,0.464,1.0155,0.7375,True,,33.1047,5.884,6482.9988,108.05
TT006,Phi,Nap2,Session 5,64,Response,4641.0708,4673.5212,77.6216,32.4504,2.4504,2.4504,1.0817,0.5948,True,,32.8128,5.808,6514.456,108.5743
TT006,Phi,Nap2,Session 5,65,Response,4673.5212,4704.4491,78.1498,30.9279,0.9279,0.9279,1.0309,0.6067,True,,32.0864,5.485,6546.1452,109.1024
TT006,Phi,Nap2,Session 5,66,EndProbe,4781.672,4812.5339,79.9517,30.8619,0.8619,0.8619,1.0287,0.6186,True,,31.2723,2.516,6654.263,110.9044
TT006,Phi,Nap2,Session 5,67,Response,4812.5339,4843.4618,80.4666,30.9279,0.9279,0.9279,1.0309,0.5829,True,,31.1264,2.458,6685.1578,111.4193
TT006,Phi,Nap2,Session 5,68,Response,4843.4618,4873.3309,80.9733,29.8691,-0.1309,0.1309,0.9956,0.678,True,,31.0074,2.978,6715.5564,111.9259
TT006,Phi,Nap2,Session 5,69,Response,4873.3309,4903.0097,81.4695,29.6788,-0.3212,0.3212,0.9893,0.6899,True,,30.4531,2.05,6745.3303,112.4222
TT006,Phi,Nap2,Session 5,70,EndProbe,5041.03,5072.0343,84.2755,31.0043,1.0043,1.0043,1.0335,0.7613,True,,30.4684,2.099,6913.6922,115.2282
TT006,Phi,Nap2,Session 5,71,Response,5072.0343,5102.3436,84.7865,30.3093,0.3093,0.3093,1.0103,0.6542,True,,30.3579,1.98,6944.349,115.7391
TT006,Phi,Nap2,Session 5,72,Reset,5170.3214,5200.7853,86.4259,30.4639,0.4639,0.4639,1.0155,0.6424,True,,30.2651,1.724,7042.7134,117.3786
TT006,Phi,Nap2,Session 5,73,Response,5200.7853,5233.6402,86.9535,32.8549,2.8549,2.8549,1.0952,0.6542,True,,30.8622,3.92,7074.3728,117.9062
TT006,Phi,Nap2,Session 5,74,Reset,5255.0558,5283.6045,87.8222,28.5487,-1.4513,1.4513,0.9516,0.6899,True,,30.6362,5.044,7126.4902,118.7748
TT006,Phi,Nap2,Session 5,75,Response,5283.6045,5313.4974,88.3092,29.8929,-0.1071,0.1071,0.9964,0.678,True,,30.4139,5.126,7155.711,119.2618
TT006,Phi,Nap2,Session 5,76,Response,5313.4974,5343.1525,88.8054,29.6551,-0.3449,0.3449,0.9885,0.6542,True,,30.2831,5.274,7185.485,119.7581
TT006,Phi,Nap2,Session 5,77,Response,5343.1525,5372.8194,89.2998,29.6669,-0.3331,0.3331,0.9889,0.6542,True,,30.1237,5.358,7215.146,120.2524
TT006,Phi,Wake1,Session 3,1,Response,33.1897,63.3086,0.8042,30.1189,0.1189,0.1189,1.004,0.797,True,,,,48.2492,0.8042
TT006,Phi,Wake1,Session 3,2,Response,63.3086,94.5646,1.3156,31.256,1.256,1.256,1.0419,0.5576,True,,30.6874,2.62,78.9366,1.3156
TT006,Phi,Wake1,Session 3,3,Response,94.5646,127.0108,1.8465,32.4462,2.4462,2.4462,1.0815,0.6357,True,,31.2737,3.721,110.7877,1.8465
TT006,Phi,Wake1,Session 3,4,Response,127.0108,161.6986,2.4059,34.6878,4.6878,4.6878,1.1563,0.6357,True,,32.1272,6.081,144.3547,2.4059
TT006,Phi,Wake1,Session 3,5,Response,161.6986,193.1818,2.9573,31.4832,1.4832,1.4832,1.0494,0.5464,True,,31.9984,5.364,177.4402,2.9573
TT006,Phi,Wake1,Session 3,6,Response,193.1818,227.8361,3.5085,34.6543,4.6543,4.6543,1.1551,0.5911,True,,32.9055,5.083,210.509,3.5085
TT006,Phi,Wake1,Session 3,7,Response,227.8361,261.5243,4.078,33.6882,3.6882,3.6882,1.1229,0.7137,True,,33.3919,4.208,244.6802,4.078
TT006,Phi,Wake1,Session 3,8,Response,261.5243,294.2246,4.6312,32.7003,2.7003,2.7003,1.09,0.7851,True,,33.4428,4.086,277.8745,4.6312
TT006,Phi,Wake1,Session 3,9,Response,294.2246,328.4383,5.1889,34.2137,4.2137,4.2137,1.1405,0.6245,True,,33.3479,3.813,311.3314,5.1889
TT006,Phi,Wake1,Session 3,10,Reset,354.4793,387.3454,6.1819,32.8661,2.8661,2.8661,1.0955,0.6134,True,,33.6245,2.506,370.9124,6.1819
TT006,Phi,Wake1,Session 3,11,Response,387.3454,418.4941,6.7153,31.1487,1.1487,1.1487,1.0383,0.6134,True,,32.9234,3.546,402.9198,6.7153
TT006,Phi,Wake1,Session 3,12,Response,418.4941,449.4783,7.2331,30.9842,0.9842,0.9842,1.0328,0.6542,True,,32.3826,4.133,433.9862,7.2331
TT006,Phi,Wake1,Session 3,13,Response,449.4783,479.9065,7.7449,30.4282,0.4282,0.4282,1.0143,0.6305,True,,31.9282,4.915,464.6924,7.7449
TT006,Phi,Wake1,Session 3,14,Response,479.9065,513.3324,8.277,33.4259,3.4259,3.4259,1.1142,0.6899,True,,31.7706,4.088,496.6194,8.277
TT006,Phi,Wake1,Session 3,15,Reset,551.3221,583.5912,9.4576,32.2691,2.2691,2.2691,1.0756,0.5799,True,,31.6512,3.78,567.4566,9.4576
TT006,Phi,Wake1,Session 3,16,Response,583.5912,617.6377,10.0102,34.0465,4.0465,4.0465,1.1349,0.7193,True,,32.2308,4.789,600.6144,10.0102
TT006,Phi,Wake1,Session 3,17,Reset,646.4728,679.4778,11.0496,33.005,3.005,3.005,1.1002,0.5632,True,,32.6349,4.268,662.9753,11.0496
TT006,Phi,Wake1,Session 3,18,Reset,708.4196,743.3282,12.0979,34.9086,4.9086,4.9086,1.1636,0.678,True,,33.531,2.999,725.8739,12.0979
TT006,Phi,Wake1,Session 3,19,Response,743.3282,776.8354,12.668,33.5072,3.5072,3.5072,1.1169,0.6483,True,,33.5473,2.993,760.0818,12.668
TT006,Phi,Wake1,Session 3,20,Response,776.8354,812.2576,13.2424,35.4222,5.4222,5.4222,1.1807,0.678,True,,34.1779,2.898,794.5465,13.2424
TT006,Phi,Wake1,Session 3,21,Response,812.2576,846.3476,13.8217,34.09,4.09,4.09,1.1363,0.6364,True,,34.1866,2.894,829.3026,13.8217
TT006,Phi,Wake1,Session 3,22,Response,846.3476,879.0063,14.3779,32.6587,2.6587,2.6587,1.0886,0.6305,True,,34.1173,3.221,862.677,14.3779
TT006,Phi,Wake2,Session 7,1,Response,29.7838,58.6537,0.737,28.8699,-1.1301,1.1301,0.9623,0.6662,True,,,,7375.3688,122.9228
TT006,Phi,Wake2,Session 7,2,Response,58.6537,86.5958,1.2104,27.9421,-2.0579,2.0579,0.9314,0.7137,True,,28.406,2.31,7403.7748,123.3962
TT006,Phi,Wake2,Session 7,3,Response,86.5958,113.3286,1.666,26.7328,-3.2672,3.2672,0.8911,0.6067,True,,27.8483,3.848,7431.1122,123.8519
TT006,Phi,Wake2,Session 7,4,Response,113.3286,139.308,2.1053,25.9794,-4.0206,4.0206,0.866,0.6542,True,,27.381,4.675,7457.4683,124.2911
TT006,Phi,Wake2,Session 7,5,Response,139.308,166.7861,2.5508,27.4781,-2.5219,2.5219,0.9159,0.6542,True,,27.4005,4.049,7484.197,124.7366
TT006,Phi,Wake2,Session 7,6,Response,166.7861,193.519,3.0025,26.7329,-3.2671,3.2671,0.8911,0.6899,True,,26.9731,2.809,7511.3026,125.1884
TT006,Phi,Wake2,Session 7,7,Response,193.519,220.8306,3.4529,27.3116,-2.6884,2.6884,0.9104,0.6424,True,,26.847,2.198,7538.3248,125.6387
TT006,Phi,Wake2,Session 7,8,Reset,241.5205,267.2739,4.24,25.7534,-4.2466,4.2466,0.8584,0.6186,True,,26.6511,2.897,7585.5472,126.4258
TT006,Phi,Wake2,Session 7,9,Response,267.2739,294.5617,4.682,27.2878,-2.7122,2.7122,0.9096,0.6305,True,,26.9128,2.625,7612.0678,126.8678
TT006,Phi,Wake2,Session 7,10,Response,294.5617,322.2462,5.1401,27.6845,-2.3155,2.3155,0.9228,0.7018,True,,26.954,2.791,7639.554,127.3259
TT006,Phi,Wake2,Session 7,11,Response,322.2462,352.1629,5.6201,29.9167,-0.0833,0.0833,0.9972,0.7375,True,,27.5908,5.426,7668.3546,127.8059
TT006,Phi,Wake2,Session 7,12,Response,352.1629,380.9614,6.1094,28.7985,-1.2015,1.2015,0.9599,0.7375,True,,27.8882,5.642,7697.7122,128.2952
TT006,Phi,Wake2,Session 7,13,Response,380.9614,408.9273,6.5824,27.9659,-2.0341,2.0341,0.9322,0.7256,True,,28.3307,3.69,7726.0944,128.7682
TT006,Phi,Wake2,Session 7,14,Response,408.9273,438.5467,7.0623,29.6194,-0.3806,0.3806,0.9873,0.6424,True,,28.797,3.411,7754.887,129.2481
TT006,Phi,Wake2,Session 7,15,Response,438.5467,466.9646,7.5459,28.4179,-1.5821,1.5821,0.9473,0.7375,True,,28.9437,2.816,7783.9056,129.7318
TT006,Phi,Wake2,Session 7,16,Response,466.9646,496.6434,8.0301,29.6788,-0.3212,0.3212,0.9893,0.6899,True,,28.8961,2.589,7812.954,130.2159
TT006,Phi,Wake2,Session 7,17,Response,496.6434,528.6537,8.5441,32.0103,2.0103,2.0103,1.067,0.7494,True,,29.5385,5.317,7843.7986,130.73
TT006,Phi,Wake2,Session 7,18,Response,528.6537,560.45,9.0759,31.7963,1.7963,1.7963,1.0599,0.678,True,,30.3045,5.1,7875.7018,131.2617
TT006,Phi,Wake2,Session 7,19,Response,560.45,590.8187,9.5939,30.3687,0.3687,0.3687,1.0123,0.7018,True,,30.4544,4.919,7906.7844,131.7797
TT006,Phi,Wake2,Session 7,20,Response,590.8187,622.6188,10.112,31.8001,1.8001,1.8001,1.06,0.678,True,,31.1308,3.351,7937.8688,132.2978
TT006,Phi,Wake2,Session 7,21,Response,622.6188,653.7251,10.6362,31.1063,1.1063,1.1063,1.0369,0.6899,True,,31.4163,2.158,7969.322,132.822
TT006,Phi,Wake2,Session 7,22,Response,653.7251,684.534,11.1522,30.8089,0.8089,0.8089,1.027,0.7613,True,,31.1761,2.007,8000.2796,133.338
TT006,Phi,Wake2,Session 7,23,Response,684.534,716.8179,11.6779,32.2839,2.2839,2.2839,1.0761,0.6662,True,,31.2736,2.456,8031.826,133.8638
TT006,Phi,Wake2,Session 7,24,Response,716.8179,749.1929,12.2168,32.375,2.375,2.375,1.0792,0.7137,True,,31.6748,2.204,8064.1554,134.4026
TT006,Phi,Wake2,Session 7,25,Response,749.1929,779.4784,12.7389,30.2855,0.2855,0.2855,1.0095,0.7494,True,,31.3719,2.941,8095.4856,134.9248
TT006,Phi,Wake2,Session 7,26,Response,779.4784,808.618,13.2341,29.1396,-0.8604,0.8604,0.9713,0.7375,True,,30.9786,4.433,8125.1982,135.42
TT006,Phi,Wake2,Session 7,27,Response,808.618,837.7735,13.7199,29.1555,-0.8445,0.8445,0.9719,0.7018,True,,30.6479,5.234,8154.3458,135.9058
TT006,Phi,Wake2,Session 7,28,Response,837.7735,852.9371,14.0893,15.1636,-14.8364,14.8364,0.5055,1.2156,True,,27.2238,25.233,8176.5053,136.2751
TT006,Phi,Wake2,Session 7,29,Response,852.9371,866.2984,14.327,13.3613,-16.6387,16.6387,0.4454,0.6542,True,,23.4211,35.856,8190.7678,136.5128
TT006,Phi,Wake2,Session 7,30,Response,866.2984,896.7664,14.6922,30.468,0.468,0.468,1.0156,0.7137,True,,23.4576,35.96,8212.6824,136.878
TT007,Phi,Nap1,Session 4,1,Response,27.7983,55.1664,0.6914,27.3681,-2.6319,2.6319,0.9123,0.6134,True,,,,1091.9824,18.1997
TT007,Phi,Nap1,Session 4,2,Response,55.1664,84.7203,1.1657,29.5539,-0.4461,0.4461,0.9851,0.6357,True,,28.461,5.431,1120.4434,18.6741
TT007,Phi,Nap1,Session 4,3,Response,84.7203,112.3227,1.642,27.6024,-2.3976,2.3976,0.9201,0.6245,True,,28.1748,4.259,1149.0215,19.1504
TT007,Phi,Nap1,Session 4,4,Response,112.3227,141.7612,2.1174,29.4385,-0.5615,0.5615,0.9813,0.5353,True,,28.4907,4.092,1177.542,19.6257
TT007,Phi,Nap1,Session 4,5,Response,141.7612,171.2816,2.6087,29.5204,-0.4796,0.4796,0.984,0.5687,True,,28.6967,3.867,1207.0214,20.117
TT007,Phi,Nap1,Session 4,6,Reset,223.1552,257.0662,4.0018,33.911,3.911,3.911,1.1304,0.5799,True,,30.0052,7.778,1290.6107,21.5102
TT007,Phi,Nap1,Session 4,7,Reset,292.7648,328.4897,5.1771,35.7249,5.7249,5.7249,1.1908,0.6022,True,,31.2394,10.936,1361.1272,22.6855
TT007,Phi,Nap1,Session 4,8,Reset,466.3524,494.5754,8.0077,28.223,-1.777,1.777,0.9408,0.6022,True,,31.3636,10.39,1530.9639,25.5161
TT007,Phi,Nap2,Session 5,1,Response,26.8594,55.1308,0.6833,28.2714,-1.7286,1.7286,0.9424,0.5687,True,,,,1994.2651,33.2378
TT007,Phi,Nap2,Session 5,2,Response,55.1308,83.0454,1.1515,27.9146,-2.0854,2.0854,0.9305,0.6357,True,,28.093,0.898,2022.3581,33.706
TT007,Phi,Nap2,Session 5,3,EndProbe,209.64,237.3501,3.7249,27.7101,-2.2899,2.2899,0.9237,0.6022,True,,27.9654,1.016,2176.765,36.2794
TT007,Phi,Nap2,Session 5,4,Response,237.3501,266.1234,4.1956,28.7733,-1.2267,1.2267,0.9591,0.658,True,,28.1673,1.654,2205.0068,36.7501
TT007,Phi,Nap2,Session 5,5,Response,266.1234,294.8632,4.6749,28.7398,-1.2602,1.2602,0.958,0.5687,True,,28.2818,1.689,2233.7633,37.2294
TT007,Phi,Nap2,Session 5,6,Response,294.8632,324.5063,5.1614,29.6431,-0.3569,0.3569,0.9881,0.5911,True,,28.5562,2.707,2262.9548,37.7159
TT007,Phi,Nap2,Session 5,7,Response,324.5063,353.1642,5.6473,28.6579,-1.3421,1.3421,0.9553,0.5911,True,,28.7048,2.387,2292.1052,38.2018
TT007,Phi,Nap2,Session 5,8,EndProbe,477.41,509.2944,8.2225,31.8844,1.8844,1.8844,1.0628,0.6134,True,,29.5397,4.64,2446.6222,40.777
TT007,Phi,Nap2,Session 5,9,Response,509.2944,540.6438,8.7495,31.3494,1.3494,1.3494,1.045,0.6022,True,,30.0549,4.956,2478.2391,41.304
TT007,Phi,Nap2,Session 5,10,Response,540.6438,568.38,9.2419,27.7362,-2.2638,2.2638,0.9245,0.6022,True,,29.8542,5.878,2507.7819,41.7964
TT007,Phi,Nap2,Session 5,11,Response,568.38,596.473,9.7071,28.093,-1.907,1.907,0.9364,0.5911,True,,29.5442,6.532,2535.6965,42.2616
TT007,Phi,Nap2,Session 5,12,Response,596.473,625.0935,10.1797,28.6205,-1.3795,1.3795,0.954,0.5687,True,,29.5367,6.548,2564.0532,42.7342
TT007,Phi,Nap2,Session 5,13,Response,625.0935,655.5212,10.6718,30.4277,0.4277,0.4277,1.0143,0.6022,True,,29.2454,5.358,2593.5774,43.2263
TT007,Phi,Nap2,Session 5,14,Response,655.5212,706.3018,11.3485,50.7806,20.7806,20.7806,1.6927,0.6022,True,,33.1316,29.942,2634.1815,43.903
TT007,Phi,Nap2,Session 5,15,Reset,734.5359,762.194,12.4727,27.6581,-2.3419,2.3419,0.9219,0.5464,True,,33.116,29.988,2701.6349,45.0272
TT007,Phi,Nap2,Session 5,16,EndProbe,940.618,968.22,15.907,27.602,-2.398,2.398,0.9201,0.6914,True,,33.0178,30.272,2907.689,48.4615
TT007,Phi,Nap2,Session 5,17,Response,968.22,998.9599,16.3932,30.7399,0.7399,0.7399,1.0247,0.5911,True,,33.4417,29.321,2936.86,48.9477
TT007,Phi,Nap2,Session 5,18,Response,998.9599,1028.893,16.8988,29.9331,-0.0669,0.0669,0.9978,0.6357,True,,33.3427,29.529,2967.1964,49.4533
TT007,Phi,Nap2,Session 5,19,Reset,1050.0935,1081.5695,17.7639,31.476,1.476,1.476,1.0492,0.6468,True,,29.4818,6.026,3019.1015,50.3184
TT007,Phi,Nap2,Session 5,20,Response,1081.5695,1109.4952,18.2589,27.9257,-2.0743,2.0743,0.9309,0.5799,True,,29.5353,5.792,3048.8024,50.8134
TT007,Phi,Nap2,Session 5,21,EndProbe,1309.928,1338.1346,22.0672,28.2066,-1.7934,1.7934,0.9402,0.6803,True,,29.6563,5.24,3277.3013,54.6217
TT007,Phi,Nap2,Session 5,22,Reset,1377.1048,1408.7218,23.2152,31.617,1.617,1.617,1.0539,1.0148,True,,29.8317,5.848,3346.1833,55.7697
TT007,Phi,Nap2,Session 5,23,EndProbe,1730.838,1758.0638,29.0742,27.2258,-2.7742,2.7742,0.9075,0.5911,True,,29.2902,7.139,3697.7209,61.6287
TT007,Phi,Nap2,Session 5,24,EndProbe,1934.932,1974.1049,32.5753,39.1729,9.1729,9.1729,1.3058,0.6357,True,,30.8296,16.099,3907.7884,65.1298
TT007,Phi,Nap2,Session 5,25,Response,1974.1049,1995.9934,33.0842,21.8885,-8.1115,8.1115,0.7296,0.7137,True,,29.6222,21.534,3938.3192,65.6387
TT007,Phi,Nap2,Session 5,26,Reset,2013.5991,2045.6438,33.827,32.0447,2.0447,2.0447,1.0682,0.6022,True,,30.3898,21.049,3982.8914,66.3815
TT007,Phi,Nap2,Session 5,27,Reset,2082.1159,2110.1197,34.9353,28.0038,-1.9962,1.9962,0.9335,0.658,True,,29.6671,21.665,4049.3878,67.4898
TT007,Phi,Nap2,Session 5,28,Reset,2188.3242,2213.7106,36.6836,25.3864,-4.6136,4.6136,0.8462,0.5353,True,,29.2993,22.7,4154.2874,69.2381
TT007,Phi,Nap2,Session 5,29,Response,2213.7106,2239.0714,37.1065,25.3608,-4.6392,4.6392,0.8454,0.6022,True,,26.5368,14.2,4179.661,69.661
TT007,Phi,Nap2,Session 5,30,Reset,2267.9635,2295.3427,38.0276,27.3792,-2.6208,2.6208,0.9126,0.5687,True,,27.635,9.889,4234.9231,70.5821
TT007,Phi,Nap2,Session 5,31,Reset,2316.1011,2342.3501,38.8204,26.249,-3.751,3.751,0.875,0.5687,True,,26.4758,4.482,4282.4956,71.3749
TT007,Phi,Nap2,Session 5,32,EndProbe,2535.732,2561.4579,42.4766,25.7259,-4.2741,4.2741,0.8575,0.6022,True,,26.0203,3.228,4501.8649,75.0311
TT007,Phi,Nap2,Session 5,33,Response,2561.4579,2592.3947,42.9488,30.9368,0.9368,0.9368,1.0312,0.6468,True,,27.1303,8.33,4530.1963,75.5033
TT007,Phi,Nap2,Session 5,34,EndProbe,3084.936,3119.1189,51.7005,34.1829,4.1829,4.1829,1.1394,0.5911,True,,28.8948,12.415,5055.2974,84.255
TT007,Phi,Nap2,Session 5,35,EndProbe,3284.242,3314.3977,54.9887,30.1557,0.1557,0.1557,1.0052,0.5799,True,,29.4501,11.912,5252.5898,87.5432
TT007,Phi,Nap2,Session 5,36,Response,3314.3977,3343.6616,55.4838,29.2639,-0.7361,0.7361,0.9755,0.7249,True,,30.053,10.147,5282.2996,88.0383
TT007,Phi,Nap2,Session 5,37,Reset,3603.3382,3663.2825,60.5552,59.9443,29.9443,29.9443,1.9981,0.5911,True,,36.8967,35.28,5586.5804,93.1097
TT007,Phi,Nap2,Session 5,38,Reset,3768.4832,3787.286,62.9647,18.8028,-11.1972,11.1972,0.6268,0.6134,True,,34.4699,44.477,5731.1546,95.5192
TT007,Phi,Nap2,Session 5,39,EndProbe,4050.75,4084.5405,67.7941,33.7905,3.7905,3.7905,1.1264,0.6468,True,,34.3914,44.587,6020.9152,100.3486
TT007,Phi,Nap2,Session 5,40,Reset,4100.165,4137.3212,68.6457,37.1562,7.1562,7.1562,1.2385,0.6022,True,,35.7915,42.383,6072.0131,101.2002
TT007,Phi,Nap2,Session 5,41,Response,4137.3212,4162.377,69.1642,25.0558,-4.9442,4.9442,0.8352,0.6022,True,,34.9499,45.003,6103.1191,101.7187
TT007,Phi,Nap2,Session 5,42,Response,4162.377,4188.3472,69.5894,25.9702,-4.0298,4.0298,0.8657,0.658,True,,28.1551,26.017,6128.6321,102.1439
TT007,Phi,Nap2,Session 5,43,EndProbe,4327.348,4360.165,72.3959,32.817,2.817,2.817,1.0939,0.6803,True,,30.9579,16.909,6297.0265,104.9504
TT007,Phi,Nap2,Session 5,44,Reset,4709.1167,4739.4401,78.738,30.3234,0.3234,0.3234,1.0108,0.6468,True,,30.2645,16.487,6677.5484,111.2925
TT007,Phi,Nap2,Session 5,45,Reset,4766.269,4808.1911,79.7872,41.9221,11.9221,11.9221,1.3974,1.0371,True,,31.2177,21.693,6740.5,112.3417
TT007,Phi,Nap2,Session 5,46,Reset,5256.7859,5282.8454,87.8303,26.0595,-3.9405,3.9405,0.8687,0.6022,True,,31.4184,20.864,7223.0857,120.3848
TT007,Phi,Wake1,Session 3,1,Response,27.924,55.1806,0.6925,27.2566,-2.7434,2.7434,0.9086,0.5687,True,,,,41.5523,0.6925
TT007,Phi,Wake1,Session 3,2,Response,55.1806,84.3777,1.163,29.1971,-0.8029,0.8029,0.9732,0.5576,True,,28.2268,4.861,69.7792,1.163
TT007,Phi,Wake1,Session 3,3,Response,84.3777,113.8535,1.6519,29.4758,-0.5242,0.5242,0.9825,0.6022,True,,28.6432,4.22,99.1156,1.6519
TT007,Phi,Wake1,Session 3,4,Response,113.8535,145.6824,2.1628,31.8289,1.8289,1.8289,1.061,0.5464,True,,29.4396,6.365,129.7679,2.1628
TT007,Phi,Wake1,Session 3,5,Response,145.6824,175.649,2.6778,29.9666,-0.0334,0.0334,0.9989,0.5018,True,,29.545,5.55,160.6657,2.6778
TT007,Phi,Wake1,Session 3,6,Response,175.649,206.2066,3.1821,30.5576,0.5576,0.5576,1.0186,0.5687,True,,30.2052,3.459,190.9278,3.1821
TT007,Phi,Wake1,Session 3,7,Response,206.2066,237.9017,3.7009,31.6951,1.6951,1.6951,1.0565,0.5464,True,,30.7048,3.385,222.0542,3.7009
TT007,Phi,Wake1,Session 3,8,Response,237.9017,266.6861,4.2049,28.7844,-1.2156,1.2156,0.9595,0.6134,True,,30.5665,4.139,252.2939,4.2049
TT007,Phi,Wake1,Session 3,9,Response,266.6861,297.1657,4.6988,30.4796,0.4796,0.4796,1.016,0.5353,True,,30.2967,3.483,281.9259,4.6988
TT007,Phi,Wake1,Session 3,10,Response,297.1657,327.3664,5.2044,30.2007,0.2007,0.2007,1.0067,0.6022,True,,30.3435,3.434,312.266,5.2044
TT007,Phi,Wake1,Session 3,11,Response,327.3664,357.3776,5.7062,30.0112,0.0112,0.0112,1.0004,0.5576,True,,30.2342,3.448,342.372,5.7062
TT007,Phi,Wake1,Session 3,12,Response,357.3776,385.8943,6.1939,28.5167,-1.4833,1.4833,0.9506,0.6245,True,,29.5985,2.995,371.636,6.1939
TT007,Phi,Wake1,Session 3,13,Response,385.8943,418.3255,6.7018,32.4312,2.4312,2.4312,1.081,0.5911,True,,30.3279,4.617,402.1099,6.7018
TT007,Phi,Wake1,Session 3,14,Response,418.3255,455.0245,7.2779,36.699,6.699,6.699,1.2233,0.6022,True,,31.5718,10.1,436.675,7.2779
TT007,Phi,Wake1,Session 3,15,Response,455.0245,483.5524,7.8215,28.5279,-1.4721,1.4721,0.9509,0.5799,True,,31.2372,11.032,469.2884,7.8215
TT007,Phi,Wake1,Session 3,16,Response,483.5524,514.0877,8.3137,30.5353,0.5353,0.5353,1.0178,0.5576,True,,31.342,10.871,498.82,8.3137
TT007,Phi,Wake1,Session 3,17,Response,514.0877,552.8498,8.8911,38.7621,8.7621,8.7621,1.2921,0.5576,True,,33.3911,12.751,533.4688,8.8911
TT007,Phi,Wake1,Session 3,18,Response,552.8498,585.9166,9.4897,33.0668,3.0668,3.0668,1.1022,0.5911,True,,33.5182,12.624,569.3832,9.4897
TT007,Phi,Wake1,Session 3,19,Response,585.9166,618.2809,10.035,32.3643,2.3643,2.3643,1.0788,0.6022,True,,32.6513,11.77,602.0988,10.035
TT007,Phi,Wake1,Session 3,20,Response,618.2809,648.0355,10.5526,29.7546,-0.2454,0.2454,0.9918,0.6134,True,,32.8966,10.765,633.1582,10.5526
TT007,Phi,Wake1,Session 3,21,Response,648.0355,679.9687,11.0667,31.9332,1.9332,1.9332,1.0644,0.5576,True,,33.1762,10.124,664.0021,11.0667
TT007,Phi,Wake1,Session 3,22,Response,679.9687,712.106,11.6006,32.1373,2.1373,2.1373,1.0712,0.5799,True,,31.8512,3.917,696.0374,11.6006
TT007,Phi,Wake1,Session 3,23,Response,712.106,745.3144,12.1452,33.2084,3.2084,3.2084,1.1069,0.5799,True,,31.8796,4.025,728.7102,12.1452
TT007,Phi,Wake1,Session 3,24,Response,745.3144,776.3962,12.6809,31.0818,1.0818,1.0818,1.0361,0.5576,True,,31.6231,4.08,760.8553,12.6809
TT007,Phi,Wake1,Session 3,25,Response,776.3962,809.5187,13.216,33.1225,3.1225,3.1225,1.1041,0.9479,True,,32.2966,2.746,792.9574,13.216
TT007,Phi,Wake1,Session 3,26,Response,809.5187,843.9204,13.7787,34.4017,4.4017,4.4017,1.1467,0.5687,True,,32.7903,3.805,826.7196,13.7787
TT007,Phi,Wake1,Session 3,27,Response,843.9204,873.8608,14.3148,29.9404,-0.0596,0.0596,0.998,0.6134,True,,32.351,5.563,858.8906,14.3148
TT007,Phi,Wake2,Session 7,1,Response,26.7929,52.2317,0.6585,25.4388,-4.5612,4.5612,0.848,0.6022,True,,,,7476.2723,124.6045
TT007,Phi,Wake2,Session 7,2,Response,52.2317,76.7483,1.0748,24.5166,-5.4834,5.4834,0.8172,0.5799,True,,24.9777,2.611,7501.25,125.0208
TT007,Phi,Wake2,Session 7,3,Response,76.7483,102.2167,1.4914,25.4684,-4.5316,4.5316,0.8489,0.5687,True,,25.1413,2.153,7526.2425,125.4374
TT007,Phi,Wake2,Session 7,4,Response,102.2167,128.0642,1.919,25.8475,-4.1525,4.1525,0.8616,0.5464,True,,25.3178,2.234,7551.9004,125.865
TT007,Phi,Wake2,Session 7,5,Response,128.0642,154.016,2.3507,25.9518,-4.0482,4.0482,0.8651,0.5687,True,,25.4446,2.224,7577.8001,126.2967
TT007,Phi,Wake2,Session 7,6,Response,154.016,180.6777,2.7891,26.6617,-3.3383,3.3383,0.8887,0.5353,True,,25.6892,3.055,7604.1068,126.7351
TT007,Phi,Wake2,Session 7,7,Response,180.6777,210.1273,3.2567,29.4496,-0.5504,0.5504,0.9817,0.6022,True,,26.6758,6.034,7632.1625,127.2027
TT007,Phi,Wake2,Session 7,8,Response,210.1273,237.1163,3.727,26.989,-3.011,3.011,0.8996,0.5799,True,,26.9799,5.416,7660.3818,127.673
TT007,Phi,Wake2,Session 7,9,Response,237.1163,263.0642,4.1682,25.9479,-4.0521,4.0521,0.8649,0.5687,True,,27.0,5.342,7686.8502,128.1142
TT007,Phi,Wake2,Session 7,10,Response,263.0642,289.1125,4.6015,26.0483,-3.9517,3.9517,0.8683,0.5576,True,,27.0193,5.275,7712.8484,128.5475
TT007,Phi,Wake2,Session 7,11,Response,289.1125,314.161,5.0273,25.0485,-4.9515,4.9515,0.8349,0.5799,True,,26.6967,6.313,7738.3968,128.9733
TT007,Phi,Wake2,Session 7,12,Response,314.161,344.737,5.4908,30.576,0.576,0.576,1.0192,0.5799,True,,26.9219,8.005,7766.209,129.4368
TT007,Phi,Wake2,Session 7,13,Response,344.737,376.0903,6.0069,31.3533,1.3533,1.3533,1.0451,0.5687,True,,27.7948,10.551,7797.1736,129.9529
TT007,Phi,Wake2,Session 7,14,Response,376.0903,405.0604,6.5096,28.9701,-1.0299,1.0299,0.9657,0.5687,True,,28.3992,9.73,7827.3354,130.4556
TT007,Phi,Wake2,Session 7,15,Response,405.0604,434.5067,6.9964,29.4463,-0.5537,0.5537,0.9815,0.5799,True,,29.0788,8.389,7856.5436,130.9424
TT007,Phi,Wake2,Session 7,16,Response,434.5067,463.8783,7.4865,29.3716,-0.6284,0.6284,0.9791,0.5687,True,,29.9435,3.302,7885.9525,131.4325
TT007,Phi,Wake2,Session 7,17,Response,463.8783,493.3876,7.9772,29.5093,-0.4907,0.4907,0.9836,0.6134,True,,29.7301,3.133,7915.393,131.9232
TT007,Phi,Wake2,Session 7,18,Response,493.3876,523.8448,8.4769,30.4572,0.4572,0.4572,1.0152,0.5799,True,,29.5509,1.856,7945.3762,132.4229
TT007,Phi,Wake2,Session 7,19,Response,523.8448,555.3838,8.9936,31.539,1.539,1.539,1.0513,0.6022,True,,30.0647,3.111,7976.3743,132.9396
TT007,Phi,Wake2,Session 7,20,Response,555.3838,582.317,9.4808,26.9332,-3.0668,3.0668,0.8978,0.6022,True,,29.5621,5.775,8005.6104,133.4268
TT007,Phi,Wake2,Session 7,21,Response,582.317,610.8115,9.9427,28.4945,-1.5055,1.5055,0.9498,0.5799,True,,29.3866,6.042,8033.3242,133.8887
TT007,Phi,Wake2,Session 7,22,Response,610.8115,640.8745,10.4307,30.063,0.063,0.063,1.0021,0.5353,True,,29.4974,6.109,8062.603,134.3767
TT007,Phi,Wake2,Session 7,23,Response,640.8745,668.0977,10.9081,27.2232,-2.7768,2.7768,0.9074,0.6134,True,,28.8506,6.745,8091.2461,134.8541
TT007,Phi,Wake2,Session 7,24,Response,668.0977,701.2799,11.4115,33.1822,3.1822,3.1822,1.1061,0.6134,True,,29.1792,8.762,8121.4488,135.3575
TT007,Phi,Wake2,Session 7,25,Response,701.2799,730.9676,11.9354,29.6877,-0.3123,0.3123,0.9896,0.5687,True,,29.7301,7.491,8152.8838,135.8814
TT007,Phi,Wake2,Session 7,26,Response,730.9676,759.8039,12.4231,28.8363,-1.1637,1.1637,0.9612,0.5687,True,,29.7985,7.331,8182.1458,136.3691
TT007,Phi,Wake2,Session 7,27,Response,759.8039,790.4842,12.9191,30.6803,0.6803,0.6803,1.0227,0.6357,True,,29.9219,7.421,8211.9041,136.8651
TT007,Phi,Wake2,Session 7,28,Response,790.4842,822.1386,13.4385,31.6544,1.6544,1.6544,1.0551,0.5911,True,,30.8082,5.507,8243.0714,137.3845
TT007,Phi,Wake2,Session 7,29,Response,822.1386,853.7668,13.9659,31.6282,1.6282,1.6282,1.0543,0.6468,True,,30.4974,4.038,8274.7127,137.9119
TT007,Phi,Wake2,Session 7,30,Response,853.7668,887.2836,14.5088,33.5168,3.5168,3.5168,1.1172,0.5911,True,,31.2632,5.446,8307.2852,138.4548
TT008,Phi,Nap1,Session 4,1,Response,23.0071,53.8324,0.6403,30.8253,0.8253,0.8253,1.0275,0.736,True,,,,1078.8498,17.9808
TT008,Phi,Nap1,Session 4,2,Response,53.8324,84.9331,1.1564,31.1007,1.1007,1.1007,1.0367,0.8029,True,,30.963,0.629,1109.8128,18.4969
TT008,Phi,Nap1,Session 4,3,Response,84.9331,114.9699,1.6659,30.0368,0.0368,0.0368,1.0012,0.9145,True,,30.6543,1.801,1140.3815,19.0064
TT008,Phi,Nap1,Session 4,4,Response,114.9699,146.0628,2.1753,31.0929,1.0929,1.0929,1.0364,0.7583,True,,30.7639,1.63,1170.9464,19.5158
TT008,Phi,Nap1,Session 4,5,Response,146.0628,177.0034,2.6922,30.9406,0.9406,0.9406,1.0314,0.8476,True,,30.7993,1.433,1201.9631,20.0327
TT008,Phi,Nap1,Session 4,6,Response,177.0034,201.2713,3.1523,24.2679,-5.7321,5.7321,0.8089,0.7806,True,,29.4878,10.008,1229.5674,20.4928
TT008,Phi,Nap1,Session 4,7,Response,201.2713,235.1076,3.6365,33.8363,3.8363,3.8363,1.1279,0.7583,True,,30.0349,11.73,1258.6195,20.977
TT008,Phi,Nap1,Session 4,8,Response,235.1076,268.1856,4.1941,33.078,3.078,3.078,1.1026,0.7583,True,,30.6431,12.325,1292.0766,21.5346
TT008,Phi,Nap1,Session 4,9,Response,268.1856,300.2152,4.7367,32.0296,2.0296,2.0296,1.0677,0.7806,True,,30.8305,12.415,1324.6304,22.0772
TT008,Phi,Nap1,Session 4,10,Response,300.2152,330.8397,5.2588,30.6245,0.6245,0.6245,1.0208,0.8476,True,,30.7673,12.442,1355.9575,22.5993
TT008,Phi,Nap1,Session 4,11,Response,330.8397,344.6615,5.6292,13.8218,-16.1782,16.1782,0.4607,0.8476,True,,28.678,29.263,1378.1806,22.9697
TT008,Phi,Nap1,Session 4,12,Response,344.6615,357.2488,5.8493,12.5873,-17.4127,17.4127,0.4196,0.8253,True,,24.4282,42.131,1391.3852,23.1898
TT008,Phi,Nap1,Session 4,13,Response,357.2488,386.602,6.1988,29.3532,-0.6468,0.6468,0.9784,0.6914,True,,23.6833,40.629,1412.3554,23.5393
TT008,Phi,Nap1,Session 4,14,Response,386.602,419.7468,6.7196,33.1448,3.1448,3.1448,1.1048,0.9368,True,,23.9063,41.302,1443.6044,24.0601
TT008,Phi,Nap1,Session 4,15,Response,419.7468,450.223,7.2497,30.4762,0.4762,0.4762,1.0159,0.736,True,,23.8767,41.249,1475.4149,24.5902
TT008,Phi,Nap1,Session 4,16,Response,450.223,467.5387,7.648,17.3157,-12.6843,12.6843,0.5772,0.6691,True,,24.5754,36.819,1499.3108,24.9885
TT008,Phi,Nap1,Session 4,17,Response,467.5387,488.2302,7.9647,20.6915,-9.3085,9.3085,0.6897,0.6691,True,,26.1963,26.012,1518.3144,25.3052
TT008,Phi,Nap1,Session 4,18,Response,488.2302,509.5907,8.3152,21.3605,-8.6395,8.6395,0.712,0.9145,True,,24.5977,27.75,1539.3405,25.6557
TT008,Phi,Nap1,Session 4,19,Response,509.5907,532.8103,8.6867,23.2196,-6.7804,6.7804,0.774,0.8253,True,,22.6127,21.611,1561.6305,26.0272
TT008,Phi,Nap1,Session 4,20,Response,532.8103,565.7544,9.1547,32.9441,2.9441,2.9441,1.0981,0.7137,True,,23.1063,25.531,1589.7124,26.4952
TT008,Phi,Nap1,Session 4,21,Response,565.7544,589.836,9.6299,24.0816,-5.9184,5.9184,0.8027,1.4275,True,,24.4595,20.182,1618.2252,26.9704
TT008,Phi,Nap1,Session 4,22,Response,589.836,624.3046,10.1178,34.4686,4.4686,4.4686,1.149,0.8029,True,,27.2149,22.161,1647.5003,27.4583
TT008,Phi,Nap1,Session 4,23,Response,624.3046,667.7618,10.7672,43.4572,13.4572,13.4572,1.4486,0.8253,True,,31.6342,26.324,1686.4632,28.1077
TT008,Phi,Nap1,Session 4,24,Response,667.7618,696.9142,11.3723,29.1524,-0.8476,0.8476,0.9717,0.8029,True,,32.8208,21.849,1722.768,28.7128
TT008,Phi,Nap1,Session 4,25,Response,696.9142,714.2154,11.7594,17.3012,-12.6988,12.6988,0.5767,0.9591,True,,29.6922,33.578,1745.9948,29.0999
TT008,Phi,Nap1,Session 4,26,Response,714.2154,749.39,12.1967,35.1746,5.1746,5.1746,1.1725,0.8253,True,,31.9108,30.203,1772.2327,29.5372
TT008,Phi,Nap1,Session 4,27,Response,749.39,783.2341,12.7719,33.8441,3.8441,3.8441,1.1281,0.8922,True,,31.7859,30.204,1806.742,30.1124
TT008,Phi,Nap1,Session 4,28,Response,783.2341,822.1412,13.3781,38.9071,8.9071,8.9071,1.2969,1.0706,True,,30.8759,27.051,1843.1176,30.7186
TT008,Phi,Nap1,Session 4,29,Response,822.1412,855.6061,13.9812,33.4649,3.4649,3.4649,1.1155,1.0706,True,,31.7384,26.316,1879.3036,31.3217
TT008,Phi,Nap1,Session 4,30,Response,855.6061,908.0556,14.6972,52.4495,22.4495,22.4495,1.7483,0.8476,True,,38.768,20.493,1922.2608,32.0377
TT008,Phi,Nap1,Session 4,31,Response,908.0556,945.3936,15.4454,37.338,7.338,7.338,1.2446,0.9145,True,,39.2007,19.788,1967.1546,32.7859
TT008,Phi,Nap1,Session 4,32,Response,945.3936,962.4272,15.8985,17.0336,-12.9664,12.9664,0.5678,0.9145,True,,35.8386,35.483,1994.3404,33.239
TT008,Phi,Nap1,Session 4,33,Reset,985.126,1027.624,16.7729,42.498,12.498,12.498,1.4166,0.8476,True,,36.5568,35.645,2046.805,34.1134
TT008,Phi,Nap1,Session 4,34,Response,1027.624,1065.8397,17.4455,38.2157,8.2157,8.2157,1.2739,0.8253,True,,37.507,34.451,2087.1619,34.786
TT008,Phi,Nap1,Session 4,35,Response,1065.8397,1120.6206,18.2205,54.7809,24.7809,24.7809,1.826,0.8476,True,,37.9732,35.865,2133.6601,35.561
TT008,Phi,Nap1,Session 4,36,Reset,1140.5983,1182.9848,19.3632,42.3865,12.3865,12.3865,1.4129,0.6914,True,,38.9829,35.263,2202.2216,36.7037
TT008,Phi,Nap1,Session 4,37,Response,1182.9848,1234.2115,20.1433,51.2267,21.2267,21.2267,1.7076,0.8699,True,,45.8216,15.048,2249.0282,37.4838
TT008,Phi,Nap1,Session 4,38,Response,1234.2115,1268.6578,20.8572,34.4463,4.4463,4.4463,1.1482,0.7806,True,,44.2112,19.443,2291.8646,38.1977
TT008,Phi,Nap1,Session 4,39,Response,1268.6578,1295.4829,21.3678,26.8251,-3.1749,3.1749,0.8942,0.8699,True,,41.9331,27.604,2322.5004,38.7083
TT008,Phi,Nap1,Session 4,40,Response,1295.4829,1346.8512,22.0195,51.3683,21.3683,21.3683,1.7123,0.7137,True,,41.2506,25.928,2361.5971,39.36
TT008,Phi,Nap1,Session 4,41,Response,1346.8512,1387.4088,22.7855,40.5576,10.5576,10.5576,1.3519,0.8029,True,,40.8848,26.118,2407.56,40.126
TT008,Phi,Nap1,Session 4,42,Reset,1411.8774,1446.9627,23.8237,35.0853,5.0853,5.0853,1.1695,1.0037,True,,37.6565,24.145,2469.85,41.1642
TT008,Phi,Nap1,Session 4,43,Response,1446.9627,1483.6093,24.4214,36.6466,6.6466,6.6466,1.2216,0.8699,True,,38.0966,23.493,2505.716,41.7619
TT008,Phi,Nap1,Session 4,44,Response,1483.6093,1500.9552,24.8714,17.3459,-12.6541,12.6541,0.5782,0.7806,True,,36.2007,34.0,2532.7123,42.2119
TT008,Phi,Nap1,Session 4,45,Response,1500.9552,1533.2078,25.2847,32.2526,2.2526,2.2526,1.0751,1.3159,True,,32.3776,27.557,2557.5115,42.6252
TT008,Phi,Nap1,Session 4,46,Reset,1571.4904,1617.6318,26.576,46.1414,16.1414,16.1414,1.538,0.8253,True,,33.4944,31.125,2634.9911,43.9165
TT008,Phi,Nap1,Session 4,47,Response,1617.6318,1640.5983,27.1519,22.9665,-7.0335,7.0335,0.7655,0.6914,True,,31.0706,36.472,2669.545,44.4924
TT008,Phi,Nap1,Session 4,48,Response,1640.5983,1683.3417,27.6995,42.7434,12.7434,12.7434,1.4248,0.6468,True,,32.29,38.288,2702.4,45.04
TT008,Phi,Nap1,Session 4,49,Response,1683.3417,1731.5128,28.4571,48.1711,18.1711,18.1711,1.6057,0.8476,True,,38.455,27.589,2747.8572,45.7976
TT008,Phi,Nap1,Session 4,50,Response,1731.5128,1800.8659,29.4365,69.3531,39.3531,39.3531,2.3118,0.7137,True,,45.8751,36.003,2806.6194,46.777
TT008,Phi,Nap2,Session 5,1,Response,30.8118,61.1831,0.7666,30.3713,0.3713,0.3713,1.0124,0.8029,True,,,,3064.0575,51.0676
TT008,Phi,Nap2,Session 5,2,Response,61.1831,91.4809,1.2722,30.2978,0.2978,0.2978,1.0099,0.8699,True,,30.3346,0.171,3094.392,51.5732
TT008,Phi,Nap2,Session 5,3,EndProbe,228.12,252.1723,4.0024,24.0523,-5.9477,5.9477,0.8017,0.7137,True,,28.2405,12.844,3258.2062,54.3034
TT008,Phi,Nap2,Session 5,4,Response,252.1723,279.3319,4.4292,27.1596,-2.8404,2.8404,0.9053,0.6691,True,,27.9703,10.763,3283.8121,54.7302
TT008,Phi,Nap2,Session 5,5,Response,279.3319,303.9566,4.8607,24.6247,-5.3753,5.3753,0.8208,0.6245,True,,27.3011,11.011,3309.7043,55.1617
TT008,Phi,Nap2,Session 5,6,Response,303.9566,326.8115,5.2564,22.8549,-7.1451,7.1451,0.7618,0.6245,True,,25.7979,11.497,3333.4441,55.5574
TT008,Phi,Nap2,Session 5,7,Response,326.8115,350.4471,5.6438,23.6356,-6.3644,6.3644,0.7879,0.6468,True,,24.4654,6.697,3356.6893,55.9448
TT008,Phi,Nap2,Session 5,8,EndProbe,512.464,535.9902,8.7371,23.5262,-6.4738,6.4738,0.7842,0.6914,True,,24.3602,6.928,3542.2871,59.0381
TT008,Phi,Nap2,Session 5,9,Response,535.9902,559.6887,9.1307,23.6985,-6.3015,6.3015,0.7899,0.7137,True,,23.668,2.671,3565.8994,59.4317
TT008,Phi,Nap2,Session 5,10,Response,559.6887,584.8042,9.5374,25.1155,-4.8845,4.8845,0.8372,0.6691,True,,23.7661,3.476,3590.3065,59.8384
TT008,Phi,Nap2,Session 5,11,Response,584.8042,605.4287,9.9186,20.6245,-9.3755,9.3755,0.6875,0.6914,True,,23.3201,7.038,3613.1765,60.2196
TT008,Phi,Nap2,Session 5,12,Response,605.4287,630.2318,10.2972,24.8031,-5.1969,5.1969,0.8268,0.6691,True,,23.5536,7.536,3635.8903,60.5982
TT008,Phi,Nap2,Session 5,13,Response,630.2318,653.3098,10.6962,23.078,-6.922,6.922,0.7693,0.7137,True,,23.4639,7.62,3659.8308,60.9972
TT008,Phi,Nap2,Session 5,14,Response,653.3098,676.3878,11.0808,23.078,-6.922,6.922,0.7693,0.6691,True,,23.3398,7.666,3682.9088,61.3818
TT008,Phi,Nap2,Session 5,15,Response,676.3878,697.6814,11.4506,21.2936,-8.7064,8.7064,0.7098,0.6691,True,,22.5754,7.318,3705.0946,61.7516
TT008,Phi,Nap2,Session 5,16,EndProbe,834.99,858.8044,14.115,23.8144,-6.1856,6.1856,0.7938,0.6914,True,,23.2134,5.538,3864.9572,64.416
TT008,Phi,Nap2,Session 5,17,Response,858.8044,883.8674,14.5223,25.063,-4.937,4.937,0.8354,0.6022,True,,23.2654,5.882,3889.3959,64.8233
TT008,Phi,Nap2,Session 5,18,Response,883.8674,903.1091,14.8915,19.2417,-10.7583,10.7583,0.6414,0.6022,True,,22.4981,10.112,3911.5482,65.1925
TT008,Phi,Nap2,Session 5,19,Response,903.1091,925.5179,15.2386,22.4088,-7.5912,7.5912,0.747,0.6468,True,,22.3643,10.069,3932.3735,65.5396
TT008,Phi,Nap2,Session 5,20,Response,925.5179,952.2392,15.648,26.7213,-3.2787,3.2787,0.8907,0.6468,True,,23.4498,12.105,3956.9386,65.949
TT008,Phi,Nap2,Session 5,21,Response,952.2392,973.912,16.0513,21.6728,-8.3272,8.3272,0.7224,0.8029,True,,23.0215,12.727,3981.1356,66.3523
TT008,Phi,Nap2,Session 5,22,Response,973.912,995.6963,16.4134,21.7843,-8.2157,8.2157,0.7261,0.6022,True,,22.3658,12.153,4002.8642,66.7144
TT008,Phi,Nap2,Session 5,23,Response,995.6963,1016.2093,16.7659,20.513,-9.487,9.487,0.6838,0.6691,True,,22.62,10.578,4024.0128,67.0669
TT008,Phi,Nap2,Session 5,24,EndProbe,1125.378,1145.0718,18.9204,19.6938,-10.3062,10.3062,0.6565,0.736,True,,22.077,12.393,4153.2849,69.2214
TT008,Phi,Nap2,Session 5,25,Response,1145.0718,1165.8748,19.2579,20.803,-9.197,9.197,0.6934,0.6468,True,,20.8934,4.14,4173.5333,69.5589
TT008,Phi,Nap2,Session 5,26,Response,1165.8748,1188.0606,19.6161,22.1858,-7.8142,7.8142,0.7395,0.736,True,,20.996,4.765,4195.0277,69.9171
TT008,Phi,Nap2,Session 5,27,Response,1188.0606,1208.7074,19.9731,20.6468,-9.3532,9.3532,0.6882,0.6691,True,,20.7685,4.337,4216.444,70.2741
TT008,Phi,Nap2,Session 5,28,Response,1208.7074,1228.8189,20.3127,20.1115,-9.8885,9.8885,0.6704,0.6468,True,,20.6882,4.572,4236.8232,70.6137
TT008,Phi,Nap2,Session 5,29,Response,1228.8189,1249.8973,20.656,21.0784,-8.9216,8.9216,0.7026,0.736,True,,20.9651,3.663,4257.4181,70.957
TT008,Phi,Nap2,Session 5,30,Response,1249.8973,1272.0608,21.0163,22.1635,-7.8365,7.8365,0.7388,0.6245,True,,21.2372,4.34,4279.039,71.3173
TT008,Phi,Nap2,Session 5,31,Response,1272.0608,1291.9493,21.3668,19.8885,-10.1115,10.1115,0.663,0.6022,True,,20.7777,4.347,4300.065,71.6678
TT008,Phi,Nap2,Session 5,32,EndProbe,1423.934,1447.7115,23.9304,23.7775,-6.2225,6.2225,0.7926,0.8476,True,,21.4039,7.491,4453.8828,74.2314
TT008,Phi,Nap2,Session 5,33,Response,1447.7115,1474.4027,24.351,26.6912,-3.3088,3.3088,0.8897,0.7137,True,,22.7198,11.627,4479.1171,74.652
TT008,Phi,Nap2,Session 5,34,Response,1474.4027,1502.3061,24.8059,27.9034,-2.0966,2.0966,0.9301,0.6468,True,,24.0848,13.577,4506.4144,75.1069
TT008,Phi,Nap2,Session 5,35,Response,1502.3061,1530.5664,25.2739,28.2603,-1.7397,1.7397,0.942,0.736,True,,25.3042,13.843,4534.4962,75.5749
TT008,Phi,Nap2,Session 5,36,Response,1530.5664,1559.1311,25.7475,28.5647,-1.4353,1.4353,0.9522,0.736,True,,27.0394,7.239,4562.9088,76.0485
TT008,Phi,Nap2,Session 5,37,Response,1559.1311,1588.046,26.2265,28.9149,-1.0851,1.0851,0.9638,0.6914,True,,28.0669,3.046,4591.6486,76.5275
TT008,Phi,Nap2,Session 5,38,Response,1588.046,1613.9566,26.6834,25.9106,-4.0894,4.0894,0.8637,0.7137,True,,27.9108,4.224,4619.0613,76.9844
TT008,Phi,Nap2,Session 5,39,Response,1613.9566,1637.4137,27.0948,23.4571,-6.5429,6.5429,0.7819,0.7137,True,,27.0215,8.568,4643.7452,77.3958
TT008,Phi,Nap2,Session 5,40,EndProbe,1756.112,1781.4363,29.4796,25.3243,-4.6757,4.6757,0.8441,0.6022,True,,26.4343,8.681,4786.8342,79.7806
TT008,Phi,Nap2,Session 5,41,Response,1781.4363,1801.7931,29.8602,20.3568,-9.6432,9.6432,0.6786,0.6468,True,,24.7927,12.753,4809.6747,80.1612
TT008,Phi,Nap2,Session 5,42,Response,1801.7931,1823.8897,30.214,22.0966,-7.9034,7.9034,0.7366,0.6914,True,,23.4291,9.772,4830.9014,80.515
TT008,Phi,Nap2,Session 5,43,Response,1823.8897,1845.0718,30.5747,21.1821,-8.8179,8.8179,0.7061,0.5799,True,,22.4834,8.723,4852.5408,80.8757
TT008,Phi,Nap2,Session 5,44,Response,1845.0718,1866.0716,30.9262,20.9998,-9.0002,9.0002,0.7,0.6468,True,,21.9919,8.931,4873.6317,81.2272
TT008,Phi,Nap2,Session 5,45,Response,1866.0716,1887.2169,31.2774,21.1453,-8.8547,8.8547,0.7048,0.6468,True,,21.1561,2.941,4894.7043,81.5784
TT008,Phi,Nap2,Session 5,46,Response,1887.2169,1908.399,31.6301,21.1821,-8.8179,8.8179,0.7061,0.6691,True,,21.3212,2.063,4915.868,81.9311
TT008,Phi,Nap2,Session 5,47,Response,1908.399,1926.3694,31.9564,17.9704,-12.0296,12.0296,0.599,0.6691,True,,20.4959,6.898,4935.4442,82.2574
TT008,Phi,Nap2,Session 5,48,EndProbe,2033.788,2058.7559,34.1045,24.9679,-5.0321,5.0321,0.8323,0.6691,True,,21.2531,11.682,5064.332,84.4055
TT008,Phi,Nap2,Session 5,49,Response,2058.7559,2080.2056,34.4913,21.4497,-8.5503,8.5503,0.715,0.7137,True,,21.3431,11.617,5087.5408,84.7923
TT008,Phi,Nap2,Session 5,50,Response,2080.2056,2106.7485,34.8913,26.5429,-3.4571,3.4571,0.8848,0.6914,True,,22.4226,15.085,5111.5371,85.1923
TT008,Phi,Nap2,Session 5,51,Reset,2131.4547,2154.6887,35.7179,23.234,-6.766,6.766,0.7745,0.7137,True,,22.833,14.532,5161.1317,86.0189
TT008,Phi,Nap2,Session 5,52,Response,2154.6887,2176.8522,36.0962,22.1635,-7.8365,7.8365,0.7388,0.7583,True,,23.6716,8.792,5183.8305,86.3972
TT008,Phi,Nap2,Session 5,53,Response,2176.8522,2199.0012,36.4654,22.149,-7.851,7.851,0.7383,0.6468,True,,23.1078,8.756,5205.9867,86.7664
TT008,Phi,Nap2,Session 5,54,Response,2199.0012,2223.1275,36.8511,24.1263,-5.8737,5.8737,0.8042,0.6914,True,,23.6431,7.692,5229.1244,87.1521
TT008,Phi,Nap2,Session 5,55,Response,2223.1275,2245.0757,37.235,21.9482,-8.0518,8.0518,0.7316,0.6914,True,,22.7242,4.101,5252.1616,87.536
TT008,Phi,Nap2,Session 5,56,Response,2245.0757,2259.5365,37.5384,14.4608,-15.5392,15.5392,0.482,0.8699,True,,20.9696,17.86,5270.3661,87.8394
TT008,Phi,Nap2,Session 5,57,Response,2259.5365,2287.6106,37.8929,28.0741,-1.9259,1.9259,0.9358,0.7583,True,,22.1517,22.364,5291.6336,88.1939
TT008,Phi,Nap2,Session 5,58,Response,2287.6106,2313.5512,38.343,25.9406,-4.0594,4.0594,0.8647,0.7806,True,,22.91,22.853,5318.6409,88.644
TT008,Phi,Nap2,Session 5,59,EndProbe,2440.158,2469.5588,40.9143,29.4008,-0.5992,0.5992,0.98,0.6914,True,,23.9649,25.1,5472.9184,91.2153
TT008,Phi,Nap2,Session 5,60,Response,2469.5588,2504.5627,41.451,35.0039,5.0039,5.0039,1.1668,0.6914,True,,26.576,28.436,5505.1208,91.752
TT008,Phi,Nap2,Session 5,61,Response,2504.5627,2536.2801,42.007,31.7174,1.7174,1.7174,1.0572,0.6691,True,,30.0274,11.6,5538.4814,92.308
TT008,Phi,Nap2,Session 5,62,Reset,2563.1052,2608.1091,43.0935,45.0039,15.0039,15.0039,1.5001,0.8253,True,,33.4133,21.772,5603.6672,93.3945
TT008,Phi,Nap2,Session 5,63,Response,2608.1091,2650.4956,43.8217,42.3865,12.3865,12.3865,1.4129,0.736,True,,36.7025,18.392,5647.3624,94.1227
TT008,Phi,Nap2,Session 5,64,Response,2650.4956,2691.923,44.5202,41.4274,11.4274,11.4274,1.3809,0.736,True,,39.1078,14.142,5689.2693,94.8212
TT008,Phi,Nap2,Session 5,65,Response,2691.923,2733.2613,45.2099,41.3383,11.3383,11.3383,1.3779,1.1375,True,,40.3747,12.536,5730.6522,95.5109
TT008,Phi,Nap2,Session 5,66,Response,2733.2613,2776.1608,45.9119,42.8995,12.8995,12.8995,1.43,0.8476,True,,42.6111,3.497,5772.771,96.2129
TT008,Phi,Nap2,Session 5,67,Response,2776.1608,2828.4659,46.7052,52.3051,22.3051,22.3051,1.7435,0.8476,True,,44.0714,10.55,5820.3734,97.0062
TT008,Phi,Nap2,Session 5,68,Response,2828.4659,2862.4806,47.4246,34.0147,4.0147,4.0147,1.1338,0.7583,True,,42.397,15.41,5863.5333,97.7256
TT008,Phi,Nap2,Session 5,69,Response,2862.4806,2906.9192,48.0783,44.4386,14.4386,14.4386,1.4813,0.8253,True,,42.9992,15.257,5902.7599,98.3793
TT008,Phi,Nap2,Session 5,70,Reset,3044.6218,3085.4471,51.0839,40.8253,10.8253,10.8253,1.3608,0.8476,True,,42.8966,15.379,6083.0945,101.3849
TT008,Phi,Nap2,Session 5,71,Response,3085.4471,3123.8189,51.7439,38.3718,8.3718,8.3718,1.2791,0.8699,True,,41.9911,16.432,6122.693,102.0449
TT008,Phi,Nap2,Session 5,72,Response,3123.8189,3165.5664,52.4115,41.7475,11.7475,11.7475,1.3916,0.8922,True,,39.8796,9.859,6162.7526,102.7125
TT008,Phi,Nap2,Session 5,73,Response,3165.5664,3207.0385,53.105,41.4721,11.4721,11.4721,1.3824,0.8476,True,,41.3711,5.248,6204.3625,103.406
TT008,Phi,Nap2,Session 5,74,Response,3207.0385,3253.9081,53.8412,46.8696,16.8696,16.8696,1.5623,0.7806,True,,41.8573,7.412,6248.5333,104.1422
TT008,Phi,Nap2,Session 5,75,Response,3253.9081,3303.4252,54.6444,49.5171,19.5171,19.5171,1.6506,0.8922,True,,43.5956,10.322,6296.7267,104.9454
TT008,Phi,Nap2,Session 5,76,Response,3303.4252,3344.2873,55.3976,40.8621,10.8621,10.8621,1.3621,0.8029,True,,44.0937,8.779,6341.9162,105.6986
TT008,Phi,Nap2,Session 5,77,Response,3344.2873,3389.2912,56.1132,45.0039,15.0039,15.0039,1.5001,0.736,True,,44.745,8.146,6384.8492,106.4142
TT008,Phi,Nap2,Session 5,78,EndProbe,3519.682,3553.0684,58.9396,33.3864,3.3864,3.3864,1.1129,0.7583,True,,43.1278,14.59,6554.4352,109.2406
TT008,Phi,Nap2,Session 5,79,Response,3553.0684,3588.4659,59.5128,35.3975,5.3975,5.3975,1.1799,0.8253,True,,40.8334,16.328,6588.8272,109.8138
TT008,Phi,Nap2,Session 5,80,Response,3588.4659,3637.663,60.2177,49.1971,19.1971,19.1971,1.6399,0.8029,True,,40.7694,16.1,6631.1244,110.5187
TT008,Phi,Nap2,Session 5,81,Response,3637.663,3673.2167,60.924,35.5537,5.5537,5.5537,1.1851,0.6914,True,,39.7077,17.534,6673.4998,111.225
TT008,Phi,Nap2,Session 5,82,Response,3673.2167,3703.6405,61.4738,30.4238,0.4238,0.4238,1.0141,0.8029,True,,36.7917,19.671,6706.4886,111.7748
TT008,Phi,Nap2,Session 5,83,Reset,3731.7669,3761.2539,62.4418,29.487,-0.513,0.513,0.9829,1.1375,True,,36.0118,21.876,6764.5704,112.7428
TT008,Phi,Nap2,Session 5,84,Response,3761.2539,3791.5885,62.9404,30.3346,0.3346,0.3346,1.0112,0.8253,True,,34.9992,23.689,6794.4812,113.2414
TT008,Phi,Nap2,Session 5,85,Reset,3805.001,3840.0272,63.7086,35.0262,5.0262,5.0262,1.1675,0.9591,True,,32.1651,8.96,6840.5741,114.0096
TT008,Phi,Nap2,Session 5,86,Response,3840.0272,3877.1723,64.31,37.1451,7.1451,7.1451,1.2382,1.0706,True,,32.4833,10.444,6876.6598,114.611
TT008,Phi,Nap2,Session 5,87,Response,3877.1723,3928.3098,65.0457,51.1375,21.1375,21.1375,1.7046,0.8253,True,,36.6261,23.801,6920.801,115.3467
TT008,Phi,Nap2,Session 5,88,Reset,3963.9304,4009.2243,66.443,45.2939,15.2939,15.2939,1.5098,0.9591,True,,39.7875,20.959,7004.6374,116.744
TT008,Phi,Nap2,Session 5,89,Response,4009.2243,4055.7816,67.2084,46.5573,16.5573,16.5573,1.5519,0.8922,True,,43.032,15.675,7050.563,117.5094
TT008,Phi,Nap2,Session 5,90,Response,4055.7816,4104.8003,68.0048,49.0187,19.0187,19.0187,1.634,1.0037,True,,45.8305,11.678,7098.351,118.3058
TT008,Phi,Nap2,Session 5,91,Reset,4140.0049,4188.0422,69.4004,48.0373,18.0373,18.0373,1.6012,0.8029,True,,48.0089,4.691,7182.0836,119.7014
TT008,Phi,Nap2,Session 5,92,Reset,4207.7299,4254.3765,70.5176,46.6466,16.6466,16.6466,1.5549,1.0483,True,,47.1108,3.062,7249.1132,120.8186
TT008,Phi,Nap2,Session 5,93,Reset,4268.689,4312.503,71.5099,43.814,13.814,13.814,1.4605,0.8922,True,,46.8148,4.198,7308.656,121.8109
TT008,Phi,Nap2,Session 5,94,Response,4312.503,4354.2204,72.2227,41.7174,11.7174,11.7174,1.3906,0.8253,True,,45.8468,6.605,7351.4217,122.5237
TT008,Phi,Nap2,Session 5,95,EndProbe,4534.634,4570.8078,75.8787,36.1738,6.1738,6.1738,1.2058,0.8922,True,,43.2778,10.788,7570.7809,126.1797
TT008,Phi,Nap2,Session 5,96,Response,4570.8078,4606.2132,76.4752,35.4054,5.4054,5.4054,1.1802,0.7806,True,,40.7514,11.934,7606.5705,126.7762
TT008,Phi,Nap2,Session 5,97,Response,4606.2132,4639.135,77.0446,32.9218,2.9218,2.9218,1.0974,0.8699,True,,38.0065,12.02,7640.7341,127.3456
TT008,Phi,Nap2,Session 5,98,Response,4639.135,4674.488,77.6135,35.353,5.353,5.353,1.1784,0.9591,True,,36.3143,8.973,7674.8715,127.9145
TT008,Phi,Nap2,Session 5,99,Response,4674.488,4703.1721,78.1472,28.6841,-1.3159,1.3159,0.9561,0.9814,True,,33.7076,9.087,7706.8901,128.4482
TT008,Phi,Nap2,Session 5,100,Response,4703.1721,4730.161,78.6111,26.9889,-3.0111,3.0111,0.8996,0.9145,True,,31.8706,12.123,7734.7266,128.9121
TT008,Phi,Nap2,Session 5,101,Response,4730.161,4762.4583,79.1052,32.2973,2.2973,2.2973,1.0766,1.1375,True,,31.249,10.789,7764.3696,129.4062
TT008,Phi,Nap2,Session 5,102,Response,4762.4583,4798.689,79.6762,36.2307,6.2307,6.2307,1.2077,0.8699,True,,31.9108,12.661,7798.6336,129.9772
TT008,Phi,Nap2,Session 5,103,EndProbe,4932.7,4981.8115,82.6209,49.1115,19.1115,19.1115,1.6371,0.8253,True,,34.6625,25.457,7975.3158,132.9219
TT008,Phi,Nap2,Session 5,104,Response,4981.8115,5017.1277,83.3245,35.3162,5.3162,5.3162,1.1772,0.8476,True,,35.9889,22.716,8017.5296,133.6255
TT008,Phi,Nap2,Session 5,105,Response,5017.1277,5050.2279,83.8946,33.1002,3.1002,3.1002,1.1033,0.8253,True,,37.2112,18.385,8051.7378,134.1956
TT008,Phi,Nap2,Session 5,106,Response,5050.2279,5083.9973,84.4519,33.7694,3.7694,3.7694,1.1256,0.8922,True,,37.5056,17.61,8085.1726,134.7529
TT008,Phi,Nap2,Session 5,107,Response,5083.9973,5121.9677,85.0497,37.9704,7.9704,7.9704,1.2657,0.8476,True,,37.8535,17.347,8121.0425,135.3507
TT008,Phi,Nap2,Session 5,108,Response,5121.9677,5158.4882,85.6705,36.5205,6.5205,6.5205,1.2174,0.8253,True,,35.3353,5.624,8158.288,135.9715
TT008,Phi,Nap2,Session 5,109,Response,5158.4882,5186.1385,86.2052,27.6503,-2.3497,2.3497,0.9217,0.8922,True,,33.8022,11.75,8190.3734,136.5062
TT008,Phi,Nap2,Session 5,110,Response,5186.1385,5226.6292,86.7731,40.4907,10.4907,10.4907,1.3497,0.9145,True,,35.2803,13.916,8224.4438,137.0741
TT008,Phi,Nap2,Session 5,111,EndProbe,5365.396,5397.276,89.6889,31.88,1.88,1.88,1.0627,0.7806,True,,34.9024,14.679,8399.396,139.9899
TT008,Phi,Wake1,Session 3,1,Response,33.9491,67.7631,0.8476,33.814,3.814,3.814,1.1271,1.026,True,,,,50.8561,0.8476
TT008,Phi,Wake1,Session 3,2,Response,67.7631,99.1314,1.3908,31.3683,1.3683,1.3683,1.0456,0.8476,True,,32.5911,5.306,83.4472,1.3908
TT008,Phi,Wake1,Session 3,3,Response,99.1314,133.5699,1.9392,34.4385,4.4385,4.4385,1.1479,0.7137,True,,33.2069,4.886,116.3506,1.9392
TT008,Phi,Wake1,Session 3,4,Response,133.5699,165.7111,2.494,32.1412,2.1412,2.1412,1.0714,0.6914,True,,32.9405,4.335,149.6405,2.494
TT008,Phi,Wake1,Session 3,5,Response,165.7111,199.0121,3.0394,33.301,3.301,3.301,1.11,0.8253,True,,33.0126,3.778,182.3616,3.0394
TT008,Phi,Wake1,Session 3,6,Response,199.0121,229.1013,3.5676,30.0892,0.0892,0.0892,1.003,0.7806,True,,32.2676,5.221,214.0567,3.5676
TT008,Phi,Wake1,Session 3,7,Response,229.1013,263.1016,4.1017,34.0003,4.0003,4.0003,1.1333,0.8029,True,,32.794,5.316,246.1014,4.1017
TT008,Phi,Wake1,Session 3,8,Response,263.1016,294.9528,4.6505,31.8512,1.8512,1.8512,1.0617,0.8922,True,,32.2766,4.649,279.0272,4.6505
TT008,Phi,Wake1,Session 3,9,Response,294.9528,337.1386,5.2674,42.1858,12.1858,12.1858,1.4062,0.6914,True,,34.2855,13.603,316.0457,5.2674
TT008,Phi,Wake1,Session 3,10,Response,337.1386,372.8038,5.9162,35.6652,5.6652,5.6652,1.1888,0.7806,True,,34.7583,13.403,354.9712,5.9162
TT008,Phi,Wake1,Session 3,11,Response,372.8038,410.2466,6.5254,37.4428,7.4428,7.4428,1.2481,0.8029,True,,36.2291,10.815,391.5252,6.5254
TT008,Phi,Wake1,Session 3,12,Response,410.2466,449.7928,7.167,39.5462,9.5462,9.5462,1.3182,0.7137,True,,37.3382,10.484,430.0197,7.167
TT008,Phi,Wake1,Session 3,13,Response,449.7928,482.7224,7.771,32.9296,2.9296,2.9296,1.0977,0.736,True,,37.5539,9.451,466.2576,7.771
TT008,Phi,Wake1,Session 3,14,Response,482.7224,512.7001,8.2952,29.9777,-0.0223,0.0223,0.9993,0.6914,True,,35.1123,10.706,497.7112,8.2952
TT008,Phi,Wake1,Session 3,15,Response,512.7001,541.2949,8.7833,28.5948,-1.4052,1.4052,0.9532,0.8029,True,,33.6982,13.974,526.9975,8.7833
TT008,Phi,Wake1,Session 3,16,Response,541.2949,568.5069,9.2483,27.212,-2.788,2.788,0.9071,0.7137,True,,31.6521,15.463,554.9009,9.2483
TT008,Phi,Wake1,Session 3,17,Response,568.5069,598.1869,9.7224,29.68,-0.32,0.32,0.9893,0.8699,True,,29.6788,7.131,583.3469,9.7224
TT008,Phi,Wake1,Session 3,18,Response,598.1869,625.6888,10.199,27.5019,-2.4981,2.4981,0.9167,0.6245,True,,28.5933,4.353,611.9378,10.199
TT008,Phi,Wake1,Session 3,19,Response,625.6888,651.5849,10.6439,25.8961,-4.1039,4.1039,0.8632,0.7137,True,,27.777,5.162,638.6368,10.6439
TT008,Phi,Wake1,Session 3,20,Response,651.5849,679.0868,11.0889,27.5019,-2.4981,2.4981,0.9167,0.7806,True,,27.5584,4.932,665.3358,11.0889
TT008,Phi,Wake1,Session 3,21,Response,679.0868,705.1535,11.5353,26.0667,-3.9333,3.9333,0.8689,0.6691,True,,27.3293,5.559,692.1202,11.5353
TT008,Phi,Wake1,Session 3,22,Response,705.1535,734.2837,11.9953,29.1302,-0.8698,0.8698,0.971,0.7583,True,,27.2194,4.822,719.7186,11.9953
TT008,Phi,Wake1,Session 3,23,Response,734.2837,762.2763,12.4713,27.9926,-2.0074,2.0074,0.9331,0.6914,True,,27.3175,4.966,748.28,12.4713
TT008,Phi,Wake1,Session 3,24,Response,762.2763,789.0121,12.9274,26.7358,-3.2642,3.2642,0.8912,0.6468,True,,27.4854,4.281,775.6442,12.9274
TT008,Phi,Wake1,Session 3,25,Response,789.0121,817.2579,13.3856,28.2458,-1.7542,1.7542,0.9415,0.7583,True,,27.6342,4.434,803.135,13.3856
TT008,Phi,Wake1,Session 3,26,Response,817.2579,850.9381,13.9016,33.6802,3.6802,3.6802,1.1227,0.6468,True,,29.1569,9.156,834.098,13.9016
TT008,Phi,Wake1,Session 3,27,Response,850.9381,884.0606,14.4583,33.1225,3.1225,3.1225,1.1041,0.7806,True,,29.9554,10.694,867.4994,14.4583
TT008,Phi,Wake2,Session 7,1,Response,28.9647,57.8718,0.7236,28.9071,-1.0929,1.0929,0.9636,0.7583,True,,,,8598.8782,143.3146
TT008,Phi,Wake2,Session 7,2,Response,57.8718,86.8681,1.2062,28.9963,-1.0037,1.0037,0.9665,0.8253,True,,28.9517,0.218,8627.83,143.7972
TT008,Phi,Wake2,Session 7,3,Response,86.8681,118.251,1.7093,31.3829,1.3829,1.3829,1.0461,0.8699,True,,29.7621,4.719,8658.0195,144.3003
TT008,Phi,Wake2,Session 7,4,Response,118.251,150.5706,2.2402,32.3196,2.3196,2.3196,1.0773,0.7806,True,,30.4015,5.65,8689.8708,144.8312
TT008,Phi,Wake2,Session 7,5,Response,150.5706,179.723,2.7524,29.1524,-0.8476,0.8476,0.9717,0.8253,True,,30.1517,5.27,8720.6068,145.3434
TT008,Phi,Wake2,Session 7,6,Response,179.723,209.1877,3.2409,29.4647,-0.5353,0.5353,0.9822,0.8476,True,,30.2632,4.945,8749.9154,145.8319
TT008,Phi,Wake2,Session 7,7,Response,209.1877,240.4814,3.7472,31.2937,1.2937,1.2937,1.0431,0.7806,True,,30.7227,4.415,8780.2945,146.3382
TT008,Phi,Wake2,Session 7,8,Response,240.4814,269.3438,4.2485,28.8624,-1.1376,1.1376,0.9621,0.9145,True,,30.2186,4.995,8810.3726,146.8395
TT008,Phi,Wake2,Session 7,9,Response,269.3438,298.8978,4.7353,29.554,-0.446,0.446,0.9851,0.8699,True,,29.6654,3.203,8839.5808,147.3263
TT008,Phi,Wake2,Session 7,10,Response,298.8978,327.9833,5.224,29.0855,-0.9145,0.9145,0.9695,0.8253,True,,29.6521,3.237,8868.9005,147.815
TT008,Phi,Wake2,Session 7,11,Response,327.9833,356.3997,5.7032,28.4164,-1.5836,1.5836,0.9472,0.8476,True,,29.4424,3.781,8897.6515,148.2942
TT008,Phi,Wake2,Session 7,12,Response,356.3997,384.8384,6.177,28.4387,-1.5613,1.5613,0.948,0.8253,True,,28.8714,1.649,8926.079,148.768
TT008,Phi,Wake2,Session 7,13,Response,384.8384,411.8865,6.6394,27.0481,-2.9519,2.9519,0.9016,0.8699,True,,28.5085,3.315,8953.8224,149.2304
TT008,Phi,Wake2,Session 7,14,Response,411.8865,442.7118,7.1217,30.8253,0.8253,0.8253,1.0275,0.8253,True,,28.7628,4.768,8982.7592,149.7127
TT008,Phi,Wake2,Session 7,15,Response,442.7118,472.4218,7.6261,29.71,-0.29,0.29,0.9903,0.7583,True,,28.8877,4.968,9013.0268,150.2171
TT008,Phi,Wake2,Session 7,16,Response,472.4218,503.3887,8.1318,30.9669,0.9669,0.9669,1.0322,0.8476,True,,29.3978,5.651,9043.3652,150.7228
TT008,Phi,Wake2,Session 7,17,Response,503.3887,533.8939,8.644,30.5052,0.5052,0.5052,1.0168,0.7583,True,,29.8111,5.432,9074.1013,151.235
TT008,Phi,Wake2,Session 7,18,Response,533.8939,564.9053,9.1567,31.0114,1.0114,1.0114,1.0337,0.8253,True,,30.6038,1.756,9104.8596,151.7477
TT008,Phi,Wake2,Session 7,19,Response,564.9053,597.1804,9.684,32.2751,2.2751,2.2751,1.0758,1.1375,True,,30.8937,3.019,9136.5028,152.275
TT008,Phi,Wake2,Session 7,20,Response,597.1804,632.5333,10.2476,35.3529,5.3529,5.3529,1.1784,0.9145,True,,32.0223,6.166,9170.3168,152.8386
TT008,Phi,Wake2,Session 7,21,Response,632.5333,662.9794,10.7959,30.4461,0.4461,0.4461,1.0149,0.9368,True,,31.9181,6.442,9203.2163,153.3869
TT008,Phi,Wake2,Session 7,22,Response,662.9794,702.1765,11.3763,39.1971,9.1971,9.1971,1.3066,0.8029,True,,33.6565,10.794,9238.038,153.9673
TT008,Phi,Wake2,Session 7,23,Response,702.1765,732.4218,11.955,30.2453,0.2453,0.2453,1.0082,0.9145,True,,33.5033,11.298,9272.7592,154.546
TT008,Phi,Wake2,Session 7,24,Response,732.4218,765.7529,12.4848,33.3311,3.3311,3.3311,1.111,0.9591,True,,33.7145,11.059,9304.5473,155.0758
TT008,Phi,Wake2,Session 7,25,Response,765.7529,800.3921,13.0512,34.6392,4.6392,4.6392,1.1546,0.8922,True,,33.5718,10.912,9338.5325,155.6422
TT008,Phi,Wake2,Session 7,26,Response,800.3921,831.1505,13.5962,30.7584,0.7584,0.7584,1.0253,0.736,True,,33.6342,10.7,9371.2313,156.1872
TT008,Phi,Wake2,Session 7,27,Response,831.1505,860.1691,14.0943,29.0186,-0.9814,0.9814,0.9673,0.8253,True,,31.5985,7.327,9401.1198,156.6853
TT008,Phi,Wake2,Session 7,28,Response,860.1691,890.9497,14.5927,30.7806,0.7806,0.7806,1.026,0.8029,True,,31.7056,7.091,9431.0194,157.1837
TT009,Phi,Nap1,Session 4,1,Response,82.2888,139.2108,1.8458,56.922,26.922,26.922,1.8974,0.736,True,,,,1154.0398,19.234
TT009,Phi,Nap1,Session 4,2,Response,139.2108,175.3667,2.6215,36.1559,6.1559,6.1559,1.2052,0.7583,True,,46.5389,31.552,1200.5787,20.0096
TT009,Phi,Nap1,Session 4,3,Response,175.3667,219.9022,3.2939,44.5355,14.5355,14.5355,1.4845,0.6022,True,,45.8711,22.775,1240.9244,20.6821
TT009,Phi,Nap1,Session 4,4,Response,219.9022,260.4375,4.0028,40.5353,10.5353,10.5353,1.3512,0.8476,True,,44.5372,20.068,1283.4598,21.391
TT009,Phi,Nap1,Session 4,5,Response,260.4375,301.4189,4.6821,40.9814,10.9814,10.9814,1.366,0.8029,True,,43.826,18.03,1324.2182,22.0703
TT009,Phi,Nap1,Session 4,6,Response,301.4189,339.077,5.3375,37.6581,7.6581,7.6581,1.2553,0.8253,True,,39.9732,8.114,1363.538,22.7256
TT009,Phi,Nap1,Session 4,7,Response,339.077,356.4596,5.7961,17.3826,-12.6174,12.6174,0.5794,0.8476,True,,36.2186,29.844,1391.0583,23.1843
TT009,Phi,Nap1,Session 4,8,Reset,359.363,401.5265,6.3407,42.1635,12.1635,12.1635,1.4054,0.7806,True,,35.7442,29.088,1423.7348,23.7289
TT009,Phi,Nap1,Session 4,9,Reset,431.1959,461.7535,7.4412,30.5576,0.5576,0.5576,1.0186,0.9591,True,,33.7486,30.233,1489.7647,24.8294
TT009,Phi,Nap1,Session 4,10,Reset,478.0733,513.0582,8.2594,34.9849,4.9849,4.9849,1.1662,0.9591,True,,32.5493,29.084,1538.8558,25.6476
TT009,Phi,Nap1,Session 4,11,Response,513.0582,525.3856,8.6537,12.3274,-17.6726,17.6726,0.4109,0.8699,True,,27.4832,45.042,1562.5119,26.0419
TT009,Phi,Nap1,Session 4,12,Reset,551.0286,575.6009,9.3886,24.5723,-5.4277,5.4277,0.8191,0.7583,True,,28.9211,39.007,1606.6048,26.7767
TT009,Phi,Nap1,Session 4,13,Reset,629.3781,656.3893,10.7147,27.0112,-2.9888,2.9888,0.9004,0.8253,True,,25.8907,32.969,1686.1737,28.1029
TT009,Phi,Nap1,Session 4,14,Response,656.3893,669.4673,11.0488,13.078,-16.922,16.922,0.4359,0.7583,True,,22.3948,43.104,1706.2183,28.437
TT009,Phi,Nap1,Session 4,15,Reset,732.6122,742.1215,12.2894,9.5093,-20.4907,20.4907,0.317,1.0483,True,,17.2996,45.739,1780.6568,29.6776
TT009,Phi,Nap1,Session 4,16,Response,742.1215,771.6754,12.615,29.5539,-0.4461,0.4461,0.9851,0.736,True,,20.7449,42.881,1800.1884,30.0031
TT009,Phi,Nap2,Session 5,1,Response,35.8211,68.1407,0.8663,32.3196,2.3196,2.3196,1.0773,1.0037,True,,,,2345.5909,39.0932
TT009,Phi,Nap2,Session 5,2,Response,68.1407,98.9213,1.3922,30.7806,0.7806,0.7806,1.026,0.8922,True,,31.5501,3.449,2377.141,39.619
TT009,Phi,Nap2,Session 5,3,EndProbe,187.544,231.2265,3.4898,43.6825,13.6825,13.6825,1.4561,0.8253,True,,35.5942,19.798,2502.9952,41.7166
TT009,Phi,Nap2,Session 5,4,Response,231.2265,265.665,4.1408,34.4385,4.4385,4.4385,1.148,0.7137,True,,35.3053,16.379,2542.0557,42.3676
TT009,Phi,Nap2,Session 5,5,Reset,347.6723,382.2747,6.0829,34.6024,4.6024,4.6024,1.1534,0.8253,True,,35.1647,14.269,2658.5835,44.3097
TT009,Phi,Nap2,Session 5,6,Reset,427.6946,459.4566,7.3929,31.762,1.762,1.762,1.0587,0.7583,True,,35.0532,14.556,2737.1856,45.6198
TT009,Phi,Nap2,Session 5,7,EndProbe,702.194,729.0853,11.9273,26.8913,-3.1087,3.1087,0.8964,0.7806,True,,34.2753,17.835,3009.2496,50.1542
TT009,Phi,Nap2,Session 5,8,Reset,747.6539,779.5498,12.7267,31.8959,1.8959,1.8959,1.0632,0.8699,True,,31.918,9.764,3057.2118,50.9535
TT009,Phi,Nap2,Session 5,9,EndProbe,931.31,974.3267,15.8803,43.0167,13.0167,13.0167,1.4339,0.7806,True,,33.6337,17.65,3246.4283,54.1071
TT009,Phi,Nap2,Session 5,10,Response,974.3267,1007.5162,16.5154,33.1895,3.1895,3.1895,1.1063,0.6914,True,,33.3511,17.728,3284.5314,54.7422
TT009,Phi,Nap2,Session 5,11,Response,1007.5162,1039.9997,17.0626,32.4835,2.4835,2.4835,1.0828,0.7806,True,,33.4954,17.532,3317.368,55.2895
TT009,Phi,Nap2,Session 5,12,Response,1039.9997,1079.576,17.6631,39.5763,9.5763,9.5763,1.3192,0.6245,True,,36.0324,13.816,3353.3978,55.89
TT009,Phi,Nap2,Session 5,13,Response,1079.576,1113.4346,18.2751,33.8586,3.8586,3.8586,1.1286,0.8253,True,,36.4249,12.728,3390.1153,56.5019
TT009,Phi,Nap2,Session 5,14,EndProbe,1225.456,1255.5088,20.6747,30.0528,0.0528,0.0528,1.0018,0.9145,True,,33.8321,10.399,3534.0924,58.9015
TT009,Phi,Nap2,Session 5,15,EndProbe,1817.446,1845.3934,30.5237,27.9474,-2.0526,2.0526,0.9316,0.7806,True,,32.7837,13.49,4125.0297,68.7505
TT009,Phi,Nap2,Session 5,16,EndProbe,2232.368,2262.4716,37.457,30.1036,0.1036,0.1036,1.0035,0.6914,True,,32.3077,14.2,4541.0298,75.6838
TT009,Phi,Nap2,Session 5,17,Response,2262.4716,2276.4049,37.824,13.9333,-16.0667,16.0667,0.4644,0.7583,True,,27.1791,28.349,4563.0482,76.0508
TT009,Phi,Nap2,Session 5,18,Response,2276.4049,2302.0255,38.1536,25.6206,-4.3794,4.3794,0.854,0.7137,True,,25.5315,26.399,4582.8252,76.3804
TT009,Phi,Nap2,Session 5,19,Reset,2328.7245,2351.7578,39.004,23.0333,-6.9667,6.9667,0.7678,0.6245,True,,24.1276,26.02,4633.8511,77.2309
TT009,Phi,Nap2,Session 5,20,Reset,2371.0441,2384.7243,39.6314,13.6802,-16.3198,16.3198,0.456,0.6691,True,,21.2742,34.18,4671.4942,77.8582
TT009,Phi,Nap2,Session 5,21,Reset,2664.1667,2689.1706,44.6111,25.0039,-4.9961,4.9961,0.8335,0.736,True,,20.2543,29.443,4970.2786,82.838
TT009,Phi,Nap2,Session 5,22,EndProbe,3620.192,3657.7877,60.6498,37.5957,7.5957,7.5957,1.2532,0.7137,True,,24.9867,34.138,5932.5998,98.8767
TT009,Phi,Nap2,Session 5,23,Reset,3756.1595,3772.7169,62.7406,16.5574,-13.4426,13.4426,0.5519,0.9145,True,,23.1741,40.091,6058.0482,100.9675
TT009,Phi,Nap2,Session 5,24,Response,3772.7169,3788.3676,63.009,15.6507,-14.3493,14.3493,0.5217,0.6914,True,,21.6976,45.564,6074.1522,101.2359
TT009,Phi,Nap2,Session 5,25,Reset,4201.7618,4224.5498,70.2193,22.788,-7.212,7.212,0.7596,0.6691,True,,23.5191,37.507,6506.7658,108.4461
TT009,Phi,Nap2,Session 5,26,EndProbe,4533.074,4558.4976,75.7631,25.4236,-4.5764,4.5764,0.8475,0.6914,True,,23.6031,37.457,6839.3958,113.9899
TT009,Phi,Nap2,Session 5,27,Reset,4576.2002,4598.0292,76.4519,21.829,-8.171,8.171,0.7276,0.6691,True,,20.4497,20.499,6880.7247,114.6787
TT009,Phi,Nap2,Session 5,28,Reset,4633.2338,4699.8882,77.776,66.6544,36.6544,36.6544,2.2218,0.5576,True,,30.4691,67.423,6960.171,116.0028
TT009,Phi,Nap2,Session 5,29,Response,4699.8882,4727.2485,78.5595,27.3603,-2.6397,2.6397,0.912,0.736,True,,32.8111,58.042,7007.1783,116.7863
TT009,Phi,Nap2,Session 5,30,Response,4727.2485,4770.2596,79.1459,43.0111,13.0111,13.0111,1.4337,0.7806,True,,36.8557,50.26,7042.364,117.3727
TT009,Phi,Nap2,Session 5,31,Response,4770.2596,4791.9179,79.6848,21.6583,-8.3417,8.3417,0.7219,0.8922,True,,36.1026,53.098,7074.6988,117.9116
TT009,Phi,Nap2,Session 5,32,Response,4791.9179,4811.3603,80.0273,19.4424,-10.5576,10.5576,0.6481,0.6914,True,,35.6253,55.124,7095.2491,118.2542
TT009,Phi,Nap2,Session 5,33,Response,4811.3603,4828.9882,80.3362,17.6279,-12.3721,12.3721,0.5876,0.7583,True,,25.82,39.828,7113.7842,118.5631
TT009,Phi,Nap2,Session 5,34,EndProbe,4996.214,5022.9662,83.4932,26.7522,-3.2478,3.2478,0.8917,1.0037,True,,25.6984,39.942,7303.2001,121.72
TT009,Phi,Nap2,Session 5,35,Response,5022.9662,5035.085,83.8171,12.1188,-17.8812,17.8812,0.404,0.7583,True,,19.5199,27.498,7322.6356,122.0439
TT009,Phi,Nap2,Session 5,36,Reset,5098.4753,5110.728,85.0767,12.2527,-17.7473,17.7473,0.4084,0.7583,True,,17.6388,34.226,7398.2116,123.3035
TT009,Phi,Nap2,Session 5,37,Response,5110.728,5141.6502,85.4365,30.9222,0.9222,0.9222,1.0307,0.736,True,,19.9348,42.906,7419.7991,123.6633
TT009,Phi,Nap2,Session 5,38,Reset,5211.0257,5229.7689,87.0066,18.7432,-11.2568,11.2568,0.6248,0.7137,True,,20.1578,42.129,7514.0073,125.2335
TT009,Phi,Wake1,Session 3,1,Response,26.3789,50.9066,0.644,24.5277,-5.4723,5.4723,0.8176,0.6914,True,,,,38.6428,0.644
TT009,Phi,Wake1,Session 3,2,Response,50.9066,87.6056,1.1543,36.699,6.699,6.699,1.2233,0.7137,True,,30.6133,28.113,69.2561,1.1543
TT009,Phi,Wake1,Session 3,3,Response,87.6056,114.1708,1.6815,26.5652,-3.4348,3.4348,0.8855,0.6468,True,,29.264,22.277,100.8882,1.6815
TT009,Phi,Wake1,Session 3,4,Response,114.1708,151.7541,2.216,37.5833,7.5833,7.5833,1.2528,0.8922,True,,31.3438,21.552,132.9624,2.216
TT009,Phi,Wake1,Session 3,5,Response,151.7541,194.6313,2.8865,42.8772,12.8772,12.8772,1.4292,0.736,True,,33.6505,23.178,173.1927,2.8865
TT009,Phi,Wake1,Session 3,6,Response,194.6313,237.8063,3.6036,43.175,13.175,13.175,1.4392,0.8699,True,,37.3799,18.009,216.2188,3.6036
TT009,Phi,Wake1,Session 3,7,Response,237.8063,277.6725,4.2957,39.8662,9.8662,9.8662,1.3289,0.8699,True,,38.0134,17.889,257.7394,4.2957
TT009,Phi,Wake1,Session 3,8,Response,277.6725,311.9772,4.9137,34.3047,4.3047,4.3047,1.1435,0.7137,True,,39.5613,9.432,294.8248,4.9137
TT009,Phi,Wake1,Session 3,9,Response,311.9772,355.4198,5.5616,43.4426,13.4426,13.4426,1.4481,0.7137,True,,40.7331,9.506,333.6985,5.5616
TT009,Phi,Wake1,Session 3,10,Response,355.4198,402.6017,6.3168,47.1819,17.1819,17.1819,1.5727,0.9591,True,,41.5941,11.609,379.0108,6.3168
TT009,Phi,Wake1,Session 3,11,Response,402.6017,456.4235,7.1585,53.8218,23.8218,23.8218,1.7941,0.8476,True,,43.7234,16.869,429.5126,7.1585
TT009,Phi,Wake1,Session 3,12,Response,456.4235,496.4012,7.9402,39.9777,9.9777,9.9777,1.3326,0.7137,True,,43.7457,16.828,476.4124,7.9402
TT009,Phi,Wake1,Session 3,13,Response,496.4012,549.836,8.7186,53.4348,23.4348,23.4348,1.7812,0.736,True,,47.5718,12.8,523.1186,8.7186
TT009,Phi,Wake1,Session 3,14,Response,549.836,592.6463,9.5207,42.8103,12.8103,12.8103,1.427,0.6245,True,,47.4453,13.072,571.2412,9.5207
TT009,Phi,Wake1,Session 3,15,Response,592.6463,639.4122,10.2672,46.7659,16.7659,16.7659,1.5589,0.6468,True,,47.3621,13.11,616.0293,10.2672
TT009,Phi,Wake1,Session 3,16,Response,639.4122,676.0443,10.9621,36.6321,6.6321,6.6321,1.2211,0.6914,True,,43.9242,14.777,657.7282,10.9621
TT009,Phi,Wake1,Session 3,17,Response,676.0443,749.546,11.8799,73.5017,43.5017,43.5017,2.4501,0.8253,True,,50.629,27.985,712.7952,11.8799
TT009,Phi,Wake1,Session 3,18,Reset,801.2411,849.9698,13.7601,48.7287,18.7287,18.7287,1.6243,0.6468,True,,49.6877,28.361,825.6054,13.7601
TT009,Phi,Wake1,Session 3,19,Response,849.9698,886.1781,14.4679,36.2083,6.2083,6.2083,1.2069,0.736,True,,48.3673,31.355,868.074,14.4679
TT010,Phi,Nap1,Session 3,1,Response,22.5031,43.0345,0.5461,20.5314,-9.4686,9.4686,0.6844,1.0706,True,,,,5439.2488,90.6541
TT010,Phi,Nap1,Session 3,2,Response,43.0345,66.2764,0.9109,23.2419,-6.7581,6.7581,0.7747,1.1598,True,,21.8867,8.757,5461.1354,91.0189
TT010,Phi,Nap1,Session 3,3,Response,66.2764,97.0124,1.3607,30.736,0.736,0.736,1.0245,0.8476,True,,24.8364,21.283,5488.1244,91.4687
TT010,Phi,Nap1,Session 3,4,Response,97.0124,118.5068,1.796,21.4944,-8.5056,8.5056,0.7165,1.1152,True,,24.0009,19.283,5514.2396,91.904
TT010,Phi,Nap1,Session 3,5,Response,118.5068,140.9602,2.1622,22.4534,-7.5466,7.5466,0.7484,0.8699,True,,23.6914,17.168,5536.2135,92.2702
TT010,Phi,Nap1,Session 3,6,Response,140.9602,160.871,2.5153,19.9108,-10.0892,10.0892,0.6637,0.8253,True,,23.5673,17.802,5557.3956,92.6233
TT010,Phi,Nap1,Session 3,7,Response,160.871,182.5739,2.862,21.7029,-8.2971,8.2971,0.7234,1.0037,True,,23.2595,18.404,5578.2024,92.97
TT010,Phi,Nap1,Session 3,8,Response,182.5739,205.6296,3.235,23.0557,-6.9443,6.9443,0.7685,1.0483,True,,21.7234,5.469,5600.5817,93.343
TT010,Phi,Nap1,Session 3,9,Response,205.6296,228.1499,3.6148,22.5203,-7.4797,7.4797,0.7507,0.8699,True,,21.9286,5.594,5623.3698,93.7228
TT010,Phi,Nap1,Session 3,10,Response,228.1499,248.6629,3.9734,20.513,-9.487,9.487,0.6838,0.9368,True,,21.5405,6.139,5644.8864,94.0814
TT010,Phi,Nap1,Session 3,11,Response,248.6629,270.6703,4.3278,22.0074,-7.9926,7.9926,0.7336,0.736,True,,21.9599,4.366,5666.1466,94.4358
TT010,Phi,Nap1,Session 3,12,Response,270.6703,293.4137,4.7007,22.7434,-7.2566,7.2566,0.7581,0.736,True,,22.168,4.516,5688.522,94.8087
TT010,Phi,Nap1,Session 3,13,Response,293.4137,315.9195,5.0778,22.5058,-7.4942,7.4942,0.7502,0.8922,True,,22.058,4.101,5711.1466,95.1858
TT010,Phi,Nap1,Session 3,14,Response,315.9195,337.0754,5.4416,21.1559,-8.8441,8.8441,0.7052,1.0929,True,,21.7851,4.295,5732.9774,95.5496
TT010,Phi,Nap1,Session 3,15,Response,337.0754,368.6445,5.881,31.5691,1.5691,1.5691,1.0523,0.9368,True,,23.9963,17.823,5759.3399,95.989
TT010,Phi,Nap1,Session 3,16,Response,368.6445,393.3507,6.35,24.7062,-5.2938,5.2938,0.8235,1.0929,True,,24.5361,16.836,5787.4776,96.458
TT010,Phi,Nap1,Session 3,17,Response,393.3507,416.9678,6.7527,23.6171,-6.3829,6.3829,0.7872,1.0037,True,,24.7108,16.405,5811.6392,96.8607
TT010,Phi,Nap1,Session 3,18,Response,416.9678,439.1313,7.1342,22.1635,-7.8365,7.8365,0.7388,1.0483,True,,24.6424,16.65,5834.5295,97.2422
TT010,Phi,Nap1,Session 3,19,Response,439.1313,461.094,7.5019,21.9627,-8.0373,8.0373,0.7321,1.0483,True,,24.8037,15.902,5856.5926,97.6099
TT010,Phi,Nap1,Session 3,20,Response,461.094,483.2876,7.8698,22.1936,-7.8064,7.8064,0.7398,1.1598,True,,22.9286,5.203,5878.6708,97.9778
TT010,Phi,Nap1,Session 3,21,Response,483.2876,507.1016,8.2532,23.814,-6.186,6.186,0.7938,0.9145,True,,22.7502,3.905,5901.6746,98.3612
TT010,Phi,Nap1,Session 3,22,Response,507.1016,530.5811,8.6474,23.4795,-6.5205,6.5205,0.7827,1.1598,True,,22.7227,3.769,5925.3213,98.7554
TT010,Phi,Nap1,Session 3,23,Response,530.5811,557.6815,9.0689,27.1004,-2.8996,2.8996,0.9033,1.1375,True,,23.71,8.672,5950.6113,99.1769
TT010,Phi,Nap1,Session 3,24,Response,557.6815,581.2725,9.4913,23.591,-6.409,6.409,0.7864,1.1375,True,,24.0357,7.598,5975.957,99.5993
TT010,Phi,Nap1,Session 3,25,Response,581.2725,604.0906,9.878,22.8181,-7.1819,7.1819,0.7606,1.0706,True,,24.1606,6.973,5999.1616,99.986
TT010,Phi,Nap1,Session 3,26,Response,604.0906,629.0644,10.2763,24.9738,-5.0262,5.0262,0.8325,1.0037,True,,24.3926,6.989,6023.0575,100.3843
TT010,Phi,Nap1,Session 3,27,Response,629.0644,655.0943,10.7013,26.0299,-3.9701,3.9701,0.8677,0.9814,True,,24.9026,7.005,6048.5593,100.8093
TT010,Phi,Nap1,Session 3,28,Response,655.0943,678.8636,11.1163,23.7693,-6.2307,6.2307,0.7923,1.0706,True,,24.2364,5.222,6073.4589,101.2243
TT010,Phi,Nap1,Session 3,29,Response,678.8636,702.0609,11.5077,23.1973,-6.8027,6.8027,0.7732,1.0483,True,,24.1577,5.491,6096.9422,101.6157
TT010,Phi,Nap1,Session 3,30,Response,702.0609,726.1426,11.9017,24.0817,-5.9183,5.9183,0.8027,1.0929,True,,24.4104,4.548,6120.5817,102.0097
TT010,Phi,Nap1,Session 3,31,Response,726.1426,751.6294,12.3148,25.4868,-4.5132,4.5132,0.8496,1.0929,True,,24.513,4.878,6145.366,102.4228
TT010,Phi,Nap1,Session 3,32,Response,751.6294,778.5291,12.7513,26.8997,-3.1003,3.1003,0.8967,1.1821,True,,24.687,6.064,6171.5592,102.8593
TT010,Phi,Nap1,Session 3,33,Response,778.5291,804.7597,13.1941,26.2306,-3.7694,3.7694,0.8744,1.1375,True,,25.1792,6.053,6198.1244,103.3021
TT010,Phi,Nap1,Session 3,34,Response,804.7597,829.2205,13.6165,24.4608,-5.5392,5.5392,0.8154,0.9814,True,,25.4319,4.636,6223.4701,103.7245
TT010,Phi,Nap1,Session 3,35,Response,829.2205,855.3842,14.0384,26.1637,-3.8363,3.8363,0.8721,1.0929,True,,25.8483,3.57,6248.7823,104.1464
TT010,Phi,Nap1,Session 3,36,Response,855.3842,880.0235,14.4617,24.6393,-5.3607,5.3607,0.8213,1.0483,True,,25.6788,4.174,6274.1838,104.5697
TT010,Phi,Wake1,Session 2,1,Response,31.465,60.9297,0.77,29.4647,-0.5353,0.5353,0.9822,1.1821,True,,,,46.1974,0.77
TT010,Phi,Wake1,Session 2,2,Response,60.9297,91.5096,1.2703,30.5799,0.5799,0.5799,1.0193,1.3605,True,,30.0223,2.627,76.2196,1.2703
TT010,Phi,Wake1,Session 2,3,Response,91.5096,121.6658,1.7765,30.1562,0.1562,0.1562,1.0052,1.3382,True,,30.0669,1.872,106.5877,1.7765
TT010,Phi,Wake1,Session 2,4,EndProbe,237.308,267.1158,4.2035,29.8078,-0.1922,0.1922,0.9936,1.0706,True,,30.0022,1.592,252.2119,4.2035
TT010,Phi,Wake1,Session 2,5,Response,267.1158,299.3015,4.7201,32.1857,2.1857,2.1857,1.0729,1.249,True,,30.4389,3.484,283.2086,4.7201
TT010,Phi,Wake1,Session 2,6,Response,299.3015,334.3422,5.2804,35.0407,5.0407,5.0407,1.168,1.2713,True,,31.5541,6.817,316.8218,5.2804
TT010,Phi,Wake1,Session 2,7,Response,334.3422,373.7623,5.9009,39.4201,9.4201,9.4201,1.314,1.539,True,,33.3221,11.986,354.0522,5.9009
TT010,Phi,Wake1,Session 2,8,Reset,403.2717,439.9038,7.0265,36.6321,6.6321,6.6321,1.2211,1.3159,True,,34.6173,10.842,421.5878,7.0265
TT010,Phi,Wake1,Session 2,9,EndProbe,606.622,643.2979,10.416,36.6759,6.6759,6.6759,1.2225,1.2044,True,,35.9909,7.354,624.9599,10.416
TT010,Phi,Wake1,Session 2,10,Response,643.2979,674.19,10.9791,30.8921,0.8921,0.8921,1.0297,1.4275,True,,35.7322,8.762,658.744,10.9791
TT010,Phi,Wake1,Session 2,11,EndProbe,889.93,922.0449,15.0998,32.1149,2.1149,2.1149,1.0705,1.0037,True,,35.147,10.069,905.9874,15.0998
TT010,Phi,Wake1,Session 2,12,Response,922.0449,956.4689,15.6543,34.424,4.424,4.424,1.1475,1.4721,True,,34.1478,7.661,939.2569,15.6543
TT010,Phi,Wake1,Session 2,13,Response,956.4689,988.6101,16.209,32.1412,2.1412,2.1412,1.0714,1.2267,True,,33.2496,6.923,972.5395,16.209
TT010,Phi,Wake1,Session 2,14,EndProbe,1218.454,1258.9669,20.6452,40.5129,10.5129,10.5129,1.3504,1.1375,True,,34.017,11.315,1238.7104,20.6452
TT010,Phi,Wake1,Session 2,15,Response,1258.9669,1291.5095,21.254,32.5426,2.5426,2.5426,1.0848,1.2044,True,,34.3471,10.409,1275.2382,21.254
TT010,Phi,Wake1,Session 2,16,EndProbe,1434.73,1469.7698,24.2042,35.0398,5.0398,5.0398,1.168,1.1821,True,,34.9321,9.593,1452.2499,24.2042
TT010,Phi,Wake1,Session 2,17,Reset,1515.5767,1548.4355,25.5334,32.8588,2.8588,2.8588,1.0953,0.7583,True,,34.6191,10.055,1532.0061,25.5334
TT010,Phi,Wake1,Session 2,18,EndProbe,2106.168,2138.4355,35.3717,32.2675,2.2675,2.2675,1.0756,1.4721,True,,34.6443,9.984,2122.3018,35.3717
TT010,Phi,Wake1,Session 2,19,EndProbe,2344.028,2377.4017,39.3452,33.3737,3.3737,3.3737,1.1125,1.4051,True,,33.2165,3.309,2360.7148,39.3452
TT010,Phi,Wake1,Session 2,20,EndProbe,2998.056,3026.292,50.2029,28.236,-1.764,1.764,0.9412,0.9814,True,,32.3552,7.8,3012.174,50.2029
TT010,Phi,Wake1,Session 2,21,Response,3026.292,3055.3329,50.6802,29.0409,-0.9591,0.9591,0.968,1.0706,True,,31.1554,7.537,3040.8124,50.6802
TT010,Phi,Wake1,Session 2,22,Reset,3072.6564,3102.2104,51.4572,29.554,-0.446,0.446,0.9851,1.0483,True,,30.4944,7.246,3087.4334,51.4572
TT010,Phi,Wake1,Session 2,23,Response,3102.2104,3133.5709,51.9648,31.3605,1.3605,1.3605,1.0453,1.1598,True,,30.313,6.796,3117.8907,51.9648
TT010,Phi,Wake1,Session 2,24,EndProbe,3336.19,3368.9763,55.8764,32.7863,2.7863,2.7863,1.0929,1.0706,True,,30.1955,6.119,3352.5832,55.8764
TT010,Phi,Wake1,Session 2,25,Reset,3946.9427,3973.2179,66.0013,26.2752,-3.7248,3.7248,0.8758,1.2936,True,,29.8034,8.289,3960.0803,66.0013
TT010,Phi,Wake1,Session 2,26,EndProbe,4176.25,4202.255,69.8209,26.005,-3.995,3.995,0.8668,1.0483,True,,29.1962,10.335,4189.2525,69.8209
TT010,Phi,Wake1,Session 2,27,Response,4202.255,4229.7123,70.2664,27.4573,-2.5427,2.5427,0.9152,1.0706,True,,28.7769,10.772,4215.9836,70.2664
TT010,Phi,Wake1,Session 2,28,Response,4229.7123,4261.2959,70.7584,31.5836,1.5836,1.5836,1.0528,0.9814,True,,28.8215,10.921,4245.5041,70.7584
TT010,Phi,Wake1,Session 2,29,Response,4261.2959,4290.6937,71.2666,29.3978,-0.6022,0.6022,0.9799,1.1821,True,,28.1438,8.322,4275.9948,71.2666
TT010,Phi,Wake1,Session 2,30,EndProbe,4436.752,4467.5711,74.2027,30.8191,0.8191,0.8191,1.0273,1.1598,True,,29.0526,7.976,4452.1616,74.2027
TT010,Phi,Wake1,Session 2,31,Response,4467.5711,4495.2883,74.6905,27.7172,-2.2828,2.2828,0.9239,1.2713,True,,29.395,6.224,4481.4297,74.6905
TT010,Phi,Wake1,Session 2,32,Response,4495.2883,4525.5336,75.1735,30.2453,0.2453,0.2453,1.0082,1.2713,True,,29.9526,4.952,4510.4109,75.1735
TT010,Phi,Wake1,Session 2,33,Response,4525.5336,4554.4853,75.6668,28.9517,-1.0483,1.0483,0.9651,1.0929,True,,29.4262,4.077,4540.0094,75.6668
TT010,Phi,Wake1,Session 2,34,Reset,4612.0503,4635.6268,77.064,23.5765,-6.4235,6.4235,0.7859,1.249,True,,28.262,10.194,4623.8386,77.064
TT010,Phi,Wake1,Session 2,35,EndProbe,5151.798,5178.3925,86.0849,26.5945,-3.4055,3.4055,0.8865,1.0929,True,,27.417,9.276,5165.0952,86.0849
TT010,Phi,Wake1,Session 2,36,Response,5178.3925,5203.4187,86.5151,25.0262,-4.9738,4.9738,0.8342,1.2936,True,,26.8788,10.197,5190.9056,86.5151
TT010,Phi,Wake1,Session 2,37,Response,5203.4187,5233.2586,86.9723,29.8399,-0.1601,0.1601,0.9947,1.249,True,,26.7978,9.776,5218.3386,86.9723
TT011,Phi,Nap1,Session 5,1,Response,30.8535,58.8238,0.7473,27.9703,-2.0297,2.0297,0.9323,0.6245,True,,,,1057.0186,17.617
TT011,Phi,Nap1,Session 5,2,Response,58.8238,93.5601,1.2699,34.7363,4.7363,4.7363,1.1579,0.6245,True,,31.3533,15.259,1088.372,18.1395
TT011,Phi,Nap1,Session 5,3,Response,93.5601,124.8905,1.8204,31.3304,1.3304,1.3304,1.0443,0.6245,True,,31.3457,10.793,1121.4053,18.6901
TT011,Phi,Nap1,Session 5,4,Response,124.8905,159.8643,2.373,34.9738,4.9738,4.9738,1.1658,0.736,True,,32.2527,10.246,1154.5574,19.2426
TT011,Phi,Nap1,Session 5,5,Response,159.8643,200.8089,3.0056,40.9446,10.9446,10.9446,1.3648,0.8476,True,,33.9911,14.201,1192.5166,19.8753
TT011,Phi,Nap1,Session 5,6,Response,200.8089,238.4224,3.6603,37.6135,7.6135,7.6135,1.2538,0.8029,True,,35.9197,9.987,1231.7956,20.5299
TT011,Phi,Nap1,Session 5,7,Response,238.4224,280.9873,4.3284,42.5649,12.5649,12.5649,1.4188,0.9591,True,,37.4854,12.077,1271.8848,21.1981
TT011,Phi,Nap1,Session 5,8,Response,280.9873,313.9092,4.9575,32.9219,2.9219,2.9219,1.0974,0.736,True,,37.8037,10.615,1309.6282,21.8271
TT011,Phi,Nap1,Session 5,9,Response,313.9092,352.2403,5.5512,38.3311,8.3311,8.3311,1.2777,0.6914,True,,38.4752,9.587,1345.2548,22.4209
TT011,Phi,Nap1,Session 5,10,Response,352.2403,387.7716,6.1668,35.5313,5.5313,5.5313,1.1844,0.7806,True,,37.3925,9.562,1382.186,23.0364
TT011,Phi,Nap1,Session 5,11,Response,387.7716,402.8425,6.5885,15.0709,-14.9291,14.9291,0.5024,0.3792,True,,32.884,32.172,1407.487,23.4581
TT011,Phi,Nap1,Session 5,12,Response,402.8425,422.5709,6.8784,19.7284,-10.2716,10.2716,0.6576,0.6245,True,,28.3167,36.305,1424.8867,23.7481
TT011,Phi,Nap1,Session 5,13,Response,422.5709,464.779,7.3946,42.2081,12.2081,12.2081,1.4069,0.6022,True,,30.174,39.813,1455.855,24.2642
TT011,Phi,Nap1,Session 5,14,Response,464.779,509.6045,8.1199,44.8255,14.8255,14.8255,1.4942,0.7806,True,,31.4728,42.539,1499.3717,24.9895
TT011,Phi,Nap1,Session 5,15,Response,509.6045,546.2812,8.799,36.6767,6.6767,6.6767,1.2226,0.6691,True,,31.7019,42.535,1540.1228,25.6687
TT011,Phi,Nap1,Session 5,16,Response,546.2812,578.98,9.3772,32.6988,2.6988,2.6988,1.09,0.7806,True,,35.2275,28.014,1574.8106,26.2468
TT011,Phi,Nap1,Session 5,17,Response,578.98,613.5523,9.9378,34.5723,4.5723,4.5723,1.1524,0.6914,True,,38.1963,13.459,1608.4461,26.8074
TT011,Phi,Nap1,Session 5,18,Response,613.5523,638.1547,10.4309,24.6024,-5.3976,5.3976,0.8201,0.7583,True,,34.6751,21.016,1638.0335,27.3006
TT011,Phi,Nap1,Session 5,19,Response,638.1547,665.4559,10.8634,27.3012,-2.6988,2.6988,0.91,0.7137,True,,31.1703,16.227,1663.9853,27.7331
TT011,Phi,Nap1,Session 5,20,Response,665.4559,694.6675,11.3344,29.2116,-0.7884,0.7884,0.9737,0.6914,True,,29.6773,13.553,1692.2417,28.204
TT011,Phi,Nap1,Session 5,21,Response,694.6675,746.0503,12.006,51.3828,21.3828,21.3828,1.7128,0.7583,True,,33.4141,31.985,1732.5389,28.8756
TT011,Phi,Nap1,Session 5,22,Response,746.0503,776.5856,12.6886,30.5353,0.5353,0.5353,1.0178,0.7137,True,,32.6067,32.909,1773.498,29.5583
TT011,Phi,Nap1,Session 5,23,Response,776.5856,819.2699,13.2988,42.6843,12.6843,12.6843,1.4228,0.736,True,,36.223,28.712,1810.1078,30.1685
TT011,Phi,Nap1,Session 5,24,Response,819.2699,854.0207,13.9441,34.7508,4.7508,4.7508,1.1584,0.6022,True,,37.713,24.595,1848.8253,30.8138
TT011,Phi,Nap1,Session 5,25,Response,854.0207,889.6714,14.5308,35.6507,5.6507,5.6507,1.1884,0.6691,True,,39.0008,20.981,1884.026,31.4004
TT011,Phi,Nap1,Session 5,26,Response,889.6714,917.9986,15.0639,28.3272,-1.6728,1.6728,0.9442,0.6245,True,,34.3897,16.068,1916.015,31.9336
TT011,Phi,Nap1,Session 5,27,Response,917.9986,939.1807,15.4765,21.1821,-8.8179,8.8179,0.7061,0.7137,True,,32.519,24.993,1940.7696,32.3462
TT011,Phi,Nap1,Session 5,28,Response,939.1807,972.4594,15.9303,33.2787,3.2787,3.2787,1.1093,0.7806,True,,30.6379,19.568,1968.0,32.8
TT011,Phi,Nap1,Session 5,29,Response,972.4594,1000.8312,16.4441,28.3718,-1.6282,1.6282,0.9457,1.0037,True,,29.3621,18.951,1998.8253,33.3138
TT011,Phi,Nap1,Session 5,30,Response,1000.8312,1031.9687,16.94,31.1375,1.1375,1.1375,1.0379,0.7137,True,,28.4595,16.043,2028.58,33.8097
TT011,Phi,Nap1,Session 5,31,Response,1031.9687,1062.9055,17.4573,30.9368,0.9368,0.9368,1.0312,0.6691,True,,28.9814,16.197,2059.6171,34.327
TT011,Phi,Nap1,Session 5,32,Response,1062.9055,1090.8535,17.948,27.948,-2.052,2.052,0.9316,0.6691,True,,30.3346,7.227,2089.0595,34.8177
TT011,Phi,Nap1,Session 5,33,Response,1090.8535,1124.0207,18.4573,33.1672,3.1672,3.1672,1.1056,0.6022,True,,30.3123,7.109,2119.6171,35.327
TT011,Phi,Nap1,Session 5,34,Response,1124.0207,1146.6748,18.9225,22.6541,-7.3459,7.3459,0.7551,0.6022,True,,29.1687,14.023,2147.5277,35.7921
TT011,Phi,Nap1,Session 5,35,Response,1146.6748,1180.4743,19.3929,33.7995,3.7995,3.7995,1.1266,0.6022,True,,29.7011,15.343,2175.7546,36.2626
TT011,Phi,Nap1,Session 5,36,Response,1180.4743,1206.9949,19.8956,26.5206,-3.4794,3.4794,0.884,0.5799,True,,28.8179,16.254,2205.9146,36.7652
TT011,Phi,Nap1,Session 5,37,Response,1206.9949,1232.0579,20.3254,25.063,-4.937,4.937,0.8354,0.6245,True,,28.2409,17.655,2231.7064,37.1951
TT011,Phi,Nap1,Session 5,38,Response,1232.0579,1268.0209,20.834,35.963,5.963,5.963,1.1988,0.6914,True,,28.8,20.04,2262.2194,37.7037
TT011,Phi,Nap1,Session 5,39,Response,1268.0209,1294.4444,21.3539,26.4235,-3.5765,3.5765,0.8808,0.6914,True,,29.5539,16.771,2293.4126,38.2235
TT011,Phi,Nap1,Session 5,40,Response,1294.4444,1318.114,21.7713,23.6696,-6.3304,6.3304,0.789,0.736,True,,27.5279,17.643,2318.4592,38.641
TT011,Phi,Nap1,Session 5,41,Response,1318.114,1346.5449,22.2055,28.4309,-1.5691,1.5691,0.9477,0.6245,True,,27.91,17.315,2344.5094,39.0752
TT011,Phi,Nap1,Session 5,42,Response,1346.5449,1385.519,22.7672,38.9741,8.9741,8.9741,1.2991,0.6468,True,,30.6922,21.179,2378.212,39.6369
TT011,Phi,Nap1,Session 5,43,Response,1385.519,1409.2883,23.2901,23.7693,-6.2307,6.2307,0.7923,0.6468,True,,28.2535,22.345,2409.5836,40.1597
TT011,Phi,Nap1,Session 5,44,Response,1409.2883,1433.3555,23.6887,24.0672,-5.9328,5.9328,0.8022,0.5799,True,,27.7822,23.637,2433.5019,40.5584
TT011,Phi,Nap1,Session 5,45,Response,1433.3555,1461.5934,24.1246,28.2379,-1.7621,1.7621,0.9413,0.7137,True,,28.6959,21.455,2459.6544,40.9942
TT011,Phi,Nap1,Session 5,46,Response,1461.5934,1491.9503,24.6129,30.3569,0.3569,0.3569,1.0119,0.5576,True,,29.0811,21.306,2488.9518,41.4825
TT011,Phi,Nap1,Session 5,47,Response,1491.9503,1514.3145,25.0522,22.3642,-7.6358,7.6358,0.7455,0.5576,True,,25.7591,13.112,2515.3124,41.9219
TT011,Phi,Nap1,Session 5,48,Response,1514.3145,1559.14,25.6121,44.8255,14.8255,14.8255,1.4942,0.5353,True,,29.9703,29.681,2548.9072,42.4818
TT011,Phi,Nap1,Session 5,49,Response,1559.14,1589.3775,26.2376,30.2375,0.2375,0.2375,1.0079,0.5576,True,,31.2044,26.53,2586.4387,43.1073
TT011,Phi,Nap1,Session 5,50,Response,1589.3775,1607.727,26.6425,18.3495,-11.6505,11.6505,0.6117,0.5353,True,,29.2267,34.684,2610.7322,43.5122
TT011,Phi,Nap1,Session 5,51,Response,1607.727,1638.6192,27.0529,30.8922,0.8922,0.8922,1.0297,0.5799,True,,29.3338,34.618,2635.3531,43.9226
TT011,Phi,Nap1,Session 5,52,Response,1638.6192,1670.0545,27.5723,31.4353,1.4353,1.4353,1.0478,0.5353,True,,31.148,30.111,2666.5168,44.4419
TT011,Phi,Nap1,Session 5,53,Reset,1759.1099,1784.6937,29.5317,25.5838,-4.4162,4.4162,0.8528,0.7137,True,,27.2997,20.204,2784.0818,46.4014
TT011,Phi,Nap2,Session 6,1,Response,30.2373,58.4674,0.7392,28.2301,-1.7699,1.7699,0.941,0.6468,True,,,,3001.4024,50.0234
TT011,Phi,Nap2,Session 6,2,Response,58.4674,90.0811,1.2379,31.6137,1.6137,1.6137,1.0538,0.7137,True,,29.9219,7.996,3031.3242,50.5221
TT011,Phi,Nap2,Session 6,3,EndProbe,210.334,239.5904,3.7494,29.2564,-0.7436,0.7436,0.9752,0.6691,True,,29.7001,5.841,3182.0122,53.0335
TT011,Phi,Nap2,Session 6,4,Response,239.5904,270.0365,4.2469,30.4461,0.4461,0.4461,1.0149,0.5799,True,,29.8866,4.901,3211.8634,53.5311
TT011,Phi,Nap2,Session 6,5,Response,270.0365,297.6645,4.7308,27.628,-2.372,2.372,0.9209,0.6245,True,,29.4349,5.509,3240.9005,54.015
TT011,Phi,Nap2,Session 6,6,Response,297.6645,325.0995,5.1897,27.435,-2.565,2.565,0.9145,0.7137,True,,29.2758,6.144,3268.432,54.4739
TT011,Phi,Nap2,Session 6,7,Response,325.0995,354.3635,5.6622,29.264,-0.736,0.736,0.9755,0.6468,True,,28.8059,4.381,3296.7815,54.9464
TT011,Phi,Nap2,Session 6,8,EndProbe,494.202,539.2113,8.6118,45.0093,15.0093,15.0093,1.5003,0.736,True,,31.9565,23.159,3473.7566,57.8959
TT011,Phi,Nap2,Session 6,9,Response,539.2113,567.3076,9.221,28.0963,-1.9037,1.9037,0.9365,0.5799,True,,31.4865,24.114,3510.3094,58.5052
TT011,Phi,Nap2,Session 6,10,Response,567.3076,598.7128,9.7168,31.4052,1.4052,1.4052,1.0468,0.6245,True,,32.242,22.626,3540.0602,59.001
TT011,Phi,Nap2,Session 6,11,Response,598.7128,627.8429,10.2213,29.1301,-0.8699,0.8699,0.971,0.6022,True,,32.581,21.642,3570.3278,59.5055
TT011,Phi,Nap2,Session 6,12,Response,627.8429,659.6574,10.7292,31.8145,1.8145,1.8145,1.0605,0.6245,True,,33.0911,20.671,3600.8002,60.0133
TT011,Phi,Nap2,Session 6,13,Response,659.6574,689.025,11.239,29.3676,-0.6324,0.6324,0.9789,0.5576,True,,29.9627,5.288,3631.3912,60.5232
TT011,Phi,Nap2,Session 6,14,Response,689.025,720.3856,11.7451,31.3606,1.3606,1.3606,1.0454,0.6468,True,,30.6156,4.125,3661.7553,61.0293
TT011,Phi,Nap2,Session 6,15,Response,720.3856,751.7316,12.2676,31.346,1.346,1.346,1.0449,0.513,True,,30.6038,4.097,3693.1086,61.5518
TT011,Phi,Nap2,Session 6,16,Response,751.7316,786.0363,12.8147,34.3047,4.3047,4.3047,1.1435,0.513,True,,31.6387,5.578,3725.934,62.0989
TT011,Phi,Nap2,Session 6,17,EndProbe,944.57,974.5196,15.9924,29.9496,-0.0504,0.0504,0.9983,0.5799,True,,31.2657,6.108,3916.5948,65.2766
TT011,Phi,Nap2,Session 6,18,Response,974.5196,1010.1034,16.5385,35.5838,5.5838,5.5838,1.1861,0.5576,True,,32.5089,7.198,3949.3615,65.8227
TT011,Phi,Nap2,Session 6,19,Response,1010.1034,1048.8767,17.1582,38.7733,8.7733,8.7733,1.2924,0.5576,True,,33.9915,10.279,3986.54,66.4423
TT011,Phi,Nap2,Session 6,20,Response,1048.8767,1086.2147,17.7924,37.338,7.338,7.338,1.2446,0.513,True,,35.1899,9.622,4024.5957,67.0766
TT011,Phi,Nap2,Session 6,21,Response,1086.2147,1122.7576,18.4081,36.5429,6.5429,6.5429,1.2181,0.5353,True,,35.6375,9.505,4061.5362,67.6923
TT011,Phi,Nap2,Session 6,22,Response,1122.7576,1157.3522,19.0009,34.5946,4.5946,4.5946,1.1532,1.2936,True,,36.5665,4.393,4097.1049,68.2851
TT011,Phi,Nap2,Session 6,23,Response,1157.3522,1191.7316,19.5757,34.3794,4.3794,4.3794,1.146,0.513,True,,36.3256,5.122,4131.5919,68.8599
TT011,Phi,Nap2,Session 6,24,Response,1191.7316,1242.9137,20.2887,51.1821,21.1821,21.1821,1.7061,0.5576,True,,38.8074,18.119,4174.3726,69.5729
TT011,Phi,Nap2,Session 6,25,EndProbe,1341.862,1378.0699,22.6661,36.2079,6.2079,6.2079,1.2069,0.7137,True,,38.5814,18.424,4317.016,71.9503
TT011,Phi,Nap2,Session 6,26,Response,1378.0699,1410.4118,23.2373,32.3419,2.3419,2.3419,1.0781,0.6691,True,,37.7412,20.238,4351.2908,72.5215
TT011,Phi,Nap2,Session 6,27,Response,1410.4118,1456.8208,23.8936,46.409,16.409,16.409,1.547,0.6022,True,,40.1041,20.512,4390.6663,73.1778
TT011,Phi,Nap2,Session 6,28,Response,1456.8208,1492.5976,24.5785,35.7768,5.7768,5.7768,1.1926,0.6245,True,,40.3835,19.819,4431.7592,73.8627
TT011,Phi,Nap2,Session 6,29,Response,1492.5976,1528.7613,25.178,36.1637,6.1637,6.1637,1.2055,0.6245,True,,37.3799,14.177,4467.7294,74.4622
TT011,Phi,Nap2,Session 6,30,Response,1528.7613,1559.9657,25.7394,31.2044,1.2044,1.2044,1.0401,0.5799,True,,36.3792,16.498,4501.4135,75.0236
TT011,Phi,Nap2,Session 6,31,Response,1559.9657,1583.676,26.197,23.7103,-6.2897,6.2897,0.7903,0.5576,True,,34.6528,23.857,4528.8708,75.4812
TT011,Phi,Nap2,Session 6,32,Response,1583.676,1621.0809,26.7063,37.4049,7.4049,7.4049,1.2468,0.5799,True,,32.852,17.12,4559.4284,75.9905
TT011,Phi,Nap2,Session 6,33,EndProbe,1719.946,1754.189,28.9511,34.243,4.243,4.243,1.1414,1.3159,True,,32.5453,16.791,4694.1175,78.2353
TT011,Phi,Nap2,Session 6,34,Response,1754.189,1788.3414,29.5211,34.1524,4.1524,4.1524,1.1384,0.6022,True,,32.143,16.175,4728.3152,78.8053
TT011,Phi,Nap2,Session 6,35,Response,1788.3414,1821.9101,30.0854,33.5687,3.5687,3.5687,1.119,0.5576,True,,32.6159,15.943,4762.1758,79.3696
TT011,Phi,Nap2,Session 6,36,Response,1821.9101,1846.1255,30.567,24.2154,-5.7846,5.7846,0.8072,0.6245,True,,32.7169,15.234,4791.0678,79.8511
TT011,Phi,Nap2,Session 6,37,Response,1846.1255,1891.7464,31.1489,45.6209,15.6209,15.6209,1.5207,0.6691,True,,34.3601,22.088,4825.986,80.4331
TT011,Phi,Nap2,Session 6,38,Response,1891.7464,1933.263,31.8751,41.5166,11.5166,11.5166,1.3839,0.6022,True,,35.8148,22.983,4869.5547,81.1592
TT011,Phi,Nap2,Session 6,39,Response,1933.263,1967.5086,32.5064,34.2456,4.2456,4.2456,1.1415,0.6022,True,,35.8334,22.958,4907.4358,81.7906
TT011,Phi,Nap2,Session 6,40,Response,1967.5086,2006.661,33.1181,39.1524,9.1524,9.1524,1.3051,0.5353,True,,36.9502,22.25,4944.1348,82.4022
TT011,Phi,Nap2,Session 6,41,EndProbe,2104.248,2141.6348,35.3824,37.3868,7.3868,7.3868,1.2462,0.5799,True,,39.5845,10.843,5079.9914,84.6665
TT011,Phi,Nap2,Session 6,42,Response,2141.6348,2174.4306,35.9672,32.7958,2.7958,2.7958,1.0932,0.6914,True,,37.0194,9.593,5115.0827,85.2514
TT011,Phi,Nap2,Session 6,43,Response,2174.4306,2198.1331,36.438,23.7025,-6.2975,6.2975,0.7901,0.6245,True,,33.4566,17.939,5143.3319,85.7222
TT011,Phi,Nap2,Session 6,44,Response,2198.1331,2229.4936,36.8969,31.3605,1.3605,1.3605,1.0454,0.6468,True,,32.8796,18.387,5170.8634,86.1811
TT011,Phi,Nap2,Session 6,45,Response,2229.4936,2271.1888,37.5057,41.6952,11.6952,11.6952,1.3898,0.7137,True,,33.3882,20.273,5207.3912,86.7899
TT011,Phi,Nap2,Session 6,46,Reset,2350.6088,2379.7613,39.4198,29.1525,-0.8475,0.8475,0.9718,0.5353,True,,31.7413,20.639,5322.235,88.7039
TT011,Phi,Nap2,Session 6,47,Response,2379.7613,2421.1441,40.0075,41.3828,11.3828,11.3828,1.3794,0.5799,True,,33.4587,23.57,5357.5027,89.2917
TT011,Phi,Nap2,Session 6,48,Response,2421.1441,2463.8061,40.7079,42.662,12.662,12.662,1.4221,0.5799,True,,37.2506,17.314,5399.5251,89.9921
TT011,Phi,Nap2,Session 6,49,Response,2463.8061,2498.5792,41.3532,34.7731,4.7731,4.7731,1.1591,0.5353,True,,37.9331,15.343,5438.2426,90.6374
TT011,Phi,Nap2,Session 6,50,Response,2498.5792,2525.3674,41.8662,26.7882,-3.2118,3.2118,0.8929,0.513,True,,34.9517,20.287,5469.0233,91.1504
TT011,Phi,Nap2,Session 6,51,Response,2525.3674,2559.4936,42.3738,34.1262,4.1262,4.1262,1.1375,0.6245,True,,35.9465,17.77,5499.4805,91.658
TT011,Phi,Nap2,Session 6,52,Reset,2610.3189,2642.6162,43.7745,32.2973,2.2973,2.2973,1.0766,0.6245,True,,34.1294,16.734,5583.5176,93.0586
TT011,Phi,Nap2,Session 6,53,Response,2642.6162,2678.713,44.3444,36.0968,6.0968,6.0968,1.2032,0.5576,True,,32.8163,11.083,5617.7146,93.6286
TT011,Phi,Nap2,Session 6,54,Response,2678.713,2696.3042,44.7918,17.5912,-12.4088,12.4088,0.5864,0.5799,True,,29.3799,25.348,5644.5586,94.076
TT011,Phi,Nap2,Session 6,55,Response,2696.3042,2722.9731,45.1606,26.6689,-3.3311,3.3311,0.889,0.6468,True,,29.3561,25.405,5666.6886,94.4448
TT011,Phi,Nap2,Session 6,56,Reset,2744.4529,2773.6645,45.9843,29.2116,-0.7884,0.7884,0.9737,0.5799,True,,28.3732,24.603,5716.1087,95.2685
TT011,Phi,Nap2,Session 6,57,Reset,2812.8392,2847.8654,47.1725,35.0262,5.0262,5.0262,1.1675,0.5799,True,,28.9189,25.778,5787.4023,96.4567
TT011,Phi,Nap2,Session 6,58,Response,2847.8654,2875.9027,47.6981,28.0373,-1.9627,1.9627,0.9346,0.6245,True,,27.307,23.056,5818.934,96.9822
TT011,Phi,Nap2,Session 6,59,Response,2875.9027,2905.1667,48.1756,29.264,-0.736,0.736,0.9755,0.6468,True,,29.6416,10.766,5847.5847,97.4597
TT011,Phi,Nap2,Session 6,60,Reset,2923.5162,2957.3525,49.0072,33.8363,3.8363,3.8363,1.1279,0.5799,True,,31.0751,10.076,5897.4844,98.2914
TT011,Phi,Nap2,Session 6,61,EndProbe,3102.358,3134.2968,51.9721,31.9388,1.9388,1.9388,1.0646,0.6914,True,,31.6205,9.355,6075.3774,101.2563
TT011,Phi,Nap2,Session 6,62,Response,3134.2968,3168.1554,52.5204,33.8586,3.8586,3.8586,1.1286,0.6468,True,,31.387,8.45,6108.2761,101.8046
TT011,Phi,Nap2,Session 6,63,Reset,3246.3003,3273.2223,54.3294,26.922,-3.078,3.078,0.8974,0.6245,True,,31.1639,9.707,6216.8113,103.6135
TT011,Phi,Nap2,Session 6,64,EndProbe,3501.212,3523.3115,58.5377,22.0995,-7.9005,7.9005,0.7367,0.7583,True,,29.731,17.224,6469.3117,107.8219
TT011,Phi,Nap2,Session 6,65,EndProbe,3768.688,3798.2127,63.0575,29.5247,-0.4753,0.4753,0.9842,1.3159,True,,28.8687,15.908,6740.5004,112.3417
TT011,Phi,Nap2,Session 6,66,Response,3798.2127,3824.3686,63.5215,26.1559,-3.8441,3.8441,0.8719,0.6468,True,,27.7121,15.689,6768.3406,112.8057
TT011,Phi,Nap2,Session 6,67,Response,3824.3686,3866.763,64.0928,42.3944,12.3944,12.3944,1.4131,0.5799,True,,29.4193,26.265,6802.6158,113.3769
TT011,Phi,Nap2,Session 6,68,Response,3866.763,3883.8412,64.5884,17.0782,-12.9218,12.9218,0.5693,0.5576,True,,27.4505,34.824,6832.3521,113.8725
TT011,Phi,Nap2,Session 6,69,EndProbe,4140.836,4183.4765,69.3693,42.6405,12.6405,12.6405,1.4213,0.6691,True,,31.5587,34.828,7119.2062,118.6534
TT011,Phi,Nap2,Session 6,70,Response,4183.4765,4210.3762,69.9488,26.8997,-3.1003,3.1003,0.8967,0.513,True,,31.0337,36.006,7153.9763,119.2329
TT011,Phi,Nap2,Session 6,71,EndProbe,4348.272,4380.4208,72.7391,32.1488,2.1488,2.1488,1.0716,0.6691,True,,32.2323,33.619,7321.3964,122.0233
TT011,Phi,Nap2,Session 6,72,Response,4380.4208,4413.0527,73.2789,32.6319,2.6319,2.6319,1.0877,0.5799,True,,30.2798,30.783,7353.7868,122.5631
TT011,Phi,Nap2,Session 6,73,Reset,4447.0529,4476.2199,74.3606,29.167,-0.833,0.833,0.9722,0.6022,True,,32.6976,18.429,7418.6864,123.6448
TT011,Phi,Nap2,Session 6,74,EndProbe,4783.93,4818.4358,80.0197,34.5058,4.5058,4.5058,1.1502,0.6245,True,,31.0706,9.712,7758.2329,129.3039
TT011,Phi,Nap2,Session 6,75,Response,4818.4358,4859.9524,80.6532,41.5166,11.5166,11.5166,1.3839,0.4907,True,,33.994,13.593,7796.2441,129.9374
TT011,Phi,Nap2,Session 6,76,Response,4859.9524,4909.2833,81.4103,49.3309,19.3309,19.3309,1.6444,0.5353,True,,37.4304,21.464,7841.6678,130.6945
TT011,Phi,Nap2,Session 6,77,Response,4909.2833,4942.4059,82.0974,33.1226,3.1226,3.1226,1.1041,0.5576,True,,37.5286,21.22,7882.8946,131.3816
TT011,Phi,Nap2,Session 6,78,Response,4942.4059,4981.023,82.6952,38.6171,8.6171,8.6171,1.2872,0.5353,True,,39.4186,16.395,7918.7644,131.9794
TT011,Phi,Nap2,Session 6,79,EndProbe,5224.962,5260.1086,87.3756,35.1466,5.1466,5.1466,1.1716,0.5799,True,,39.5468,16.048,8199.5853,136.6598
TT011,Phi,Nap2,Session 6,80,Response,5260.1086,5295.2831,87.9616,35.1745,5.1745,5.1745,1.1725,0.6691,True,,38.2783,16.946,8234.7458,137.2458
TT011,Phi,Nap2,Session 6,81,Response,5295.2831,5316.4953,88.4315,21.2122,-8.7878,8.7878,0.7071,0.513,True,,32.6546,20.501,8262.9392,137.7157
TT011,Phi,Wake1,Session 4,1,Response,29.6927,56.9231,0.7218,27.2304,-2.7696,2.7696,0.9077,0.5799,True,,,,43.3079,0.7218
TT011,Phi,Wake1,Session 4,2,Response,56.9231,84.0013,1.1744,27.0782,-2.9218,2.9218,0.9026,0.5576,True,,27.1543,0.396,70.4622,1.1744
TT011,Phi,Wake1,Session 4,3,Response,84.0013,111.414,1.6285,27.4127,-2.5873,2.5873,0.9138,0.6245,True,,27.2404,0.615,97.7076,1.6285
TT011,Phi,Wake1,Session 4,4,Response,111.414,141.7932,2.1101,30.3792,0.3792,0.3792,1.0126,0.6245,True,,28.0251,5.621,126.6036,2.1101
TT011,Phi,Wake1,Session 4,5,Response,141.7932,173.6667,2.6288,31.8735,1.8735,1.8735,1.0625,0.5353,True,,28.7948,7.627,157.73,2.6288
TT011,Phi,Wake1,Session 4,6,Response,173.6667,205.3618,3.1586,31.6951,1.6951,1.6951,1.0565,0.5576,True,,29.6877,7.768,189.5142,3.1586
TT011,Phi,Wake1,Session 4,7,Response,205.3618,237.7037,3.6922,32.3419,2.3419,2.3419,1.0781,0.6245,True,,30.7405,6.499,221.5328,3.6922
TT011,Phi,Wake1,Session 4,8,Response,237.7037,267.5699,4.2106,29.8662,-0.1338,0.1338,0.9955,0.6245,True,,31.2312,3.377,252.6368,4.2106
TT011,Phi,Wake1,Session 4,9,Response,267.5699,302.217,4.7482,34.6471,4.6471,4.6471,1.1549,0.6022,True,,32.0848,5.342,284.8935,4.7482
TT011,Phi,Wake1,Session 4,10,Response,302.217,336.0532,5.3189,33.8362,3.8362,3.8362,1.1279,0.5799,True,,32.4773,5.761,319.1351,5.3189
TT011,Phi,Wake1,Session 4,11,Response,336.0532,369.362,5.8785,33.3088,3.3088,3.3088,1.1103,0.5799,True,,32.8,5.614,352.7076,5.8785
TT011,Phi,Wake1,Session 4,12,Response,369.362,406.3655,6.4644,37.0035,7.0035,7.0035,1.2335,0.6468,True,,33.7324,7.655,387.8638,6.4644
TT011,Phi,Wake1,Session 4,13,Response,406.3655,442.9307,7.0775,36.5652,6.5652,6.5652,1.2188,0.6022,True,,35.0722,4.68,424.6481,7.0775
TT011,Phi,Wake1,Session 4,14,Response,442.9307,480.3211,7.6938,37.3904,7.3904,7.3904,1.2463,0.6468,True,,35.6208,5.339,461.6259,7.6938
TT011,Phi,Wake1,Session 4,15,Response,480.3211,520.3657,8.3391,40.0446,10.0446,10.0446,1.3348,0.6914,True,,36.8625,6.525,500.3434,8.3391
TT011,Phi,Wake1,Session 4,16,Response,520.3657,553.2875,8.9471,32.9218,2.9218,2.9218,1.0974,0.7806,True,,36.7851,6.932,536.8266,8.9471
TT011,Phi,Wake1,Session 4,17,Response,553.2875,596.8785,9.5847,43.591,13.591,13.591,1.453,0.5576,True,,38.1026,10.466,575.083,9.5847
TT011,Phi,Wake1,Session 4,18,Response,596.8785,636.9086,10.2816,40.0301,10.0301,10.0301,1.3343,0.5799,True,,38.7956,10.193,616.8936,10.2816
TT011,Phi,Wake1,Session 4,19,Response,636.9086,673.689,10.9216,36.7804,6.7804,6.7804,1.226,0.6691,True,,38.6736,10.389,655.2988,10.9216
TT011,Phi,Wake1,Session 4,20,Response,673.689,714.9603,11.5721,41.2713,11.2713,11.2713,1.3757,0.6245,True,,38.9189,10.682,694.3246,11.5721
TT011,Phi,Wake1,Session 4,21,Response,714.9603,752.0385,12.225,37.0782,7.0782,7.0782,1.2359,0.5576,True,,39.7502,7.237,733.4994,12.225
TT011,Phi,Wake1,Session 4,22,Response,752.0385,792.15,12.8682,40.1115,10.1115,10.1115,1.337,0.7137,True,,39.0543,5.131,772.0942,12.8682
TT011,Phi,Wake1,Session 4,23,Response,792.15,836.9454,13.5758,44.7954,14.7954,14.7954,1.4932,0.6022,True,,40.0074,8.245,814.5477,13.5758
TT011,Phi,Wake1,Session 4,24,Response,836.9454,873.3768,14.2527,36.4314,6.4314,6.4314,1.2144,0.5576,True,,39.9376,8.48,855.1611,14.2527
TT011,Phi,Wake2,Session 8,1,Response,29.7583,64.4868,0.7854,34.7285,4.7285,4.7285,1.1576,0.6914,True,,,,8489.4726,141.4912
TT011,Phi,Wake2,Session 8,2,Response,64.4868,96.338,1.3402,31.8512,1.8512,1.8512,1.0617,0.6691,True,,33.2899,6.112,8522.7624,142.046
TT011,Phi,Wake2,Session 8,3,Response,96.338,131.8103,1.9012,35.4723,5.4723,5.4723,1.1824,0.6914,True,,34.0173,5.622,8556.4242,142.6071
TT011,Phi,Wake2,Session 8,4,Response,131.8103,168.4123,2.5019,36.602,6.602,6.602,1.2201,0.6914,True,,34.6635,5.847,8592.4613,143.2077
TT011,Phi,Wake2,Session 8,5,Response,168.4123,208.0108,3.1369,39.5985,9.5985,9.5985,1.32,0.6691,True,,35.6505,7.91,8630.5616,143.8427
TT011,Phi,Wake2,Session 8,6,Response,208.0108,243.7507,3.7647,35.7399,5.7399,5.7399,1.1913,0.7583,True,,35.8528,7.735,8668.2308,144.4705
TT011,Phi,Wake2,Session 8,7,Response,243.7507,282.1672,4.3826,38.4165,8.4165,8.4165,1.2805,0.7583,True,,37.1658,4.795,8705.309,145.0885
TT011,Phi,Wake2,Session 8,8,Response,282.1672,323.9292,5.0508,41.762,11.762,11.762,1.3921,0.6468,True,,38.4238,6.247,8745.3982,145.7566
TT011,Phi,Wake2,Session 8,9,Response,323.9292,365.312,5.7437,41.3828,11.3828,11.3828,1.3794,0.6245,True,,39.3799,6.209,8786.9706,146.4495
TT011,Phi,Wake2,Session 8,10,Response,365.312,399.7282,6.3753,34.4162,4.4162,4.4162,1.1472,0.6468,True,,38.3435,8.564,8824.8701,147.0812
TT011,Phi,Wake2,Session 8,11,Response,399.7282,441.4534,7.0098,41.7252,11.7252,11.7252,1.3908,0.6245,True,,39.5405,8.06,8862.9408,147.7157
TT011,Phi,Wake2,Session 8,12,Response,441.4534,489.5721,7.7585,48.1187,18.1187,18.1187,1.604,0.6022,True,,41.481,11.694,8907.8628,148.4644
TT011,Phi,Wake2,Session 8,13,Response,489.5721,529.5275,8.4925,39.9554,9.9554,9.9554,1.3318,0.7137,True,,41.1197,11.896,8951.8998,149.1983
TT011,Phi,Wake2,Session 8,14,Response,529.5275,576.7395,9.2189,47.212,17.212,17.212,1.5737,0.6022,True,,42.2855,13.271,8995.4835,149.9247
TT011,Phi,Wake2,Session 8,15,Response,576.7395,610.2713,9.8918,33.5318,3.5318,3.5318,1.1177,0.6022,True,,42.1086,14.075,9035.8554,150.5976
TT011,Phi,Wake2,Session 8,16,Response,610.2713,648.7914,10.4922,38.5201,8.5201,8.5201,1.284,0.7583,True,,41.4676,14.826,9071.8814,151.198
TT011,Phi,Wake2,Session 8,17,Response,648.7914,698.7546,11.2296,49.9632,19.9632,19.9632,1.6654,0.6691,True,,41.8365,15.965,9116.123,151.9354
TT011,Phi,Wake2,Session 8,18,Response,698.7546,729.2899,11.9004,30.5353,0.5353,0.5353,1.0178,0.6245,True,,39.9525,21.123,9156.3722,152.6062
TT011,Phi,Wake2,Session 8,19,Response,729.2899,773.3939,12.5224,44.104,14.104,14.104,1.4701,0.6691,True,,39.3309,19.999,9193.6919,153.2282
TT011,Phi,Wake2,Session 8,20,Response,773.3939,814.4868,13.2323,41.0929,11.0929,11.0929,1.3698,0.6245,True,,40.8431,17.55,9236.2904,153.9382
TT011,Phi,Wake2,Session 8,21,Response,814.4868,866.1596,14.0054,51.6728,21.6728,21.6728,1.7224,0.6468,True,,43.4736,19.341,9282.6732,154.7112
TT012,Ilo,Nap1,Session 4,1,Response,34.1438,65.3904,0.8295,31.2466,1.2466,1.2466,1.0416,0.7343,True,,,,1077.8971,17.965
TT012,Ilo,Nap1,Session 4,2,Response,65.3904,94.7756,1.3347,29.3852,-0.6148,0.6148,0.9795,0.7514,True,,30.3159,4.342,1108.213,18.4702
TT012,Ilo,Nap1,Session 4,3,Response,94.7756,125.1342,1.8326,30.3586,0.3586,0.3586,1.012,0.7855,True,,30.3301,3.07,1138.0849,18.9681
TT012,Ilo,Nap1,Session 4,4,Reset,170.0401,199.7669,3.0817,29.7268,-0.2732,0.2732,0.9909,0.8709,True,,30.1793,2.71,1213.0335,20.2172
TT012,Ilo,Nap1,Session 4,5,Reset,222.3557,251.8092,3.9514,29.4535,-0.5465,0.5465,0.9818,0.666,True,,30.0341,2.594,1265.2124,21.0869
TT012,Ilo,Nap1,Session 4,6,Reset,266.707,293.2505,4.6663,26.5435,-3.4565,3.4565,0.8848,0.6831,True,,29.0935,5.075,1308.1088,21.8018
TT012,Ilo,Nap2,Session 5,1,Response,34.2557,69.1193,0.8615,34.8636,4.8636,4.8636,1.1621,0.6745,True,,,,1631.3075,27.1885
TT012,Ilo,Nap2,Session 5,2,Response,69.1193,104.2201,1.4445,35.1008,5.1008,5.1008,1.17,0.6148,True,,34.9822,0.479,1666.2897,27.7715
TT012,Ilo,Nap2,Session 5,3,EndProbe,230.784,258.3097,4.0758,27.5257,-2.4743,2.4743,0.9175,0.7001,True,,32.4967,13.253,1824.1668,30.4028
TT012,Ilo,Nap2,Session 5,4,Response,258.3097,289.9661,4.569,31.6564,1.6564,1.6564,1.0552,0.5806,True,,32.2866,10.969,1853.7579,30.896
TT012,Ilo,Nap2,Session 5,5,Response,289.9661,316.8669,5.0569,26.9008,-3.0992,3.0992,0.8967,0.6489,True,,31.2095,12.495,1883.0365,31.3839
TT012,Ilo,Nap2,Session 5,6,Response,316.8669,346.5083,5.5281,29.6414,-0.3586,0.3586,0.988,0.6233,True,,30.165,11.055,1911.3076,31.8551
TT012,Ilo,Nap2,Session 5,7,Response,346.5083,374.9202,6.0119,28.4119,-1.5881,1.5881,0.9471,0.666,True,,28.8272,6.546,1940.3342,32.3389
TT012,Ilo,Nap2,Session 5,8,EndProbe,487.132,516.9796,8.3676,29.8476,-0.1524,0.1524,0.9949,0.7001,True,,29.2916,6.038,2081.6758,34.6946
TT012,Ilo,Nap2,Session 5,9,Reset,590.7365,621.5561,10.1024,30.8196,0.8196,0.8196,1.0273,0.6318,True,,29.1243,5.183,2185.7663,36.4294
TT012,Ilo,Nap2,Session 5,10,Response,621.5561,650.7365,10.6024,29.1804,-0.8196,0.8196,0.9727,0.7343,True,,29.5802,2.993,2215.7663,36.9294
TT012,Ilo,Nap2,Session 5,11,Response,650.7365,666.6723,10.9784,15.9358,-14.0642,14.0642,0.5312,0.5038,True,,26.8391,22.948,2238.3244,37.3054
TT012,Ilo,Nap2,Session 5,12,EndProbe,900.988,959.4196,15.5034,58.4316,28.4316,28.4316,1.9477,0.5977,True,,32.843,47.344,2509.8238,41.8304
TT012,Ilo,Nap2,Session 5,13,Reset,1305.9668,1335.3179,22.0107,29.3511,-0.6489,0.6489,0.9784,0.7514,True,,32.7437,47.565,2900.2624,48.3377
TT012,Ilo,Nap2,Session 5,14,EndProbe,1860.286,1876.5132,31.14,16.2272,-13.7728,13.7728,0.5409,0.7001,True,,29.8252,57.996,3448.0196,57.467
TT012,Ilo,Nap2,Session 5,15,Response,1876.5132,1927.309,31.6985,50.7958,20.7958,20.7958,1.6932,0.5806,True,,34.1483,57.51,3481.5311,58.0255
TT012,Ilo,Nap2,Session 5,16,Response,1927.309,1973.3097,32.5052,46.0007,16.0007,16.0007,1.5334,0.4781,True,,40.1613,42.598,3529.9294,58.8322
TT012,Ilo,Nap2,Session 5,17,Reset,1975.6833,2004.5221,33.1684,28.8388,-1.1612,1.1612,0.9613,0.6831,True,,34.2427,41.039,3569.7227,59.4954
TT012,Ilo,Nap2,Session 5,18,Response,2004.5221,2018.0091,33.5211,13.487,-16.513,16.513,0.4496,0.5123,True,,31.0699,54.49,3590.8856,59.8481
TT012,Ilo,Nap2,Session 5,19,EndProbe,2182.022,2210.3042,36.6027,28.2822,-1.7178,1.7178,0.9427,0.9051,True,,33.4809,44.923,3775.7831,62.9297
TT012,Ilo,Nap2,Session 5,20,Response,2210.3042,2226.2844,36.9716,15.9802,-14.0198,14.0198,0.5327,0.7172,True,,26.5178,48.767,3797.9143,63.2986
TT012,Ilo,Nap2,Session 5,21,Reset,2247.4593,2276.8445,37.7025,29.3852,-0.6148,0.6148,0.9795,0.8026,True,,23.1947,33.558,3841.7719,64.0295
TT012,Ilo,Nap2,Session 5,22,Response,2276.8445,2306.0078,38.1904,29.1633,-0.8367,0.8367,0.9721,0.7514,True,,23.2596,33.723,3871.0462,64.5174
TT012,Ilo,Nap2,Session 5,23,Response,2306.0078,2340.8062,38.7234,34.7984,4.7984,4.7984,1.1599,0.7855,True,,27.5219,25.233,3903.027,65.0504
TT012,Ilo,Nap2,Session 5,24,Response,2340.8062,2375.294,39.3008,34.4878,4.4878,4.4878,1.1496,0.7514,True,,28.763,26.543,3937.6701,65.6278
TT012,Ilo,Nap2,Session 5,25,Reset,2397.2202,2428.8254,40.217,31.6052,1.6052,1.6052,1.0535,0.8026,True,,31.888,8.443,3992.6428,66.544
TT012,Ilo,Nap2,Session 5,26,Response,2428.8254,2459.7987,40.7385,30.9733,0.9733,0.9733,1.0324,0.7343,True,,32.2056,7.456,4023.932,67.0655
TT012,Ilo,Nap2,Session 5,27,EndProbe,2659.182,2689.8773,44.5755,30.6953,0.6953,0.6953,1.0232,0.7172,True,,32.512,6.078,4254.1496,70.9025
TT012,Ilo,Nap2,Session 5,28,Response,2689.8773,2719.5187,45.0783,29.6414,-0.3586,0.3586,0.988,0.9392,True,,31.4806,5.796,4284.318,71.4053
TT012,Ilo,Nap2,Session 5,29,Response,2719.5187,2749.8944,45.5784,30.3757,0.3757,0.3757,1.0125,0.9904,True,,30.6582,2.37,4314.3266,71.9054
TT012,Ilo,Nap2,Session 5,30,Response,2749.8944,2759.7987,45.9141,9.9043,-20.0957,20.0957,0.3301,0.8197,True,,26.318,34.915,4334.4666,72.2411
TT012,Ilo,Nap2,Session 5,31,Response,2759.7987,2789.8158,46.2468,30.0171,0.0171,0.0171,1.0006,0.9221,True,,26.1268,34.743,4354.4272,72.5738
TT012,Ilo,Nap2,Session 5,32,Response,2789.8158,2808.6136,46.6536,18.7978,-11.2022,11.2022,0.6266,0.8538,True,,23.7473,38.486,4378.8347,72.9806
TT012,Ilo,Nap2,Session 5,33,Reset,2826.1478,2856.0453,47.3516,29.8975,-0.1025,0.1025,0.9966,0.888,True,,23.7985,38.579,4420.7166,73.6786
TT012,Ilo,Nap2,Session 5,34,EndProbe,3188.886,3207.2714,53.3013,18.3854,-11.6146,11.6146,0.6128,1.1783,True,,21.4004,40.093,4777.6987,79.6283
TT012,Ilo,Nap2,Session 5,35,Response,3207.2714,3282.9442,54.0851,75.6728,45.6728,45.6728,2.5224,0.9392,True,,34.5541,68.526,4824.7278,80.4121
TT012,Ilo,Nap2,Session 5,36,EndProbe,3464.816,3496.8889,58.0142,32.0729,2.0729,2.0729,1.0691,0.7172,True,,34.9653,67.489,5060.4724,84.3412
TT012,Ilo,Nap2,Session 5,37,Response,3496.8889,3507.9545,58.3737,11.0656,-18.9344,18.9344,0.3689,0.8197,True,,33.4188,75.185,5082.0417,84.7007
TT012,Ilo,Nap2,Session 5,38,EndProbe,3699.534,3728.5761,61.9009,29.0421,-0.9579,0.9579,0.9681,1.3661,True,,33.2478,75.671,5293.675,88.2279
TT012,Ilo,Nap2,Session 5,39,Response,3728.5761,3758.7639,62.3945,30.1878,0.1878,0.1878,1.0063,0.7343,True,,35.6082,67.232,5323.29,88.7215
TT012,Ilo,Nap2,Session 5,40,Response,3758.7639,3789.4982,62.9022,30.7343,0.7343,0.7343,1.0245,0.8197,True,,26.6205,32.92,5353.751,89.2292
TT012,Ilo,Nap2,Session 5,41,Response,3789.4982,3819.003,63.4042,29.5048,-0.4952,0.4952,0.9835,0.8367,True,,26.1069,32.302,5383.8706,89.7312
TT012,Ilo,Nap2,Session 5,42,Response,3819.003,3839.3377,63.8195,20.3347,-9.6653,9.6653,0.6778,0.8197,True,,27.9607,15.42,5408.7904,90.1465
TT012,Ilo,Nap2,Session 5,43,Response,3839.3377,3870.6013,64.2495,31.2636,1.2636,1.2636,1.0421,0.7855,True,,28.405,16.048,5434.5895,90.5765
TT012,Ilo,Nap2,Session 5,44,Response,3870.6013,3892.1997,64.69,21.5984,-8.4016,8.4016,0.7199,1.0417,True,,26.6872,19.785,5461.0205,91.017
TT012,Ilo,Nap2,Session 5,45,Reset,3945.4374,3958.6546,65.8674,13.2172,-16.7828,16.7828,0.4406,0.8026,True,,23.1837,31.638,5531.666,92.1944
TT012,Ilo,Nap2,Session 5,46,Reset,3975.7789,4004.464,66.502,28.6851,-1.3149,1.3149,0.9562,0.8367,True,,23.0198,31.128,5569.7414,92.829
TT012,Ilo,Nap2,Session 5,47,Response,4004.464,4033.5248,66.9832,29.0608,-0.9392,0.9392,0.9687,0.8538,True,,24.765,29.908,5598.6144,93.3102
TT012,Ilo,Nap2,Session 5,48,Reset,4097.7427,4117.6334,68.4615,19.8907,-10.1093,10.1093,0.663,1.0417,True,,22.4904,29.417,5687.308,94.7885
TT012,Ilo,Nap2,Session 5,49,Reset,4155.4716,4185.2325,69.5059,29.7609,-0.2391,0.2391,0.992,0.8538,True,,24.1229,30.309,5749.972,95.8329
TT012,Ilo,Nap2,Session 5,50,Response,4185.2325,4215.4886,70.006,30.2561,0.2561,0.2561,1.0085,0.888,True,,27.5307,15.67,5779.9805,96.333
TT012,Ilo,Nap2,Session 5,51,Response,4215.4886,4234.061,70.4129,18.5724,-11.4276,11.4276,0.6191,1.2637,True,,25.5082,22.598,5804.3948,96.7399
TT012,Ilo,Nap2,Session 5,52,Reset,4252.5002,4271.8479,71.0362,19.3477,-10.6523,10.6523,0.6449,1.2466,True,,23.5656,25.048,5841.794,97.3632
TT012,Ilo,Nap2,Session 5,53,Reset,4292.6095,4321.0214,71.7803,28.4119,-1.5881,1.5881,0.9471,0.9051,True,,25.2698,22.976,5886.4354,98.1073
TT012,Ilo,Nap2,Session 5,54,Reset,4370.3315,4379.9798,72.9193,9.6483,-20.3517,20.3517,0.3216,1.5198,True,,21.2473,39.222,5954.7757,99.2463
TT012,Ilo,Wake1,Session 3,1,Response,33.3597,65.7119,0.8256,32.3522,2.3522,2.3522,1.0784,0.6873,True,,,,49.5358,0.8256
TT012,Ilo,Wake1,Session 3,2,Response,65.7119,96.8347,1.3546,31.1228,1.1228,1.1228,1.0374,0.7343,True,,31.7375,2.739,81.2733,1.3546
TT012,Ilo,Wake1,Session 3,3,Response,96.8347,127.3257,1.868,30.491,0.491,0.491,1.0164,0.6489,True,,31.322,3.022,112.0802,1.868
TT012,Ilo,Wake1,Session 3,4,Response,127.3257,157.2019,2.3711,29.8762,-0.1238,0.1238,0.9959,0.619,True,,30.9606,3.418,142.2638,2.3711
TT012,Ilo,Wake1,Session 3,5,Response,157.2019,187.9148,2.876,30.7129,0.7129,0.7129,1.0238,0.6318,True,,30.911,2.986,172.5584,2.876
TT012,Ilo,Wake1,Session 3,6,Response,187.9148,218.6798,3.3883,30.765,0.765,0.765,1.0255,0.6318,True,,30.5936,1.506,203.2973,3.3883
TT012,Ilo,Wake1,Session 3,7,Response,218.6798,248.7994,3.8957,30.1196,0.1196,0.1196,1.004,0.5977,True,,30.3929,1.266,233.7396,3.8957
TT012,Ilo,Wake1,Session 3,8,Response,248.7994,280.063,4.4072,31.2636,1.2636,1.2636,1.0421,0.6574,True,,30.5475,1.809,264.4312,4.4072
TT012,Ilo,Wake1,Session 3,9,Response,280.063,312.1686,4.9353,32.1056,2.1056,2.1056,1.0702,0.8709,True,,30.9933,2.395,296.1158,4.9353
TT012,Ilo,Wake1,Session 3,10,Response,312.1686,342.9712,5.4595,30.8026,0.8026,0.8026,1.0268,0.6831,True,,31.0113,2.37,327.5699,5.4595
TT012,Ilo,Wake1,Session 3,11,Response,342.9712,373.6115,5.9715,30.6403,0.6403,0.6403,1.0213,0.6489,True,,30.9863,2.412,358.2913,5.9715
TT012,Ilo,Wake1,Session 3,12,Response,373.6115,403.8079,6.4785,30.1964,0.1964,0.1964,1.0065,0.7001,True,,31.0017,2.34,388.7097,6.4785
TT012,Ilo,Wake1,Session 3,13,Response,403.8079,433.3981,6.9767,29.5902,-0.4098,0.4098,0.9863,0.7428,True,,30.667,3.037,418.603,6.9767
TT012,Ilo,Wake1,Session 3,14,Response,433.3981,463.381,7.4732,29.9829,-0.0171,0.0171,0.9994,0.6831,True,,30.2425,1.626,448.3896,7.4732
TT012,Ilo,Wake1,Session 3,15,Response,463.381,493.0053,7.9699,29.6243,-0.3757,0.3757,0.9875,0.6318,True,,30.0068,1.45,478.1931,7.9699
TT012,Ilo,Wake1,Session 3,16,Response,493.0053,522.3906,8.4616,29.3853,-0.6147,0.6147,0.9795,0.6574,True,,29.7558,1.099,507.698,8.4616
TT012,Ilo,Wake1,Session 3,17,Response,522.3906,584.8923,9.2274,62.5017,32.5017,32.5017,2.0834,0.9734,True,,36.2169,40.576,553.6414,9.2274
TT012,Ilo,Wake1,Session 3,18,Response,584.8923,614.0299,9.991,29.1376,-0.8624,0.8624,0.9713,0.6489,True,,36.1264,40.822,599.4611,9.991
TT012,Ilo,Wake1,Session 3,19,Response,614.0299,643.5432,10.4798,29.5133,-0.4867,0.4867,0.9838,0.6574,True,,36.0324,41.068,628.7866,10.4798
TT012,Ilo,Wake1,Session 3,20,Response,643.5432,672.049,10.9633,28.5058,-1.4942,1.4942,0.9502,0.6233,True,,35.8087,41.685,657.7961,10.9633
TT012,Ilo,Wake1,Session 3,21,Response,672.049,702.7662,11.4568,30.7172,0.7172,0.7172,1.0239,0.5806,True,,36.0751,41.011,687.4076,11.4568
TT012,Ilo,Wake1,Session 3,22,Reset,705.7376,737.9282,12.0305,32.1906,2.1906,2.1906,1.073,0.6489,True,,30.0129,4.864,721.8329,12.0305
TT012,Ilo,Wake1,Session 3,23,Response,737.9282,765.7205,12.5304,27.7923,-2.2077,2.2077,0.9264,0.5806,True,,29.7438,5.902,751.8244,12.5304
TT012,Ilo,Wake1,Session 3,24,Response,765.7205,793.6798,12.995,27.9593,-2.0407,2.0407,0.932,0.6489,True,,29.433,6.574,779.7002,12.995
TT012,Ilo,Wake1,Session 3,25,Response,793.6798,821.7587,13.462,28.0789,-1.9211,1.9211,0.936,0.6916,True,,29.3477,6.797,807.7192,13.462
TT012,Ilo,Wake1,Session 3,26,Response,821.7587,849.7096,13.9289,27.9509,-2.0491,2.0491,0.9317,0.5891,True,,28.7944,6.603,835.7342,13.9289
TT012,Ilo,Wake1,Session 3,27,Response,849.7096,879.4278,14.4095,29.7182,-0.2818,0.2818,0.9906,0.5891,True,,28.2999,2.825,864.5687,14.4095
TT013,Phi,Nap1,Session 4,1,Response,42.4713,84.3448,1.0568,41.8735,11.8735,11.8735,1.3958,1.0037,True,,,,1144.878,19.0813
TT013,Phi,Nap1,Session 4,2,Response,84.3448,130.7093,1.7921,46.3645,16.3645,16.3645,1.5455,0.9145,True,,44.119,7.198,1188.997,19.8166
TT013,Phi,Nap1,Session 4,3,Response,130.7093,173.2519,2.533,42.5426,12.5426,12.5426,1.4181,0.9368,True,,43.5935,5.558,1233.4506,20.5575
TT013,Phi,Nap1,Session 4,4,Response,173.2519,218.3858,3.2636,45.1339,15.1339,15.1339,1.5045,0.8922,True,,43.9786,4.827,1277.2888,21.2881
TT013,Phi,Nap1,Session 4,5,Response,218.3858,247.9174,3.8859,29.5316,-0.4684,0.4684,0.9844,0.8253,True,,41.0892,16.348,1314.6216,21.9104
TT013,Phi,Nap1,Session 4,6,Response,247.9174,298.3858,4.5525,50.4684,20.4684,20.4684,1.6823,0.9814,True,,42.8082,18.581,1354.6216,22.577
TT013,Phi,Nap1,Session 4,7,Reset,450.9507,498.4081,7.9113,47.4574,17.4574,17.4574,1.5819,0.9368,True,,43.0268,18.803,1556.1494,25.9358
TT013,Phi,Nap1,Session 4,8,Reset,637.7166,684.228,11.0162,46.5114,16.5114,16.5114,1.5504,0.9145,True,,43.8205,18.768,1742.4423,29.0407
TT013,Phi,Nap1,Session 4,9,Reset,772.7036,815.3655,13.2339,42.6619,12.6619,12.6619,1.4221,0.8699,True,,43.3261,18.926,1875.5046,31.2584
TT013,Phi,Nap1,Session 4,10,Reset,960.6293,1004.8079,16.3786,44.1786,14.1786,14.1786,1.4726,0.8699,True,,46.2555,6.529,2064.1886,34.4031
TT013,Phi,Nap1,Session 4,11,Reset,1054.6964,1098.4881,17.9432,43.7917,13.7917,13.7917,1.4597,1.0483,True,,44.9202,4.437,2158.0622,35.9677
TT013,Phi,Nap1,Session 4,12,Reset,1195.4548,1233.6927,20.2429,38.2379,8.2379,8.2379,1.2746,0.9368,True,,43.0763,7.071,2296.0438,38.2674
TT013,Phi,Nap1,Session 4,13,Response,1233.6927,1282.659,20.9696,48.9663,18.9663,18.9663,1.6322,0.9814,True,,43.5673,8.8,2339.6458,38.9941
TT013,Phi,Nap1,Session 4,14,Reset,1374.4433,1468.8227,23.6939,94.3794,64.3794,64.3794,3.146,0.8476,True,,53.9108,42.551,2503.103,41.7184
TT013,Phi,Nap1,Session 4,15,Reset,1537.6406,1579.0457,25.9724,41.4051,11.4051,11.4051,1.3802,1.0037,True,,53.3561,43.603,2639.8132,43.9969
TT013,Phi,Nap1,Session 4,16,Response,1579.0457,1627.1945,26.7187,48.1488,18.1488,18.1488,1.605,1.0037,True,,54.2275,42.222,2684.5901,44.7432
TT013,Phi,Nap2,Session 5,1,Response,46.7862,91.0686,1.1488,44.2824,14.2824,14.2824,1.4761,0.9145,True,,,,3099.8674,51.6645
TT013,Phi,Nap2,Session 5,2,Response,91.0686,134.7934,1.8822,43.7248,13.7248,13.7248,1.4575,0.8922,True,,44.0036,0.896,3143.871,52.3978
TT013,Phi,Nap2,Session 5,3,EndProbe,243.394,287.6561,4.4254,44.2621,14.2621,14.2621,1.4754,0.9145,True,,44.0898,0.717,3296.465,54.9411
TT013,Phi,Nap2,Session 5,4,Response,287.6561,335.8679,5.196,48.2118,18.2118,18.2118,1.6071,0.9145,True,,45.1203,4.604,3342.702,55.7117
TT013,Phi,Nap2,Session 5,5,Response,335.8679,385.0203,6.0074,49.1524,19.1524,19.1524,1.6384,0.8922,True,,45.9267,5.546,3391.3841,56.5231
TT013,Phi,Nap2,Session 5,6,Response,385.0203,433.5706,6.8216,48.5503,18.5503,18.5503,1.6183,0.9591,True,,46.7803,5.501,3440.2354,57.3373
TT013,Phi,Nap2,Session 5,7,Reset,477.0946,524.8642,8.3497,47.7696,17.7696,17.7696,1.5923,0.9145,True,,47.5892,4.05,3531.9194,58.8653
TT013,Phi,Nap2,Session 5,8,Response,524.8642,574.262,9.1594,49.3978,19.3978,19.3978,1.6466,1.0706,True,,48.6164,1.373,3580.5031,59.6751
TT013,Phi,Nap2,Session 5,9,Response,574.262,626.1433,10.0034,51.8813,21.8813,21.8813,1.7294,0.9591,True,,49.3503,3.137,3631.1426,60.519
TT013,Phi,Nap2,Session 5,10,Response,626.1433,676.3809,10.8544,50.2376,20.2376,20.2376,1.6746,1.0483,True,,49.5673,3.206,3682.2021,61.37
TT013,Phi,Nap2,Session 5,11,Reset,732.0907,781.4517,12.6129,49.361,19.361,19.361,1.6454,1.0037,True,,49.7295,3.012,3787.7112,63.1285
TT013,Phi,Nap2,Session 5,12,Response,781.4517,830.574,13.4335,49.1223,19.1223,19.1223,1.6374,0.9368,True,,50.0,2.267,3836.9528,63.9492
TT013,Phi,Nap2,Session 5,13,Response,830.574,874.3289,14.2075,43.7549,13.7549,13.7549,1.4585,1.026,True,,48.8714,6.257,3883.3914,64.7232
TT013,Phi,Nap2,Session 5,14,Response,874.3289,924.2397,14.9881,49.9108,19.9108,19.9108,1.6637,0.9368,True,,48.4773,5.521,3930.2243,65.5037
TT013,Phi,Nap2,Session 5,15,EndProbe,1042.986,1091.5186,17.7875,48.5326,18.5326,18.5326,1.6178,1.0037,True,,48.1363,5.191,4098.1923,68.3032
TT013,Phi,Nap2,Session 5,16,Response,1091.5186,1139.2358,18.5896,47.7172,17.7172,17.7172,1.5906,0.9591,True,,47.8076,5.028,4146.3172,69.1053
TT013,Phi,Nap2,Session 5,17,Response,1139.2358,1187.6076,19.3904,48.3718,18.3718,18.3718,1.6124,1.0483,True,,47.6575,4.875,4194.3617,69.906
TT013,Phi,Nap2,Session 5,18,EndProbe,1344.076,1394.1282,22.8184,50.0522,20.0522,20.0522,1.6684,1.0037,True,,48.9169,2.085,4400.0421,73.334
TT013,Phi,Nap2,Session 5,19,Response,1394.1282,1441.3178,23.6287,47.1896,17.1896,17.1896,1.573,1.0706,True,,48.3727,2.235,4448.663,74.1444
TT013,Phi,Nap2,Session 5,20,Response,1441.3178,1491.1093,24.4369,49.7915,19.7915,19.7915,1.6597,1.0037,True,,48.6245,2.59,4497.1536,74.9526
TT013,Phi,Nap2,Session 5,21,Response,1491.1093,1544.7527,25.2989,53.6434,23.6434,23.6434,1.7881,1.0929,True,,49.8097,4.886,4548.871,75.8145
TT013,Phi,Nap2,Session 5,22,Response,1544.7527,1596.4924,26.177,51.7397,21.7397,21.7397,1.7247,0.9814,True,,50.4833,4.758,4601.5626,76.6927
TT013,Phi,Nap2,Session 5,23,EndProbe,1698.808,1746.0463,28.7071,47.2383,17.2383,17.2383,1.5746,0.9145,True,,49.9205,5.652,4753.3672,79.2228
TT013,Phi,Nap2,Session 5,24,Response,1746.0463,1792.4108,29.4871,46.3645,16.3645,16.3645,1.5455,1.026,True,,49.7555,6.104,4800.1686,80.0028
TT013,Phi,Nap2,Session 5,25,Response,1792.4108,1841.1316,30.2795,48.7208,18.7208,18.7208,1.624,0.9814,True,,49.5413,6.199,4847.7112,80.7952
TT013,Phi,Nap2,Session 5,26,Response,1841.1316,1888.2098,31.0778,47.0782,17.0782,17.0782,1.5693,1.0037,True,,48.2283,4.441,4895.6107,81.5935
TT013,Phi,Nap2,Session 5,27,Reset,1924.6188,1973.0576,32.4806,48.4388,18.4388,18.4388,1.6146,1.0483,True,,47.5681,2.072,4979.7782,82.9963
TT013,Phi,Nap2,Session 5,28,Response,1973.0576,2020.7301,33.2816,47.6725,17.6725,17.6725,1.5891,1.026,True,,47.655,2.031,5027.8338,83.7972
TT013,Phi,Nap2,Session 5,29,Response,2020.7301,2069.3696,34.0842,48.6395,18.6395,18.6395,1.6213,1.1375,True,,48.11,1.476,5075.9898,84.5998
TT013,Phi,Nap2,Session 5,30,Reset,2103.5706,2154.6635,35.4853,51.0929,21.0929,21.0929,1.7031,0.9814,True,,48.5844,3.158,5160.057,86.001
TT013,Phi,Nap2,Session 5,31,Response,2154.6635,2204.0166,36.3223,49.3531,19.3531,19.3531,1.6451,1.1375,True,,49.0394,2.64,5210.28,86.838
TT013,Phi,Nap2,Session 5,32,Response,2204.0166,2248.2951,37.1026,44.2785,14.2785,14.2785,1.476,0.9591,True,,48.2073,5.242,5257.0958,87.6183
TT013,Phi,Nap2,Session 5,33,Reset,2295.6186,2345.351,38.6747,49.7324,19.7324,19.7324,1.6577,1.1152,True,,48.6193,5.318,5351.4248,89.1904
TT013,Phi,Nap2,Session 5,34,Response,2345.351,2392.8975,39.4854,47.5465,17.5465,17.5465,1.5849,1.1375,True,,48.4007,5.432,5400.0642,90.0011
TT013,Phi,Nap2,Session 5,35,Response,2392.8975,2442.3622,40.2938,49.4647,19.4647,19.4647,1.6488,1.1375,True,,48.075,4.767,5448.5698,90.8095
TT013,Phi,Nap2,Session 5,36,Reset,2507.2546,2560.288,42.2295,53.0334,23.0334,23.0334,1.7678,1.0037,True,,48.8111,6.579,5564.7113,92.7452
TT013,Phi,Nap2,Session 5,37,EndProbe,2740.58,2787.3215,46.0658,46.7415,16.7415,16.7415,1.5581,1.0706,True,,49.3037,4.945,5794.8908,96.5815
TT013,Phi,Nap2,Session 5,38,Response,2787.3215,2835.2473,46.8547,47.9258,17.9258,17.9258,1.5975,1.1598,True,,48.9424,5.091,5842.2244,97.3704
TT013,Phi,Nap2,Session 5,39,Response,2835.2473,2883.6598,47.6576,48.4125,18.4125,18.4125,1.6138,1.0706,True,,49.1156,4.884,5890.3936,98.1732
TT013,Phi,Nap2,Session 5,40,Reset,2908.7044,2958.5036,48.8934,49.7992,19.7992,19.7992,1.66,1.0037,True,,49.1825,4.911,5964.544,99.4091
TT013,Phi,Nap2,Session 5,41,Reset,2986.0279,3045.448,50.2623,59.4201,29.4201,29.4201,1.9807,1.1375,True,,50.4598,10.161,6046.6779,100.778
TT013,Phi,Nap2,Session 5,42,Response,3045.448,3094.0205,51.1622,48.5725,18.5725,18.5725,1.6191,1.1152,True,,50.826,9.549,6100.6742,101.6779
TT013,Phi,Nap2,Session 5,43,Response,3094.0205,3144.0166,51.9836,49.9961,19.9961,19.9961,1.6665,1.249,True,,51.2401,9.031,6149.9585,102.4993
TT013,Phi,Nap2,Session 5,44,EndProbe,3427.152,3473.4367,57.5049,46.2847,16.2847,16.2847,1.5428,1.1152,True,,50.8145,9.904,6481.2344,108.0206
TT013,Phi,Nap2,Session 5,45,Response,3473.4367,3518.1206,58.263,44.6839,14.6839,14.6839,1.4895,1.0706,True,,49.7915,11.564,6526.7187,108.7786
TT013,Phi,Nap2,Session 5,46,Reset,3548.8343,3593.2098,59.517,44.3755,14.3755,14.3755,1.4792,1.0929,True,,46.7825,5.233,6601.962,110.0327
TT013,Phi,Nap2,Session 5,47,EndProbe,3872.3,3927.1353,64.9953,54.8353,24.8353,24.8353,1.8278,1.0706,True,,48.0351,9.18,6930.6576,115.511
TT013,Phi,Nap2,Session 5,48,Response,3927.1353,3974.7042,65.8487,47.5689,17.5689,17.5689,1.5856,1.0706,True,,47.5497,8.982,6981.8598,116.3643
TT013,Phi,Nap2,Session 5,49,Response,3974.7042,4020.5857,66.6274,45.8815,15.8815,15.8815,1.5294,1.0706,True,,47.469,9.068,7028.585,117.1431
TT013,Phi,Nap2,Session 5,50,EndProbe,4227.778,4289.3958,70.9764,61.6178,31.6178,31.6178,2.0539,1.1821,True,,50.8558,14.22,7289.5269,121.4921
TT013,Phi,Nap2,Session 5,51,EndProbe,4547.798,4608.0576,76.2988,60.2596,30.2596,30.2596,2.0087,1.1375,True,,54.0326,13.255,7608.8678,126.8145
TT013,Phi,Nap2,Session 5,52,Response,4608.0576,4654.3027,77.1863,46.2451,16.2451,16.2451,1.5415,1.1152,True,,52.3146,15.124,7662.1202,127.702
TT013,Phi,Nap2,Session 5,53,Reset,4745.4179,4796.0948,79.5126,50.6769,20.6769,20.6769,1.6892,1.3159,True,,52.9362,14.282,7801.6964,130.0283
TT013,Phi,Wake1,Session 3,1,Response,37.4005,75.8169,0.9435,38.4164,8.4164,8.4164,1.2805,0.8253,True,,,,56.6087,0.9435
TT013,Phi,Wake1,Session 3,2,Response,75.8169,112.6274,1.5704,36.8105,6.8105,6.8105,1.227,0.8253,True,,37.6135,3.019,94.2222,1.5704
TT013,Phi,Wake1,Session 3,3,Response,112.6274,152.5081,2.2095,39.8807,9.8807,9.8807,1.3294,0.9145,True,,38.3692,4.002,132.5678,2.2095
TT013,Phi,Wake1,Session 3,4,Response,152.5081,192.6944,2.8767,40.1863,10.1863,10.1863,1.3395,0.9145,True,,38.8235,3.988,172.6012,2.8767
TT013,Phi,Wake1,Session 3,5,Response,192.6944,233.5157,3.5518,40.8213,10.8213,10.8213,1.3607,0.9368,True,,39.223,4.108,213.105,3.5518
TT013,Phi,Wake1,Session 3,6,Response,233.5157,273.311,4.2236,39.7953,9.7953,9.7953,1.3265,0.9368,True,,39.4988,3.939,253.4134,4.2236
TT013,Phi,Wake1,Session 3,7,Response,273.311,316.5936,4.9159,43.2826,13.2826,13.2826,1.4428,0.9145,True,,40.7932,3.551,294.9523,4.9159
TT013,Phi,Wake1,Session 3,8,Response,316.5936,359.0549,5.6304,42.4613,12.4613,12.4613,1.4154,0.8476,True,,41.3094,3.634,337.8242,5.6304
TT013,Phi,Wake1,Session 3,9,Response,359.0549,400.6162,6.3306,41.5613,11.5613,11.5613,1.3854,0.9145,True,,41.5844,3.279,379.8356,6.3306
TT013,Phi,Wake1,Session 3,10,Response,400.6162,441.2262,7.0154,40.61,10.61,10.61,1.3537,0.8699,True,,41.5421,3.36,420.9212,7.0154
TT013,Phi,Wake1,Session 3,11,Response,441.2262,481.4637,7.6891,40.2375,10.2375,10.2375,1.3412,0.8253,True,,41.6305,3.04,461.345,7.6891
TT013,Phi,Wake1,Session 3,12,Response,481.4637,522.9135,8.3698,41.4498,11.4498,11.4498,1.3817,0.9368,True,,41.264,2.112,502.1886,8.3698
TT013,Phi,Wake1,Session 3,13,Response,522.9135,564.8316,9.0645,41.9181,11.9181,11.9181,1.3973,0.9814,True,,41.1553,1.707,543.8726,9.0645
TT013,Phi,Wake1,Session 3,14,Response,564.8316,609.0064,9.782,44.1748,14.1748,14.1748,1.4725,0.9814,True,,41.678,3.709,586.919,9.782
TT013,Phi,Wake1,Session 3,15,Response,609.0064,635.0363,10.367,26.0299,-3.9701,3.9701,0.8677,0.9145,True,,38.762,18.727,622.0214,10.367
TT013,Phi,Wake1,Session 3,16,Response,635.0363,678.2704,10.9442,43.2341,13.2341,13.2341,1.4411,1.026,True,,39.3613,19.13,656.6534,10.9442
TT013,Phi,Wake1,Session 3,17,Response,678.2704,719.274,11.6462,41.0036,11.0036,11.0036,1.3668,0.8476,True,,39.2721,19.101,698.7722,11.6462
TT013,Phi,Wake1,Session 3,18,Response,719.274,764.211,12.3624,44.937,14.937,14.937,1.4979,0.8699,True,,39.8759,19.76,741.7425,12.3624
TT013,Phi,Wake1,Session 3,19,Response,764.211,806.999,13.0934,42.788,12.788,12.788,1.4263,0.9368,True,,39.5985,19.478,785.605,13.0934
TT013,Phi,Wake1,Session 3,20,Response,806.999,848.9618,13.7997,41.9628,11.9628,11.9628,1.3988,0.9814,True,,42.7851,3.443,827.9804,13.7997
TT013,Phi,Wake1,Session 3,21,Response,848.9618,874.4341,14.3616,25.4723,-4.5277,4.5277,0.8491,0.9145,True,,39.2327,19.953,861.698,14.3616
TT013,Phi,Wake1,Session 3,22,Response,874.4341,894.0103,14.737,19.5762,-10.4238,10.4238,0.6525,0.9591,True,,34.9473,33.14,884.2222,14.737
TT013,Phi,Wake2,Session 7,1,Response,26.0704,53.7586,0.6652,27.6882,-2.3118,2.3118,0.9229,1.0706,True,,,,8575.7145,142.9286
TT013,Phi,Wake2,Session 7,2,Response,53.7586,82.4795,1.1353,28.7209,-1.2791,1.2791,0.9574,1.0929,True,,28.2045,2.589,8603.919,143.3987
TT013,Phi,Wake2,Session 7,3,Response,82.4795,110.539,1.6085,28.0595,-1.9405,1.9405,0.9353,1.1375,True,,28.1562,1.858,8632.3092,143.8718
TT013,Phi,Wake2,Session 7,4,Response,110.539,138.8216,2.078,28.2826,-1.7174,1.7174,0.9428,1.0929,True,,28.1878,1.532,8660.4803,144.3413
TT013,Phi,Wake2,Session 7,5,Response,138.8216,166.6358,2.5455,27.8142,-2.1858,2.1858,0.9271,1.1821,True,,28.1131,1.457,8688.5287,144.8088
TT013,Phi,Wake2,Session 7,6,Response,166.6358,196.2567,3.0241,29.6209,-0.3791,0.3791,0.9874,1.2267,True,,28.4996,2.492,8717.2462,145.2874
TT013,Phi,Wake2,Session 7,7,Response,196.2567,224.0185,3.5023,27.7618,-2.2382,2.2382,0.9254,1.249,True,,28.3078,2.695,8745.9376,145.7656
TT013,Phi,Wake2,Session 7,8,Response,224.0185,253.4386,3.9788,29.4201,-0.5799,0.5799,0.9807,1.1152,True,,28.5799,3.097,8774.5285,146.2421
TT013,Phi,Wake2,Session 7,9,Response,253.4386,284.7099,4.4846,31.2713,1.2713,1.2713,1.0424,1.0706,True,,29.1777,4.997,8804.8742,146.7479
TT013,Phi,Wake2,Session 7,10,Response,284.7099,316.5834,5.0108,31.8735,1.8735,1.8735,1.0624,1.1821,True,,29.9895,5.432,8836.4466,147.2741
TT013,Phi,Wake2,Session 7,11,Reset,343.3494,374.4422,5.9816,31.0928,1.0928,1.0928,1.0364,1.1821,True,,30.2839,5.541,8894.6958,148.2449
TT013,Phi,Wake2,Session 7,12,Response,374.4422,403.3717,6.4818,28.9295,-1.0705,1.0705,0.9643,1.1821,True,,30.5174,4.166,8924.707,148.7451
TT013,Phi,Wake2,Session 7,13,Response,403.3717,432.5687,6.9662,29.197,-0.803,0.803,0.9732,1.1152,True,,30.4728,4.339,8953.7702,149.2295
TT013,Phi,Wake2,Session 7,14,Response,432.5687,460.0707,7.4387,27.502,-2.498,2.498,0.9167,1.026,True,,29.719,5.91,8982.1197,149.702
TT013,Phi,Wake2,Session 7,15,Response,460.0707,490.316,7.9199,30.2453,0.2453,0.2453,1.0082,1.1375,True,,29.3933,4.641,9010.9933,150.1832
TT013,Phi,Wake2,Session 7,16,Response,490.316,521.3643,8.4307,31.0483,1.0483,1.0483,1.0349,1.2936,True,,29.3844,4.596,9041.6402,150.694
TT013,Phi,Wake2,Session 7,17,Response,521.3643,551.4758,8.9403,30.1115,0.1115,0.1115,1.0037,1.1598,True,,29.6208,4.572,9072.22,151.2037
TT013,Phi,Wake2,Session 7,18,Response,551.4758,584.1077,9.4632,32.6319,2.6319,2.6319,1.0877,1.1821,True,,30.3078,6.143,9103.5918,151.7265
