subname,session,session_raw,press_idx,event,t_in_session_s,onset_abs_s,wall_time,usable,sleep_stage
TT001,Wake1,Session 3,1,Response,33.5928,1648.1608,2026-07-03 14:36:23.411,True,W
TT001,Wake1,Session 3,2,Response,69.0651,1683.6331,2026-07-03 14:36:58.883,True,W
TT001,Wake1,Session 3,3,Response,103.1323,1717.7003,2026-07-03 14:37:32.950,True,W
TT001,Wake1,Session 3,4,Response,136.5147,1751.0827,2026-07-03 14:38:06.332,False,W
TT001,Wake1,Session 3,5,Response,203.0654,1817.6334,2026-07-03 14:39:12.883,True,W
TT001,Wake1,Session 3,6,Response,234.3066,1848.8746,2026-07-03 14:39:44.124,True,W
TT001,Wake1,Session 3,7,Response,267.9867,1882.5547,2026-07-03 14:40:17.804,True,W
TT001,Wake1,Session 3,8,Response,298.7529,1913.3209,2026-07-03 14:40:48.571,True,W
TT001,Wake1,Session 3,9,Response,331.0725,1945.6405,2026-07-03 14:41:20.890,True,W
TT001,Wake1,Session 3,10,Response,365.1095,1979.6775,2026-07-03 14:41:54.927,True,W
TT001,Wake1,Session 3,11,Response,402.5669,2017.1349,2026-07-03 14:42:32.385,True,W
TT001,Wake1,Session 3,12,Response,436.9162,2051.4842,2026-07-03 14:43:06.734,True,W
TT001,Wake1,Session 3,13,Response,472.0093,2086.5773,2026-07-03 14:43:41.827,True,W
TT001,Wake1,Session 3,14,Response,506.8715,2121.4395,2026-07-03 14:44:16.689,True,W
TT001,Wake1,Session 3,15,Response,553.2806,2167.8486,2026-07-03 14:45:03.098,True,W
TT001,Wake1,Session 3,16,Response,586.8046,2201.3726,2026-07-03 14:45:36.622,True,W
TT001,Wake1,Session 3,17,Response,623.8891,2238.4571,2026-07-03 14:46:13.707,True,W
TT001,Wake1,Session 3,18,Response,652.3055,2266.8735,2026-07-03 14:46:42.123,True,W
TT001,Wake1,Session 3,19,Response,689.7852,2304.3532,2026-07-03 14:47:19.603,True,W
TT001,Wake1,Session 3,20,Response,732.5509,2347.1189,2026-07-03 14:48:02.369,True,W
TT001,Wake1,Session 3,21,Response,768.2685,2382.8365,2026-07-03 14:48:38.086,True,W
TT001,Wake1,Session 3,22,Response,804.9534,2419.5214,2026-07-03 14:49:14.771,True,W
TT001,Wake1,Session 3,23,Response,851.2955,2465.8635,2026-07-03 14:50:01.113,True,W
TT001,Wake1,Session 3,24,Response,893.3698,2507.9378,2026-07-03 14:50:43.188,True,W
TT001,Wake1,Session 3,25,Response,937.8384,2552.4064,2026-07-03 14:51:27.656,True,W
TT001,Wake1,Session 3,26,Response,981.4517,2596.0197,2026-07-03 14:52:11.269,False,W
TT001,Wake1,Session 3,27,Response,1092.6561,2707.2241,2026-07-03 14:54:02.474,False,W
TT001,Nap1,Session 4,1,Response,36.4626,3069.6146,2026-07-03 15:00:04.864,True,W
TT001,Nap1,Session 4,2,Response,70.5442,3103.6962,2026-07-03 15:00:38.946,True,W
TT001,Nap1,Session 4,3,Response,108.2023,3141.3543,2026-07-03 15:01:16.604,True,W
TT001,Nap1,Session 4,4,Response,148.3807,3181.5327,2026-07-03 15:01:56.782,True,W
TT001,Nap1,Session 4,5,Response,185.4366,3218.5886,2026-07-03 15:02:33.838,True,W
TT001,Nap1,Session 4,6,Response,218.8346,3251.9866,2026-07-03 15:03:07.236,True,W
TT001,Nap1,Session 4,7,Response,258.8045,3291.9565,2026-07-03 15:03:47.206,True,W
TT001,Nap1,Session 4,8,Response,298.5369,3331.6889,2026-07-03 15:04:26.939,True,W
TT001,Nap1,Session 4,9,Response,338.6707,3371.8227,2026-07-03 15:05:07.072,True,W
TT001,Nap1,Session 4,10,Response,372.9832,3406.1352,2026-07-03 15:05:41.385,True,W
TT001,Nap1,Session 4,11,Response,410.0312,3443.1832,2026-07-03 15:06:18.433,True,W
TT001,Nap1,Session 4,12,Response,453.2954,3486.4474,2026-07-03 15:07:01.697,True,W
TT001,Nap1,Session 4,13,Response,481.6449,3514.7969,2026-07-03 15:07:30.047,True,W
TT001,Nap1,Session 4,14,Response,519.0276,3552.1796,2026-07-03 15:08:07.429,True,W
TT001,Nap1,Session 4,15,Response,551.6895,3584.8415,2026-07-03 15:08:40.091,True,W
TT001,Nap1,Session 4,16,Response,586.5072,3619.6592,2026-07-03 15:09:14.909,True,W
TT001,Nap1,Session 4,17,Response,641.5256,3674.6776,2026-07-03 15:10:09.927,True,W
TT001,Nap1,Session 4,18,Response,677.3994,3710.5514,2026-07-03 15:10:45.801,True,W
TT001,Nap1,Session 4,19,Response,700.7528,3733.9048,2026-07-03 15:11:09.155,True,W
TT001,Nap1,Session 4,20,Response,738.3216,3771.4736,2026-07-03 15:11:46.723,True,W
TT001,Nap1,Session 4,21,Response,778.8937,3812.0457,2026-07-03 15:12:27.295,True,W
TT001,Nap1,Session 4,22,Response,790.7974,3823.9494,2026-07-03 15:12:39.199,True,W
TT001,Nap1,Session 4,23,Response,829.0722,3862.2242,2026-07-03 15:13:17.474,True,W
TT001,Nap1,Session 4,24,Response,871.9349,3905.0869,2026-07-03 15:14:00.337,True,W
TT001,Nap1,Session 4,25,Response,911.0873,3944.2393,2026-07-03 15:14:39.489,True,W
TT001,Nap1,Session 4,26,Response,955.0574,3988.2094,2026-07-03 15:15:23.459,True,W
TT001,Nap1,Session 4,27,Response,1003.4962,4036.6482,2026-07-03 15:16:11.898,True,W
TT001,Nap1,Session 4,28,Response,1047.1986,4080.3506,2026-07-03 15:16:55.600,True,W
TT001,Nap1,Session 4,29,Response,1090.5966,4123.7486,2026-07-03 15:17:38.998,True,W
TT001,Nap1,Session 4,30,Response,1172.6486,4205.8006,2026-07-03 15:19:01.050,True,W
TT001,Nap1,Session 4,31,Response,1207.4886,4240.6406,2026-07-03 15:19:35.890,True,W
TT001,Nap1,Session 4,32,Response,1243.8084,4276.9604,2026-07-03 15:20:12.210,True,W
TT001,Nap1,Session 4,33,Response,1279.4145,4312.5665,2026-07-03 15:20:47.816,True,W
TT001,Nap1,Session 4,34,Response,1314.5444,4347.6964,2026-07-03 15:21:22.946,True,W
TT001,Nap1,Session 4,35,Response,1349.7491,4382.9011,2026-07-03 15:21:58.151,True,W
TT001,Nap1,Session 4,36,Response,1383.6339,4416.7859,2026-07-03 15:22:32.036,True,W
TT001,Nap1,Session 4,37,Response,1435.3736,4468.5256,2026-07-03 15:23:23.775,True,W
TT001,Nap1,Session 4,38,Response,1475.3736,4508.5256,2026-07-03 15:24:03.775,True,W
TT001,Nap1,Session 4,39,Response,1510.9496,4544.1016,2026-07-03 15:24:39.351,True,W
TT001,Nap1,Session 4,40,Response,1570.9273,4604.0793,2026-07-03 15:25:39.329,True,W
TT001,Nap1,Session 4,41,Response,1598.2062,4631.3582,2026-07-03 15:26:06.608,True,W
TT001,Nap1,Session 4,42,Response,1633.1354,4666.2874,2026-07-03 15:26:41.537,True,1
TT001,Nap2,Session 5,1,Response,36.5072,5081.0092,2026-07-03 15:33:36.259,True,W
TT001,Nap2,Session 5,2,Response,68.7008,5113.2028,2026-07-03 15:34:08.453,True,W
TT001,Nap2,Session 5,3,Response,100.2844,5144.7864,2026-07-03 15:34:40.036,True,W
TT001,Nap2,Session 5,4,Response,224.589,5269.091,2026-07-03 15:36:44.341,True,W
TT001,Nap2,Session 5,5,Response,253.6523,5298.1543,2026-07-03 15:37:13.404,True,W
TT001,Nap2,Session 5,6,Response,282.9609,5327.4629,2026-07-03 15:37:42.713,True,W
TT001,Nap2,Session 5,7,Response,312.9609,5357.4629,2026-07-03 15:38:12.713,True,W
TT001,Nap2,Session 5,8,Response,342.0687,5386.5707,2026-07-03 15:38:41.820,True,W
TT001,Nap2,Session 5,9,Response,370.7226,5415.2246,2026-07-03 15:39:10.474,True,W
TT001,Nap2,Session 5,10,Response,401.9572,5446.4592,2026-07-03 15:39:41.709,True,W
TT001,Nap2,Session 5,11,Response,516.6187,5561.1207,2026-07-03 15:41:36.370,True,W
TT001,Nap2,Session 5,12,Response,552.6486,5597.1506,2026-07-03 15:42:12.400,True,W
TT001,Nap2,Session 5,13,Response,586.5518,5631.0538,2026-07-03 15:42:46.304,True,W
TT001,Nap2,Session 5,14,Response,622.2025,5666.7045,2026-07-03 15:43:21.954,True,W
TT001,Nap2,Session 5,15,Response,659.6153,5704.1173,2026-07-03 15:43:59.367,True,W
TT001,Nap2,Session 5,16,Response,695.8381,5740.3401,2026-07-03 15:44:35.590,True,W
TT001,Nap2,Session 5,17,Response,728.2692,5772.7712,2026-07-03 15:45:08.021,True,W
TT001,Nap2,Session 5,18,Response,758.9461,5803.4481,2026-07-03 15:45:38.698,True,W
TT001,Nap2,Session 5,19,Response,875.8827,5920.3847,2026-07-03 15:47:35.634,True,W
TT001,Nap2,Session 5,20,Response,906.1503,5950.6523,2026-07-03 15:48:05.902,True,W
TT001,Nap2,Session 5,21,Response,935.1913,5979.6933,2026-07-03 15:48:34.943,True,W
TT001,Nap2,Session 5,22,Response,965.615,6010.117,2026-07-03 15:49:05.367,True,W
TT001,Nap2,Session 5,23,Response,996.4849,6040.9869,2026-07-03 15:49:36.237,True,W
TT001,Nap2,Session 5,24,Response,1025.3028,6069.8048,2026-07-03 15:50:05.055,True,W
TT001,Nap2,Session 5,25,Response,1058.4778,6102.9798,2026-07-03 15:50:38.230,True,W
TT001,Nap2,Session 5,26,Response,1087.154,6131.656,2026-07-03 15:51:06.906,True,W
TT001,Nap2,Session 5,27,Response,1119.0276,6163.5296,2026-07-03 15:51:38.779,True,W
TT001,Nap2,Session 5,28,Response,1245.1466,6289.6486,2026-07-03 15:53:44.898,True,W
TT001,Nap2,Session 5,29,Response,1282.0018,6326.5038,2026-07-03 15:54:21.754,True,W
TT001,Nap2,Session 5,30,Response,1328.0908,6372.5928,2026-07-03 15:55:07.843,True,W
TT001,Nap2,Session 5,31,Response,1370.842,6415.344,2026-07-03 15:55:50.594,True,W
TT001,Nap2,Session 5,32,Response,1417.89,6462.392,2026-07-03 15:56:37.642,True,W
TT001,Nap2,Session 5,33,Response,1459.0052,6503.5072,2026-07-03 15:57:18.757,True,W
TT001,Nap2,Session 5,34,Response,1520.5966,6565.0986,2026-07-03 15:58:20.348,True,W
TT001,Nap2,Session 5,35,Response,1563.3461,6607.8481,2026-07-03 15:59:03.098,True,W
TT001,Nap2,Session 5,36,Response,1685.978,6730.48,2026-07-03 16:01:05.730,True,W
TT001,Nap2,Session 5,37,Response,1718.6176,6763.1196,2026-07-03 16:01:38.369,True,W
TT001,Nap2,Session 5,38,Response,1756.8701,6801.3721,2026-07-03 16:02:16.622,True,W
TT001,Nap2,Session 5,39,Response,1794.0152,6838.5172,2026-07-03 16:02:53.767,True,W
TT001,Nap2,Session 5,40,Reset,1813.3907,6857.8927,2026-07-03 16:03:13.142,True,W
TT001,Nap2,Session 5,41,Response,1851.0265,6895.5285,2026-07-03 16:03:50.778,True,W
TT001,Nap2,Session 5,42,Response,1878.5284,6923.0304,2026-07-03 16:04:18.280,True,W
TT001,Nap2,Session 5,43,Response,1917.6731,6962.1751,2026-07-03 16:04:57.425,True,1
TT001,Nap2,Session 5,44,Response,1998.8407,7043.3427,2026-07-03 16:06:18.592,True,W
TT001,Nap2,Session 5,45,Response,2033.5022,7078.0042,2026-07-03 16:06:53.254,True,W
TT001,Nap2,Session 5,46,Response,2078.3015,7122.8035,2026-07-03 16:07:38.053,True,W
TT001,Nap2,Session 5,47,Response,2112.0709,7156.5729,2026-07-03 16:08:11.823,True,W
TT001,Nap2,Session 5,48,Response,2150.0189,7194.5209,2026-07-03 16:08:49.771,True,W
TT001,Nap2,Session 5,49,Response,2273.9522,7318.4542,2026-07-03 16:10:53.704,True,W
TT001,Nap2,Session 5,50,Response,2313.8552,7358.3572,2026-07-03 16:11:33.607,True,W
TT001,Nap2,Session 5,51,Response,2348.2346,7392.7366,2026-07-03 16:12:07.986,True,W
TT001,Nap2,Session 5,52,Response,2382.9407,7427.4427,2026-07-03 16:12:42.692,True,W
TT001,Nap2,Session 5,53,Response,2417.3201,7461.8221,2026-07-03 16:13:17.072,True,W
TT001,Nap2,Session 5,54,Reset,2450.8664,7495.3684,2026-07-03 16:13:50.618,True,W
TT001,Nap2,Session 5,55,Response,2483.3868,7527.8888,2026-07-03 16:14:23.139,True,W
TT001,Nap2,Session 5,56,Response,2515.4689,7559.9709,2026-07-03 16:14:55.221,True,W
TT001,Nap2,Session 5,57,Response,2550.3312,7594.8332,2026-07-03 16:15:30.083,True,W
TT001,Nap2,Session 5,58,Response,2578.7253,7623.2273,2026-07-03 16:15:58.477,True,W
TT001,Nap2,Session 5,59,Response,2608.123,7652.625,2026-07-03 16:16:27.875,True,W
TT001,Nap2,Session 5,60,Response,2639.1936,7683.6956,2026-07-03 16:16:58.945,True,W
TT001,Nap2,Session 5,61,Response,2702.4723,7746.9743,2026-07-03 16:18:02.224,True,W
TT001,Nap2,Session 5,62,Response,2740.2196,7784.7216,2026-07-03 16:18:39.971,True,W
TT001,Nap2,Session 5,63,Response,2879.149,7923.651,2026-07-03 16:20:58.901,True,W
TT001,Nap2,Session 5,64,Response,2926.3387,7970.8407,2026-07-03 16:21:46.090,True,W
TT001,Nap2,Session 5,65,Response,2960.0412,8004.5432,2026-07-03 16:22:19.793,True,W
TT001,Nap2,Session 5,66,Response,2994.7473,8039.2493,2026-07-03 16:22:54.499,True,W
TT001,Nap2,Session 5,67,Response,3027.7885,8072.2905,2026-07-03 16:23:27.540,True,W
TT001,Nap2,Session 5,68,Reset,3060.7103,8105.2123,2026-07-03 16:24:00.462,True,W
TT001,Nap2,Session 5,69,Response,3094.086,8138.588,2026-07-03 16:24:33.838,True,W
TT001,Nap2,Session 5,70,Response,3125.848,8170.35,2026-07-03 16:25:05.600,True,W
TT001,Nap2,Session 5,71,Response,3162.5616,8207.0636,2026-07-03 16:25:42.313,True,W
TT001,Nap2,Session 5,72,Response,3197.0525,8241.5545,2026-07-03 16:26:16.804,True,W
TT001,Nap2,Session 5,73,Reset,3234.1083,8278.6103,2026-07-03 16:26:53.860,True,W
TT001,Nap2,Session 5,74,Response,3270.3758,8314.8778,2026-07-03 16:27:30.128,True,W
TT001,Nap2,Session 5,75,Response,3303.4615,8347.9635,2026-07-03 16:28:03.213,True,W
TT001,Nap2,Session 5,76,Response,3338.5245,8383.0265,2026-07-03 16:28:38.276,True,W
TT001,Nap2,Session 5,77,Response,3370.5319,8415.0339,2026-07-03 16:29:10.284,True,W
TT001,Nap2,Session 5,78,Response,3407.6915,8452.1935,2026-07-03 16:29:47.443,True,W
TT001,Nap2,Session 5,79,Response,3449.216,8493.718,2026-07-03 16:30:28.968,True,W
TT001,Nap2,Session 5,80,Response,3486.1971,8530.6991,2026-07-03 16:31:05.949,True,W
TT001,Nap2,Session 5,81,Response,3523.9667,8568.4687,2026-07-03 16:31:43.718,True,W
TT001,Nap2,Session 5,82,Response,3644.5466,8689.0486,2026-07-03 16:33:44.298,True,W
TT001,Nap2,Session 5,83,Response,3681.9225,8726.4245,2026-07-03 16:34:21.674,True,W
TT001,Nap2,Session 5,84,Response,3712.2125,8756.7145,2026-07-03 16:34:51.964,True,1
TT001,Nap2,Session 5,85,Response,3791.1118,8835.6138,2026-07-03 16:36:10.864,True,1
TT001,Nap2,Session 5,86,Response,3830.2419,8874.7439,2026-07-03 16:36:49.994,True,W
TT001,Nap2,Session 5,87,Reset,3902.3686,8946.8706,2026-07-03 16:38:02.120,True,W
TT001,Nap2,Session 5,88,Response,3942.6508,8987.1528,2026-07-03 16:38:42.403,True,W
TT001,Nap2,Session 5,89,Response,3974.4652,9018.9672,2026-07-03 16:39:14.217,True,W
TT001,Nap2,Session 5,90,Response,4009.7959,9054.2979,2026-07-03 16:39:49.548,True,W
TT001,Nap2,Session 5,91,Response,4047.9446,9092.4466,2026-07-03 16:40:27.696,True,W
TT001,Nap2,Session 5,92,Response,4084.4875,9128.9895,2026-07-03 16:41:04.239,True,W
TT001,Nap2,Session 5,93,Response,4112.5169,9157.0189,2026-07-03 16:41:32.269,True,W
TT001,Nap2,Session 5,94,Response,4147.1863,9191.6883,2026-07-03 16:42:06.938,True,W
TT001,Nap2,Session 5,95,Response,4182.9407,9227.4427,2026-07-03 16:42:42.692,True,W
TT001,Nap2,Session 5,96,Response,4295.3797,9339.8817,2026-07-03 16:44:35.131,True,W
TT001,Nap2,Session 5,97,Response,4326.8071,9371.3091,2026-07-03 16:45:06.559,True,W
TT001,Nap2,Session 5,98,Response,4372.9407,9417.4427,2026-07-03 16:45:52.692,True,W
TT001,Nap2,Session 5,99,Response,4408.4275,9452.9295,2026-07-03 16:46:28.179,True,W
TT001,Nap2,Session 5,100,Response,4426.3387,9470.8407,2026-07-03 16:46:46.090,True,W
TT001,Nap2,Session 5,101,Reset,4442.9853,9487.4873,2026-07-03 16:47:02.737,True,W
TT001,Nap2,Session 5,102,Response,4476.9409,9521.4429,2026-07-03 16:47:36.693,True,W
TT001,Nap2,Session 5,103,Response,4502.3909,9546.8929,2026-07-03 16:48:02.143,True,W
TT001,Nap2,Session 5,104,Response,4551.0672,9595.5692,2026-07-03 16:48:50.819,True,W
TT001,Nap2,Session 5,105,Response,4600.0189,9644.5209,2026-07-03 16:49:39.771,True,W
TT001,Nap2,Session 5,106,Response,4640.0412,9684.5432,2026-07-03 16:50:19.793,True,W
TT001,Nap2,Session 5,107,Response,4899.2829,9943.7849,2026-07-03 16:54:39.035,True,W
TT001,Nap2,Session 5,108,Response,4935.4466,9979.9486,2026-07-03 16:55:15.198,True,W
TT001,Nap2,Session 5,109,Response,5174.376,10218.878,2026-07-03 16:59:14.128,True,W
TT001,Nap2,Session 5,110,Response,5217.6547,10262.1567,2026-07-03 16:59:57.406,True,W
TT001,Nap2,Session 5,111,Response,5255.335,10299.837,2026-07-03 17:00:35.087,True,W
TT001,Nap2,Session 5,112,Response,5305.6473,10350.1493,2026-07-03 17:01:25.399,True,1
TT001,Wake2,Session 7,1,Response,33.1723,11102.0803,2026-07-03 17:13:57.330,True,W
TT001,Wake2,Session 7,2,Response,65.3358,11134.2438,2026-07-03 17:14:29.494,True,W
TT001,Wake2,Session 7,3,Response,111.4917,11180.3997,2026-07-03 17:15:15.649,True,W
TT001,Wake2,Session 7,4,Response,153.4098,11222.3178,2026-07-03 17:15:57.568,True,W
TT001,Wake2,Session 7,5,Response,193.3875,11262.2955,2026-07-03 17:16:37.545,True,W
TT001,Wake2,Session 7,6,Response,234.2652,11303.1732,2026-07-03 17:17:18.423,True,W
TT001,Wake2,Session 7,7,Response,271.0233,11339.9313,2026-07-03 17:17:55.181,True,W
TT001,Wake2,Session 7,8,Response,311.8039,11380.7119,2026-07-03 17:18:35.962,True,W
TT001,Wake2,Session 7,9,Response,352.54,11421.448,2026-07-03 17:19:16.698,True,W
TT001,Wake2,Session 7,10,Response,393.789,11462.697,2026-07-03 17:19:57.947,True,W
TT001,Wake2,Session 7,11,Response,431.6701,11500.5781,2026-07-03 17:20:35.828,True,W
TT001,Wake2,Session 7,12,Response,467.2985,11536.2065,2026-07-03 17:21:11.456,True,W
TT001,Wake2,Session 7,13,Response,510.2649,11579.1729,2026-07-03 17:21:54.423,True,W
TT001,Wake2,Session 7,14,Response,550.8448,11619.7528,2026-07-03 17:22:35.003,True,W
TT001,Wake2,Session 7,15,Response,591.6255,11660.5335,2026-07-03 17:23:15.783,True,W
TT001,Wake2,Session 7,16,Response,637.1424,11706.0504,2026-07-03 17:24:01.300,True,W
TT001,Wake2,Session 7,17,Response,678.0345,11746.9425,2026-07-03 17:24:42.192,True,W
TT001,Wake2,Session 7,18,Response,720.5103,11789.4183,2026-07-03 17:25:24.668,True,W
TT001,Wake2,Session 7,19,Response,766.3617,11835.2697,2026-07-03 17:26:10.519,True,W
TT001,Wake2,Session 7,20,Response,805.5142,11874.4222,2026-07-03 17:26:49.672,True,W
TT001,Wake2,Session 7,21,Response,852.0493,11920.9573,2026-07-03 17:27:36.207,True,W
TT001,Wake2,Session 7,22,Response,898.0122,11966.9202,2026-07-03 17:28:22.170,True,W
TT002,Wake1,Session 3,1,Response,16.9552,699.2752,2026-07-04 14:29:17.581,True,W
TT002,Wake1,Session 3,2,Response,37.6466,719.9666,2026-07-04 14:29:38.272,True,W
TT002,Wake1,Session 3,3,Response,59.974,742.294,2026-07-04 14:30:00.600,True,W
TT002,Wake1,Session 3,4,Response,81.2007,763.5207,2026-07-04 14:30:21.826,True,W
TT002,Wake1,Session 3,5,Response,104.0556,786.3756,2026-07-04 14:30:44.681,True,W
TT002,Wake1,Session 3,6,Response,128.7395,811.0595,2026-07-04 14:31:09.365,True,W
TT002,Wake1,Session 3,7,Response,152.539,834.859,2026-07-04 14:31:33.165,True,W
TT002,Wake1,Session 3,8,Response,175.5946,857.9146,2026-07-04 14:31:56.220,True,W
TT002,Wake1,Session 3,9,Response,199.074,881.394,2026-07-04 14:32:19.700,True,W
TT002,Wake1,Session 3,10,Response,223.4757,905.7957,2026-07-04 14:32:44.101,True,W
TT002,Wake1,Session 3,11,Response,247.825,930.145,2026-07-04 14:33:08.451,True,W
TT002,Wake1,Session 3,12,Response,272.7397,955.0597,2026-07-04 14:33:33.365,True,W
TT002,Wake1,Session 3,13,Response,297.6689,979.9889,2026-07-04 14:33:58.295,True,W
TT002,Wake1,Session 3,14,Response,323.0296,1005.3496,2026-07-04 14:34:23.655,True,W
TT002,Wake1,Session 3,15,Response,346.0407,1028.3607,2026-07-04 14:34:46.666,True,W
TT002,Wake1,Session 3,16,Response,371.2676,1053.5876,2026-07-04 14:35:11.893,True,W
TT002,Wake1,Session 3,17,Response,395.7953,1078.1153,2026-07-04 14:35:36.421,True,W
TT002,Wake1,Session 3,18,Response,421.3345,1103.6545,2026-07-04 14:36:01.960,True,W
TT002,Wake1,Session 3,19,Response,447.5128,1129.8328,2026-07-04 14:36:28.138,True,W
TT002,Wake1,Session 3,20,Response,473.8103,1156.1303,2026-07-04 14:36:54.436,True,W
TT002,Wake1,Session 3,21,Response,501.126,1183.446,2026-07-04 14:37:21.752,True,W
TT002,Wake1,Session 3,22,Response,527.7581,1210.0781,2026-07-04 14:37:48.384,True,W
TT002,Wake1,Session 3,23,Response,562.1743,1244.4943,2026-07-04 14:38:22.800,True,W
TT002,Wake1,Session 3,24,Reset,579.2826,1261.6026,2026-07-04 14:38:39.908,True,W
TT002,Wake1,Session 3,25,Response,602.3382,1284.6582,2026-07-04 14:39:02.964,True,W
TT002,Wake1,Session 3,26,Response,629.587,1311.907,2026-07-04 14:39:30.213,True,W
TT002,Wake1,Session 3,27,Response,656.0407,1338.3607,2026-07-04 14:39:56.666,True,W
TT002,Wake1,Session 3,28,Response,682.472,1364.792,2026-07-04 14:40:23.098,True,W
TT002,Wake1,Session 3,29,Response,706.7098,1389.0298,2026-07-04 14:40:47.335,True,W
TT002,Wake1,Session 3,30,Response,731.0892,1413.4092,2026-07-04 14:41:11.715,True,W
TT002,Wake1,Session 3,31,Response,756.7098,1439.0298,2026-07-04 14:41:37.335,True,W
TT002,Wake1,Session 3,32,Response,781.5353,1463.8553,2026-07-04 14:42:02.161,True,W
TT002,Wake1,Session 3,33,Response,806.3752,1488.6952,2026-07-04 14:42:27.001,True,W
TT002,Wake1,Session 3,34,Response,831.9144,1514.2344,2026-07-04 14:42:52.540,True,W
TT002,Wake1,Session 3,35,Response,860.1892,1542.5092,2026-07-04 14:43:20.815,True,W
TT002,Wake1,Session 3,36,Response,886.8213,1569.1413,2026-07-04 14:43:47.447,True,W
TT002,Nap1,Session 4,1,Response,24.8567,1889.4307,2026-07-04 14:49:07.736,True,W
TT002,Nap1,Session 4,2,Response,51.9572,1916.5312,2026-07-04 14:49:34.837,True,W
TT002,Nap1,Session 4,3,Response,78.9238,1943.4978,2026-07-04 14:50:01.803,True,W
TT002,Nap1,Session 4,4,Response,106.4403,1971.0143,2026-07-04 14:50:29.320,True,W
TT002,Nap1,Session 4,5,Response,135.7266,2000.3006,2026-07-04 14:50:58.606,True,W
TT002,Nap1,Session 4,6,Response,168.6484,2033.2224,2026-07-04 14:51:31.528,True,W
TT002,Nap1,Session 4,7,Response,204.8344,2069.4084,2026-07-04 14:52:07.714,True,W
TT002,Nap1,Session 4,8,Response,233.0724,2097.6464,2026-07-04 14:52:35.952,True,W
TT002,Nap1,Session 4,9,Response,248.054,2112.628,2026-07-04 14:52:50.934,True,W
TT002,Nap1,Session 4,10,Response,276.9087,2141.4827,2026-07-04 14:53:19.788,True,W
TT002,Nap1,Session 4,11,Response,310.1282,2174.7022,2026-07-04 14:53:53.008,True,W
TT002,Nap1,Session 4,12,Response,339.3476,2203.9216,2026-07-04 14:54:22.227,True,W
TT002,Nap1,Session 4,13,Response,362.5371,2227.1111,2026-07-04 14:54:45.417,True,W
TT002,Nap1,Session 4,14,Response,428.1209,2292.6949,2026-07-04 14:55:51.001,True,W
TT002,Nap1,Session 4,15,Response,450.4405,2315.0145,2026-07-04 14:56:13.320,True,W
TT002,Nap1,Session 4,16,Response,501.0873,2365.6613,2026-07-04 14:57:03.967,True,W
TT002,Nap1,Session 4,17,Response,518.3885,2382.9625,2026-07-04 14:57:21.268,True,W
TT002,Nap1,Session 4,18,Response,543.4962,2408.0702,2026-07-04 14:57:46.376,True,W
TT002,Nap1,Session 4,19,Response,561.6449,2426.2189,2026-07-04 14:58:04.525,True,W
TT002,Nap1,Session 4,20,Response,603.5408,2468.1148,2026-07-04 14:58:46.420,True,W
TT002,Nap1,Session 4,21,Response,645.7489,2510.3229,2026-07-04 14:59:28.629,True,W
TT002,Nap1,Session 4,22,Response,668.3361,2532.9101,2026-07-04 14:59:51.216,True,1
TT002,Nap1,Session 4,23,Response,691.6895,2556.2635,2026-07-04 15:00:14.569,True,W
TT002,Nap1,Session 4,24,Response,739.0498,2603.6238,2026-07-04 15:01:01.929,True,1
TT002,Nap1,Session 4,25,Response,784.0314,2648.6054,2026-07-04 15:01:46.911,True,W
TT002,Nap1,Session 4,26,Response,832.5817,2697.1557,2026-07-04 15:02:35.461,True,W
TT002,Nap1,Session 4,27,Response,854.5444,2719.1184,2026-07-04 15:02:57.424,True,W
TT002,Nap2,Session 5,1,Response,23.5408,3073.6568,2026-07-04 15:08:51.962,True,W
TT002,Nap2,Session 5,2,Response,49.6599,3099.7759,2026-07-04 15:09:18.082,True,W
TT002,Nap2,Session 5,3,Response,76.0834,3126.1994,2026-07-04 15:09:44.505,True,W
TT002,Nap2,Session 5,4,Response,192.5148,3242.6308,2026-07-04 15:11:40.936,True,W
TT002,Nap2,Session 5,5,Response,206.9388,3257.0548,2026-07-04 15:11:55.360,True,W
TT002,Nap2,Session 5,6,Response,232.2025,3282.3185,2026-07-04 15:12:20.624,True,W
TT002,Nap2,Session 5,7,Response,256.3734,3306.4894,2026-07-04 15:12:44.795,True,W
TT002,Nap2,Session 5,8,Response,285.8604,3335.9764,2026-07-04 15:13:14.282,True,W
TT002,Nap2,Session 5,9,Response,413.4962,3463.6122,2026-07-04 15:15:21.918,True,W
TT002,Nap2,Session 5,10,Response,444.5444,3494.6604,2026-07-04 15:15:52.966,True,W
TT002,Nap2,Session 5,11,Response,499.9275,3550.0435,2026-07-04 15:16:48.349,True,W
TT002,Nap2,Session 5,12,Reset,512.73,3562.846,2026-07-04 15:17:01.152,True,W
TT002,Nap2,Session 5,13,Response,532.6932,3582.8092,2026-07-04 15:17:21.115,True,W
TT002,Nap2,Session 5,14,Response,560.6189,3610.7349,2026-07-04 15:17:49.041,True,W
TT002,Nap2,Session 5,15,Response,580.1729,3630.2889,2026-07-04 15:18:08.595,True,W
TT002,Nap2,Session 5,16,Response,625.4589,3675.5749,2026-07-04 15:18:53.881,True,W
TT002,Nap2,Session 5,17,Response,642.9162,3693.0322,2026-07-04 15:19:11.338,True,W
TT002,Nap2,Session 5,18,Response,680.9535,3731.0695,2026-07-04 15:19:49.375,True,W
TT002,Nap2,Session 5,19,Response,732.5817,3782.6977,2026-07-04 15:20:41.003,True,2
TT002,Nap2,Session 5,20,Response,763.3623,3813.4783,2026-07-04 15:21:11.784,True,W
TT002,Nap2,Session 5,21,Response,892.1579,3942.2739,2026-07-04 15:23:20.580,True,W
TT002,Nap2,Session 5,22,Response,924.4552,3974.5712,2026-07-04 15:23:52.877,True,W
TT002,Nap2,Session 5,23,Response,957.3324,4007.4484,2026-07-04 15:24:25.754,True,W
TT002,Nap2,Session 5,24,Response,986.4403,4036.5563,2026-07-04 15:24:54.862,True,W
TT002,Nap2,Session 5,25,Response,1014.9459,4065.0619,2026-07-04 15:25:23.368,True,1
TT002,Nap2,Session 5,26,Response,1031.1765,4081.2925,2026-07-04 15:25:39.598,True,W
TT002,Nap2,Session 5,27,Response,1056.3065,4106.4225,2026-07-04 15:26:04.728,True,W
TT002,Nap2,Session 5,28,Response,1075.8381,4125.9541,2026-07-04 15:26:24.260,True,W
TT002,Nap2,Session 5,29,Response,1219.2807,4269.3967,2026-07-04 15:28:47.702,True,W
TT002,Nap2,Session 5,30,Response,1248.8937,4299.0097,2026-07-04 15:29:17.315,True,W
TT002,Nap2,Session 5,31,Response,1281.355,4331.471,2026-07-04 15:29:49.777,True,W
TT002,Nap2,Session 5,32,Reset,1305.4366,4355.5526,2026-07-04 15:30:13.858,True,W
TT002,Nap2,Session 5,33,Reset,1325.102,4375.218,2026-07-04 15:30:33.524,True,W
TT002,Nap2,Session 5,34,Reset,1337.1986,4387.3146,2026-07-04 15:30:45.620,True,W
TT002,Nap2,Session 5,35,Response,1470.2175,4520.3335,2026-07-04 15:32:58.639,True,W
TT002,Nap2,Session 5,36,Reset,1485.8604,4535.9764,2026-07-04 15:33:14.282,True,W
TT002,Nap2,Session 5,37,Response,1511.4219,4561.5379,2026-07-04 15:33:39.844,True,W
TT002,Nap2,Session 5,38,Response,1549.0276,4599.1436,2026-07-04 15:34:17.449,True,W
TT002,Nap2,Session 5,39,Reset,1591.6895,4641.8055,2026-07-04 15:35:00.111,True,W
TT002,Nap2,Session 5,40,Response,1615.266,4665.382,2026-07-04 15:35:23.688,True,W
TT002,Nap2,Session 5,41,Reset,1637.9123,4688.0283,2026-07-04 15:35:46.334,True,1
TT002,Nap2,Session 5,42,Reset,1665.7042,4715.8202,2026-07-04 15:36:14.126,True,W
TT002,Nap2,Session 5,43,Reset,1688.4253,4738.5413,2026-07-04 15:36:36.847,True,W
TT002,Nap2,Session 5,44,Reset,1701.0427,4751.1587,2026-07-04 15:36:49.464,True,W
TT002,Nap2,Session 5,45,Reset,1735.169,4785.285,2026-07-04 15:37:23.591,True,W
TT002,Nap2,Session 5,46,Reset,1850.7082,4900.8242,2026-07-04 15:39:19.130,True,W
TT002,Nap2,Session 5,47,Response,1865.9719,4916.0879,2026-07-04 15:39:34.394,True,W
TT002,Nap2,Session 5,48,Response,1888.5369,4938.6529,2026-07-04 15:39:56.959,True,W
TT002,Nap2,Session 5,49,Response,1903.0278,4953.1438,2026-07-04 15:40:11.449,True,W
TT002,Nap2,Session 5,50,Response,1947.3994,4997.5154,2026-07-04 15:40:55.821,True,1
TT002,Nap2,Session 5,51,Response,1971.4665,5021.5825,2026-07-04 15:41:19.888,True,2
TT002,Nap2,Session 5,52,Reset,2001.6003,5051.7163,2026-07-04 15:41:50.022,True,2
TT002,Nap2,Session 5,53,Reset,2050.1952,5100.3112,2026-07-04 15:42:38.617,True,2
TT002,Nap2,Session 5,54,Reset,2089.5706,5139.6866,2026-07-04 15:43:17.992,True,2
TT002,Nap2,Session 5,55,Reset,2285.0206,5335.1366,2026-07-04 15:46:33.442,True,W
TT002,Nap2,Session 5,56,Reset,2334.7229,5384.8389,2026-07-04 15:47:23.145,True,W
TT002,Nap2,Session 5,57,Reset,2395.1913,5445.3073,2026-07-04 15:48:23.613,True,W
TT002,Nap2,Session 5,58,Reset,2498.5224,5548.6384,2026-07-04 15:50:06.944,True,W
TT002,Nap2,Session 5,59,Response,2519.013,5569.129,2026-07-04 15:50:27.435,True,W
TT002,Nap2,Session 5,60,Reset,2549.9944,5600.1104,2026-07-04 15:50:58.416,True,W
TT002,Nap2,Session 5,61,Reset,2578.0317,5628.1477,2026-07-04 15:51:26.453,True,W
TT002,Nap2,Session 5,62,Reset,2587.7562,5637.8722,2026-07-04 15:51:36.178,True,W
TT002,Nap2,Session 5,63,Response,2623.8307,5673.9467,2026-07-04 15:52:12.252,True,2
TT002,Nap2,Session 5,64,Reset,2662.4479,5712.5639,2026-07-04 15:52:50.870,True,2
TT002,Nap2,Session 5,65,Response,2872.3363,5922.4523,2026-07-04 15:56:20.758,True,W
TT002,Nap2,Session 5,66,Response,2889.3476,5939.4636,2026-07-04 15:56:37.769,True,W
TT002,Nap2,Session 5,67,Response,2913.3177,5963.4337,2026-07-04 15:57:01.739,True,W
TT002,Nap2,Session 5,68,Reset,2934.4329,5984.5489,2026-07-04 15:57:22.855,True,W
TT002,Nap2,Session 5,69,Reset,2953.6077,6003.7237,2026-07-04 15:57:42.029,True,W
TT002,Nap2,Session 5,70,Reset,2967.8677,6017.9837,2026-07-04 15:57:56.289,True,W
TT002,Nap2,Session 5,71,Response,3092.6263,6142.7423,2026-07-04 16:00:01.048,True,W
TT002,Nap2,Session 5,72,Response,3126.3957,6176.5117,2026-07-04 16:00:34.817,True,W
TT002,Nap2,Session 5,73,Reset,3147.9123,6198.0283,2026-07-04 16:00:56.334,True,W
TT002,Nap2,Session 5,74,Reset,3166.641,6216.757,2026-07-04 16:01:15.063,True,W
TT002,Nap2,Session 5,75,Reset,3178.0685,6228.1845,2026-07-04 16:01:26.490,True,W
TT002,Nap2,Session 5,76,Reset,3195.7712,6245.8872,2026-07-04 16:01:44.193,True,W
TT002,Nap2,Session 5,77,Reset,3210.3067,6260.4227,2026-07-04 16:01:58.728,True,W
TT002,Nap2,Session 5,78,Response,3330.6189,6380.7349,2026-07-04 16:03:59.041,True,W
TT002,Nap2,Session 5,79,Response,3357.4886,6407.6046,2026-07-04 16:04:25.910,True,W
TT002,Nap2,Session 5,80,Response,3394.4106,6444.5266,2026-07-04 16:05:02.832,True,W
TT002,Nap2,Session 5,81,Response,3412.8493,6462.9653,2026-07-04 16:05:21.271,True,W
TT002,Nap2,Session 5,82,Response,3430.1506,6480.2666,2026-07-04 16:05:38.572,True,W
TT002,Nap2,Session 5,83,Response,3460.552,6510.668,2026-07-04 16:06:08.974,True,1
TT002,Nap2,Session 5,84,Response,3491.9572,6542.0732,2026-07-04 16:06:40.379,True,1
TT002,Nap2,Session 5,85,Reset,3544.3883,6594.5043,2026-07-04 16:07:32.810,True,2
TT002,Nap2,Session 5,86,Reset,3564.7452,6614.8612,2026-07-04 16:07:53.167,True,2
TT002,Nap2,Session 5,87,Reset,3639.8383,6689.9543,2026-07-04 16:09:08.260,True,2
TT002,Nap2,Session 5,88,Reset,3687.4663,6737.5823,2026-07-04 16:09:55.888,True,2
TT002,Nap2,Session 5,89,Reset,3740.5074,6790.6234,2026-07-04 16:10:48.929,True,W
TT002,Nap2,Session 5,90,Reset,3802.2248,6852.3408,2026-07-04 16:11:50.646,True,2
TT002,Nap2,Session 5,91,Reset,3815.7489,6865.8649,2026-07-04 16:12:04.171,True,2
TT002,Nap2,Session 5,92,Response,4057.6447,7107.7607,2026-07-04 16:16:06.066,True,W
TT002,Nap2,Session 5,93,Response,4085.0574,7135.1734,2026-07-04 16:16:33.479,True,W
TT002,Nap2,Session 5,94,Response,4107.2432,7157.3592,2026-07-04 16:16:55.665,True,W
TT002,Nap2,Session 5,95,Reset,4131.2434,7181.3594,2026-07-04 16:17:19.665,True,W
TT002,Nap2,Session 5,96,Reset,4165.5258,7215.6418,2026-07-04 16:17:53.947,True,W
TT002,Nap2,Session 5,97,Reset,4187.8532,7237.9692,2026-07-04 16:18:16.275,True,W
TT002,Nap2,Session 5,98,Response,4348.4554,7398.5714,2026-07-04 16:20:56.877,True,W
TT002,Nap2,Session 5,99,Response,4381.2211,7431.3371,2026-07-04 16:21:29.643,True,W
TT002,Nap2,Session 5,100,Response,4414.2322,7464.3482,2026-07-04 16:22:02.654,True,W
TT002,Nap2,Session 5,101,Response,4442.7155,7492.8315,2026-07-04 16:22:31.137,True,W
TT002,Nap2,Session 5,102,Reset,4486.3511,7536.4671,2026-07-04 16:23:14.773,True,1
TT002,Nap2,Session 5,103,Reset,4519.593,7569.709,2026-07-04 16:23:48.015,True,W
TT002,Nap2,Session 5,104,Response,4553.8753,7603.9913,2026-07-04 16:24:22.297,True,1
TT002,Nap2,Session 5,105,Response,4576.6187,7626.7347,2026-07-04 16:24:45.040,True,2
TT002,Nap2,Session 5,106,Reset,4623.1616,7673.2776,2026-07-04 16:25:31.583,True,2
TT002,Nap2,Session 5,107,Response,4641.4219,7691.5379,2026-07-04 16:25:49.844,True,W
TT002,Nap2,Session 5,108,Response,4667.7562,7717.8722,2026-07-04 16:26:16.178,True,W
TT002,Nap2,Session 5,109,Reset,4690.2844,7740.4004,2026-07-04 16:26:38.706,True,2
TT002,Nap2,Session 5,110,Reset,4735.7935,7785.9095,2026-07-04 16:27:24.215,True,W
TT002,Nap2,Session 5,111,Response,4764.0984,7814.2144,2026-07-04 16:27:52.520,True,W
TT002,Nap2,Session 5,112,Response,4793.1393,7843.2553,2026-07-04 16:28:21.561,True,W
TT002,Nap2,Session 5,113,Reset,4822.9832,7873.0992,2026-07-04 16:28:51.405,True,W
TT002,Nap2,Session 5,114,Reset,4847.3324,7897.4484,2026-07-04 16:29:15.754,True,W
TT002,Nap2,Session 5,115,Response,4925.0351,7975.1511,2026-07-04 16:30:33.457,True,2
TT002,Nap2,Session 5,116,Reset,5017.7116,8067.8276,2026-07-04 16:32:06.133,True,W
TT002,Nap2,Session 5,117,Reset,5177.4964,8227.6124,2026-07-04 16:34:45.918,True,W
TT002,Nap2,Session 5,118,Response,5196.515,8246.631,2026-07-04 16:35:04.937,True,W
TT002,Nap2,Session 5,119,Response,5229.2807,8279.3967,2026-07-04 16:35:37.702,True,W
TT002,Nap2,Session 5,120,Response,5247.6748,8297.7908,2026-07-04 16:35:56.096,True,2
TT002,Nap2,Session 5,121,Response,5290.0167,8340.1327,2026-07-04 16:36:38.438,True,W
TT002,Nap2,Session 5,122,Reset,5364.143,8414.259,2026-07-04 16:37:52.565,True,2
TT002,Wake2,Session 7,1,Response,23.0856,9205.4916,2026-07-04 16:51:03.797,True,W
TT002,Wake2,Session 7,2,Response,48.1709,9230.5769,2026-07-04 16:51:28.883,True,W
TT002,Wake2,Session 7,3,Response,73.1302,9255.5362,2026-07-04 16:51:53.842,True,W
TT002,Wake2,Session 7,4,Response,103.7324,9286.1384,2026-07-04 16:52:24.444,True,W
TT002,Wake2,Session 7,5,Response,135.2268,9317.6328,2026-07-04 16:52:55.938,True,W
TT002,Wake2,Session 7,6,Response,170.8998,9353.3058,2026-07-04 16:53:31.611,True,W
TT002,Wake2,Session 7,7,Response,204.8253,9387.2313,2026-07-04 16:54:05.537,True,W
TT002,Wake2,Session 7,8,Response,246.3643,9428.7703,2026-07-04 16:54:47.076,True,W
TT002,Wake2,Session 7,9,Response,279.3976,9461.8036,2026-07-04 16:55:20.109,True,W
TT002,Wake2,Session 7,10,Response,312.6395,9495.0455,2026-07-04 16:55:53.351,True,W
TT002,Wake2,Session 7,11,Response,347.0373,9529.4433,2026-07-04 16:56:27.749,True,W
TT002,Wake2,Session 7,12,Response,383.5133,9565.9193,2026-07-04 16:57:04.225,True,W
TT002,Wake2,Session 7,13,Response,415.8329,9598.2389,2026-07-04 16:57:36.545,True,W
TT002,Wake2,Session 7,14,Response,445.0076,9627.4136,2026-07-04 16:58:05.719,True,W
TT002,Wake2,Session 7,15,Response,480.0706,9662.4766,2026-07-04 16:58:40.782,True,W
TT002,Wake2,Session 7,16,Response,517.1934,9699.5994,2026-07-04 16:59:17.905,True,W
TT002,Wake2,Session 7,17,Response,558.3756,9740.7816,2026-07-04 16:59:59.087,True,W
TT002,Wake2,Session 7,18,Response,593.4464,9775.8524,2026-07-04 17:00:34.158,True,W
TT002,Wake2,Session 7,19,Response,626.3682,9808.7742,2026-07-04 17:01:07.080,True,W
TT002,Wake2,Session 7,20,Response,654.0932,9836.4992,2026-07-04 17:01:34.805,True,W
TT002,Wake2,Session 7,21,Response,683.0594,9865.4654,2026-07-04 17:02:03.771,True,W
TT002,Wake2,Session 7,22,Response,724.1155,9906.5215,2026-07-04 17:02:44.827,True,W
TT002,Wake2,Session 7,23,Response,764.5616,9946.9676,2026-07-04 17:03:25.273,True,W
TT002,Wake2,Session 7,24,Response,795.766,9978.172,2026-07-04 17:03:56.478,True,W
TT002,Wake2,Session 7,25,Response,835.6545,10018.0605,2026-07-04 17:04:36.366,True,W
TT002,Wake2,Session 7,26,Reset,848.0042,10030.4102,2026-07-04 17:04:48.716,True,W
TT002,Wake2,Session 7,27,Response,887.9518,10070.3578,2026-07-04 17:05:28.663,True,W
TT003,Wake1,Session 3,1,Response,26.2569,1896.7869,2026-07-08 14:27:05.141,True,W
TT003,Wake1,Session 3,2,Response,59.9395,1930.4695,2026-07-08 14:27:38.824,True,W
TT003,Wake1,Session 3,3,Response,101.0993,1971.6293,2026-07-08 14:28:19.983,True,W
TT003,Wake1,Session 3,4,Response,133.9096,2004.4396,2026-07-08 14:28:52.794,True,W
TT003,Wake1,Session 3,5,Response,179.9395,2050.4695,2026-07-08 14:29:38.824,True,W
TT003,Wake1,Session 3,6,Response,224.311,2094.841,2026-07-08 14:30:23.195,True,W
TT003,Wake1,Session 3,7,Response,264.2664,2134.7964,2026-07-08 14:31:03.150,True,W
TT003,Wake1,Session 3,8,Response,312.2145,2182.7445,2026-07-08 14:31:51.099,True,W
TT003,Wake1,Session 3,9,Response,350.5116,2221.0416,2026-07-08 14:32:29.396,True,W
TT003,Wake1,Session 3,10,Response,389.5748,2260.1048,2026-07-08 14:33:08.459,True,W
TT003,Wake1,Session 3,11,Response,443.2773,2313.8073,2026-07-08 14:34:02.161,True,W
TT003,Wake1,Session 3,12,Response,481.5376,2352.0676,2026-07-08 14:34:40.422,True,W
TT003,Wake1,Session 3,13,Response,522.5713,2393.1013,2026-07-08 14:35:21.455,True,W
TT003,Wake1,Session 3,14,Response,560.787,2431.317,2026-07-08 14:35:59.671,True,W
TT003,Wake1,Session 3,15,Response,602.5713,2473.1013,2026-07-08 14:36:41.455,True,W
TT003,Wake1,Session 3,16,Response,649.3964,2519.9264,2026-07-08 14:37:28.280,True,W
TT003,Wake1,Session 3,17,Response,692.4821,2563.0121,2026-07-08 14:38:11.366,True,W
TT003,Wake1,Session 3,18,Response,730.1101,2600.6401,2026-07-08 14:38:48.994,True,W
TT003,Wake1,Session 3,19,Reset,757.439,2627.969,2026-07-08 14:39:16.323,True,W
TT003,Wake1,Session 3,20,Response,789.3072,2659.8372,2026-07-08 14:39:48.191,True,W
TT003,Wake1,Session 3,21,Response,821.8052,2692.3352,2026-07-08 14:40:20.689,True,W
TT003,Wake1,Session 3,22,Response,853.2326,2723.7626,2026-07-08 14:40:52.117,True,W
TT003,Wake1,Session 3,23,Reset,883.6865,2754.2165,2026-07-08 14:41:22.571,True,W
TT003,Nap1,Session 4,1,Response,232.6149,3340.5909,2026-07-08 14:51:08.945,True,W
TT003,Nap1,Session 4,2,Response,270.786,3378.762,2026-07-08 14:51:47.116,True,W
TT003,Nap1,Session 4,3,Response,315.336,3423.312,2026-07-08 14:52:31.666,True,W
TT003,Nap1,Session 4,4,Response,366.7858,3474.7618,2026-07-08 14:53:23.116,True,W
TT003,Nap1,Session 4,5,Response,407.4995,3515.4755,2026-07-08 14:54:03.830,True,W
TT003,Nap1,Session 4,6,Response,466.4735,3574.4495,2026-07-08 14:55:02.804,True,W
TT003,Nap1,Session 4,7,Response,522.3919,3630.3679,2026-07-08 14:55:58.722,True,W
TT003,Nap2,Session 5,1,Response,34.9892,4045.5392,2026-07-08 15:02:53.893,True,W
TT003,Nap2,Session 5,2,Response,78.2678,4088.8178,2026-07-08 15:03:37.172,True,W
TT003,Nap2,Session 5,3,Response,121.5465,4132.0965,2026-07-08 15:04:20.451,True,W
TT003,Nap2,Session 5,4,Response,304.2308,4314.7808,2026-07-08 15:07:23.135,True,W
TT003,Nap2,Session 5,5,Response,351.0335,4361.5835,2026-07-08 15:08:09.938,True,W
TT003,Nap2,Session 5,6,Reset,396.4389,4406.9889,2026-07-08 15:08:55.343,True,W
TT003,Nap2,Session 5,7,Response,416.6843,4427.2343,2026-07-08 15:09:15.588,True,W
TT003,Nap2,Session 5,8,Reset,461.5019,4472.0519,2026-07-08 15:10:00.406,True,W
TT003,Nap2,Session 5,9,Response,533.0487,4543.5987,2026-07-08 15:11:11.953,True,W
TT003,Nap2,Session 5,10,Reset,555.1453,4565.6953,2026-07-08 15:11:34.049,True,W
TT003,Nap2,Session 5,11,Response,598.4017,4608.9517,2026-07-08 15:12:17.306,True,W
TT003,Nap2,Session 5,12,Response,616.1635,4626.7135,2026-07-08 15:12:35.068,True,W
TT003,Nap2,Session 5,13,Reset,682.974,4693.524,2026-07-08 15:13:41.878,True,W
TT003,Nap2,Session 5,14,Response,760.4313,4770.9813,2026-07-08 15:14:59.335,True,W
TT003,Nap2,Session 5,15,Reset,777.4872,4788.0372,2026-07-08 15:15:16.391,True,W
TT003,Nap2,Session 5,16,Response,805.7252,4816.2752,2026-07-08 15:15:44.629,True,W
TT003,Nap2,Session 5,17,Reset,837.5764,4848.1264,2026-07-08 15:16:16.480,True,W
TT003,Nap2,Session 5,18,Reset,865.3014,4875.8514,2026-07-08 15:16:44.205,True,W
TT003,Nap2,Session 5,19,Response,946.1713,4956.7213,2026-07-08 15:18:05.075,True,W
TT003,Nap2,Session 5,20,Response,1230.7659,5241.3159,2026-07-08 15:22:49.670,True,W
TT003,Nap2,Session 5,21,Response,1282.7364,5293.2864,2026-07-08 15:23:41.640,True,W
TT003,Nap2,Session 5,22,Reset,1305.5022,5316.0522,2026-07-08 15:24:04.406,True,W
TT003,Nap2,Session 5,23,Reset,1342.9517,5353.5017,2026-07-08 15:24:41.856,True,W
TT003,Nap2,Session 5,24,Response,1378.4017,5388.9517,2026-07-08 15:25:17.306,True,W
TT003,Nap2,Session 5,25,Reset,1395.5022,5406.0522,2026-07-08 15:25:34.406,True,W
TT003,Nap2,Session 5,26,Response,1612.684,5623.234,2026-07-08 15:29:11.588,True,W
TT003,Nap2,Session 5,27,Response,1642.0818,5652.6318,2026-07-08 15:29:40.986,True,W
TT003,Nap2,Session 5,28,Response,1687.3534,5697.9034,2026-07-08 15:30:26.257,True,W
TT003,Nap2,Session 5,29,Response,1714.4985,5725.0485,2026-07-08 15:30:53.403,True,W
TT003,Nap2,Session 5,30,Reset,1717.7549,5728.3049,2026-07-08 15:30:56.659,True,W
TT003,Nap2,Session 5,31,Reset,1758.1117,5768.6617,2026-07-08 15:31:37.016,True,W
TT003,Nap2,Session 5,32,Reset,1809.9852,5820.5352,2026-07-08 15:32:28.889,True,W
TT003,Nap2,Session 5,33,Response,1952.9372,5963.4872,2026-07-08 15:34:51.841,True,W
TT003,Nap2,Session 5,34,Response,1988.2232,5998.7732,2026-07-08 15:35:27.127,True,W
TT003,Nap2,Session 5,35,Reset,2029.6953,6040.2453,2026-07-08 15:36:08.599,True,W
TT003,Nap2,Session 5,36,Response,2064.7438,6075.2938,2026-07-08 15:36:43.648,True,W
TT003,Nap2,Session 5,37,Reset,2085.346,6095.896,2026-07-08 15:37:04.250,True,W
TT003,Nap2,Session 5,38,Reset,2127.7995,6138.3495,2026-07-08 15:37:46.704,True,W
TT003,Nap2,Session 5,39,Reset,2154.0669,6164.6169,2026-07-08 15:38:12.971,True,W
TT003,Nap2,Session 5,40,Response,2189.2046,6199.7546,2026-07-08 15:38:48.109,True,W
TT003,Nap2,Session 5,41,Response,2418.1786,6428.7286,2026-07-08 15:42:37.083,True,W
TT003,Nap2,Session 5,42,Reset,2457.8218,6468.3718,2026-07-08 15:43:16.726,True,W
TT003,Nap2,Session 5,43,Response,2490.7882,6501.3382,2026-07-08 15:43:49.692,True,W
TT003,Nap2,Session 5,44,Reset,2549.6284,6560.1784,2026-07-08 15:44:48.532,True,W
TT003,Nap2,Session 5,45,Response,2590.4313,6600.9813,2026-07-08 15:45:29.335,True,W
TT003,Nap2,Session 5,46,Reset,2677.5987,6688.1487,2026-07-08 15:46:56.503,True,W
TT003,Nap2,Session 5,47,Response,2829.0708,6839.6208,2026-07-08 15:49:27.975,True,W
TT003,Nap2,Session 5,48,Response,2864.8776,6875.4276,2026-07-08 15:50:03.782,True,W
TT003,Nap2,Session 5,49,Response,2902.2156,6912.7656,2026-07-08 15:50:41.120,True,W
TT003,Nap2,Session 5,50,Response,2944.0223,6954.5723,2026-07-08 15:51:22.926,True,W
TT003,Nap2,Session 5,51,Reset,2966.2382,6976.7882,2026-07-08 15:51:45.142,True,W
TT003,Nap2,Session 5,52,Response,3024.6245,7035.1745,2026-07-08 15:52:43.529,True,W
TT003,Nap2,Session 5,53,Reset,3100.1637,7110.7137,2026-07-08 15:53:59.068,True,W
TT003,Nap2,Session 5,54,Response,3123.9331,7134.4831,2026-07-08 15:54:22.837,True,W
TT003,Nap2,Session 5,55,Response,3369.7176,7380.2676,2026-07-08 15:58:28.622,True,W
TT003,Nap2,Session 5,56,Response,3406.7958,7417.3458,2026-07-08 15:59:05.700,True,W
TT003,Nap2,Session 5,57,Response,3445.6583,7456.2083,2026-07-08 15:59:44.562,True,W
TT003,Nap2,Session 5,58,Reset,3502.3049,7512.8549,2026-07-08 16:00:41.209,True,W
TT003,Nap2,Session 5,59,Response,3730.4352,7740.9852,2026-07-08 16:04:29.339,True,W
TT003,Nap2,Session 5,60,Response,3762.0634,7772.6134,2026-07-08 16:05:00.967,True,W
TT003,Nap2,Session 5,61,Response,3806.5911,7817.1411,2026-07-08 16:05:45.495,True,W
TT003,Nap2,Session 5,62,Response,3849.736,7860.286,2026-07-08 16:06:28.640,True,W
TT003,Nap2,Session 5,63,Response,3891.1858,7901.7358,2026-07-08 16:07:10.090,True,W
TT003,Nap2,Session 5,64,Response,4027.1487,8037.6987,2026-07-08 16:09:26.053,True,W
TT003,Nap2,Session 5,65,Response,4073.2232,8083.7732,2026-07-08 16:10:12.127,True,W
TT003,Nap2,Session 5,66,Response,4107.0818,8117.6318,2026-07-08 16:10:45.986,True,W
TT003,Nap2,Session 5,67,Response,4130.8958,8141.4458,2026-07-08 16:11:09.800,True,W
TT003,Nap2,Session 5,68,Response,4160.8367,8171.3867,2026-07-08 16:11:39.741,True,W
TT003,Nap2,Session 5,69,Response,4187.1487,8197.6987,2026-07-08 16:12:06.053,True,W
TT003,Nap2,Session 5,70,Response,4251.3274,8261.8774,2026-07-08 16:13:10.231,True,W
TT003,Nap2,Session 5,71,Response,4270.7921,8281.3421,2026-07-08 16:13:29.696,True,W
TT003,Nap2,Session 5,72,Response,4416.8588,8427.4088,2026-07-08 16:15:55.763,True,W
TT003,Nap2,Session 5,73,Response,4468.5539,8479.1039,2026-07-08 16:16:47.458,True,W
TT003,Nap2,Session 5,74,Response,4509.5654,8520.1154,2026-07-08 16:17:28.469,True,W
TT003,Nap2,Session 5,75,Response,4556.1674,8566.7174,2026-07-08 16:18:15.071,True,W
TT003,Nap2,Session 5,76,Response,4583.7139,8594.2639,2026-07-08 16:18:42.618,True,W
TT003,Nap2,Session 5,77,Response,4596.8365,8607.3865,2026-07-08 16:18:55.741,True,W
TT003,Nap2,Session 5,78,Response,4612.8664,8623.4164,2026-07-08 16:19:11.770,True,W
TT003,Nap2,Session 5,79,Response,4662.9779,8673.5279,2026-07-08 16:20:01.882,True,W
TT003,Nap2,Session 5,80,Response,4700.1007,8710.6507,2026-07-08 16:20:39.005,True,W
TT003,Nap2,Session 5,81,Response,4833.2902,8843.8402,2026-07-08 16:22:52.194,True,W
TT003,Nap2,Session 5,82,Response,4866.5242,8877.0742,2026-07-08 16:23:25.428,True,W
TT003,Nap2,Session 5,83,Response,4885.3421,8895.8921,2026-07-08 16:23:44.246,True,W
TT003,Nap2,Session 5,84,Response,4903.4686,8914.0186,2026-07-08 16:24:02.373,True,W
TT003,Nap2,Session 5,85,Response,4917.5502,8928.1002,2026-07-08 16:24:16.454,True,W
TT003,Nap2,Session 5,86,Response,4946.0558,8956.6058,2026-07-08 16:24:44.960,True,W
TT003,Nap2,Session 5,87,Response,4964.3333,8974.8833,2026-07-08 16:25:03.237,True,W
TT003,Nap2,Session 5,88,Response,4981.7323,8992.2823,2026-07-08 16:25:20.636,True,W
TT003,Nap2,Session 5,89,Response,5001.0026,9011.5526,2026-07-08 16:25:39.907,True,W
TT003,Nap2,Session 5,90,Response,5104.9995,9115.5495,2026-07-08 16:27:23.904,True,W
TT003,Nap2,Session 5,91,Response,5127.3548,9137.9048,2026-07-08 16:27:46.259,True,W
TT003,Nap2,Session 5,92,Response,5154.7792,9165.3292,2026-07-08 16:28:13.683,True,W
TT003,Nap2,Session 5,93,Response,5204.7378,9215.2878,2026-07-08 16:29:03.642,True,2
TT003,Nap2,Session 5,94,Response,5248.8138,9259.3638,2026-07-08 16:29:47.718,True,2
TT003,Wake2,Session 7,1,Response,32.0704,10068.7844,2026-07-08 16:43:17.138,True,W
TT003,Wake2,Session 7,2,Response,57.8992,10094.6132,2026-07-08 16:43:42.967,True,W
TT003,Wake2,Session 7,3,Response,90.7303,10127.4443,2026-07-08 16:44:15.798,True,W
TT003,Wake2,Session 7,4,Response,124.7588,10161.4728,2026-07-08 16:44:49.827,True,W
TT003,Wake2,Session 7,5,Response,152.1894,10188.9034,2026-07-08 16:45:17.257,True,W
TT003,Wake2,Session 7,6,Response,181.7533,10218.4673,2026-07-08 16:45:46.821,True,W
TT003,Wake2,Session 7,7,Response,216.781,10253.495,2026-07-08 16:46:21.849,True,W
TT003,Wake2,Session 7,8,Response,258.375,10295.089,2026-07-08 16:47:03.443,True,W
TT003,Wake2,Session 7,9,Response,289.5646,10326.2786,2026-07-08 16:47:34.633,True,W
TT003,Wake2,Session 7,10,Response,330.4686,10367.1826,2026-07-08 16:48:15.537,True,W
TT003,Wake2,Session 7,11,Response,370.3021,10407.0161,2026-07-08 16:48:55.370,True,W
TT003,Wake2,Session 7,12,Response,418.2085,10454.9225,2026-07-08 16:49:43.277,True,W
TT003,Wake2,Session 7,13,Response,455.4487,10492.1627,2026-07-08 16:50:20.517,True,W
TT003,Wake2,Session 7,14,Response,490.8493,10527.5633,2026-07-08 16:50:55.917,True,W
TT003,Wake2,Session 7,15,Response,531.9199,10568.6339,2026-07-08 16:51:36.988,True,W
TT003,Wake2,Session 7,16,Response,578.8984,10615.6124,2026-07-08 16:52:23.966,True,W
TT003,Wake2,Session 7,17,Response,623.7193,10660.4333,2026-07-08 16:53:08.787,True,W
TT003,Wake2,Session 7,18,Response,661.156,10697.87,2026-07-08 16:53:46.224,True,W
TT003,Wake2,Session 7,19,Response,707.2154,10743.9294,2026-07-08 16:54:32.283,True,W
TT003,Wake2,Session 7,20,Response,743.609,10780.323,2026-07-08 16:55:08.677,True,W
TT003,Wake2,Session 7,21,Response,781.7676,10818.4816,2026-07-08 16:55:46.836,True,W
TT003,Wake2,Session 7,22,Response,831.21,10867.924,2026-07-08 16:56:36.278,True,W
TT003,Wake2,Session 7,23,Response,879.2267,10915.9407,2026-07-08 16:57:24.295,True,W
TT004,Wake1,Session 5,1,Response,32.8432,1380.3232,2026-07-09 14:32:41.749,True,W
TT004,Wake1,Session 5,2,Response,59.3759,1406.8559,2026-07-09 14:33:08.282,True,W
TT004,Wake1,Session 5,3,Response,86.2673,1433.7473,2026-07-09 14:33:35.173,True,W
TT004,Wake1,Session 5,4,Response,112.9732,1460.4532,2026-07-09 14:34:01.879,True,W
TT004,Wake1,Session 5,5,Response,141.4695,1488.9495,2026-07-09 14:34:30.375,True,W
TT004,Wake1,Session 5,6,Response,170.2999,1517.7799,2026-07-09 14:34:59.206,True,W
TT004,Wake1,Session 5,7,Response,200.3514,1547.8314,2026-07-09 14:35:29.257,True,W
TT004,Wake1,Session 5,8,Response,228.8486,1576.3286,2026-07-09 14:35:57.754,True,W
TT004,Wake1,Session 5,9,Response,265.2562,1612.7362,2026-07-09 14:36:34.162,True,W
TT004,Wake1,Session 5,10,Response,291.3863,1638.8663,2026-07-09 14:37:00.292,True,W
TT004,Wake1,Session 5,11,Reset,308.5432,1656.0232,2026-07-09 14:37:17.449,True,W
TT004,Wake1,Session 5,12,Reset,335.3276,1682.8076,2026-07-09 14:37:44.233,True,W
TT004,Wake1,Session 5,13,Response,367.2308,1714.7108,2026-07-09 14:38:16.137,True,W
TT004,Wake1,Session 5,14,Reset,387.1952,1734.6752,2026-07-09 14:38:36.101,True,W
TT004,Wake1,Session 5,15,Reset,390.6526,1738.1326,2026-07-09 14:38:39.558,True,W
TT004,Wake1,Session 5,16,Response,419.598,1767.078,2026-07-09 14:39:08.504,True,W
TT004,Wake1,Session 5,17,Reset,432.1802,1779.6602,2026-07-09 14:39:21.086,True,W
TT004,Wake1,Session 5,18,Reset,451.4458,1798.9258,2026-07-09 14:39:40.352,True,W
TT004,Wake1,Session 5,19,Response,486.1246,1833.6046,2026-07-09 14:40:15.030,True,W
TT004,Wake1,Session 5,20,Reset,499.8012,1847.2812,2026-07-09 14:40:28.707,True,W
TT004,Wake1,Session 5,21,Reset,523.2824,1870.7624,2026-07-09 14:40:52.188,True,W
TT004,Wake1,Session 5,22,Response,547.5172,1894.9972,2026-07-09 14:41:16.423,True,W
TT004,Wake1,Session 5,23,Reset,563.8605,1911.3405,2026-07-09 14:41:32.766,True,W
TT004,Wake1,Session 5,24,Reset,581.1334,1928.6134,2026-07-09 14:41:50.039,True,W
TT004,Wake1,Session 5,25,Reset,602.9494,1950.4294,2026-07-09 14:42:11.855,True,W
TT004,Wake1,Session 5,26,Reset,619.4553,1966.9353,2026-07-09 14:42:28.361,True,W
TT004,Wake1,Session 5,27,Reset,644.0913,1991.5713,2026-07-09 14:42:52.997,True,W
TT004,Wake1,Session 5,28,Reset,659.8716,2007.3516,2026-07-09 14:43:08.777,True,W
TT004,Wake1,Session 5,29,Reset,674.9668,2022.4468,2026-07-09 14:43:23.873,True,W
TT004,Wake1,Session 5,30,Response,713.2182,2060.6982,2026-07-09 14:44:02.124,True,W
TT004,Wake1,Session 5,31,Reset,735.2919,2082.7719,2026-07-09 14:44:24.198,True,W
TT004,Wake1,Session 5,32,Response,759.491,2106.971,2026-07-09 14:44:48.397,True,W
TT004,Wake1,Session 5,33,Response,771.529,2119.009,2026-07-09 14:45:00.435,True,W
TT004,Wake1,Session 5,34,Response,792.786,2140.266,2026-07-09 14:45:21.692,True,W
TT004,Wake1,Session 5,35,Response,813.8843,2161.3643,2026-07-09 14:45:42.790,True,W
TT004,Wake1,Session 5,36,Reset,823.9319,2171.4119,2026-07-09 14:45:52.838,True,W
TT004,Wake1,Session 5,37,Response,850.5973,2198.0773,2026-07-09 14:46:19.503,True,W
TT004,Wake1,Session 5,38,Reset,873.2539,2220.7339,2026-07-09 14:46:42.160,True,W
TT004,Wake1,Session 5,39,Reset,900.1571,2247.6371,2026-07-09 14:47:09.063,True,W
TT004,Nap1,Session 6,1,Response,24.1045,2657.1585,2026-07-09 14:53:58.584,True,W
TT004,Nap1,Session 6,2,Response,49.0562,2682.1102,2026-07-09 14:54:23.536,True,W
TT004,Nap1,Session 6,3,Response,75.3448,2708.3988,2026-07-09 14:54:49.825,True,W
TT004,Nap1,Session 6,4,Response,99.5201,2732.5741,2026-07-09 14:55:14.000,True,W
TT004,Nap1,Session 6,5,Response,124.8651,2757.9191,2026-07-09 14:55:39.345,True,W
TT004,Nap1,Session 6,6,Reset,146.0,2779.054,2026-07-09 14:56:00.480,True,W
TT004,Nap1,Session 6,7,Response,174.6867,2807.7407,2026-07-09 14:56:29.166,True,W
TT004,Nap1,Session 6,8,Response,202.8191,2835.8731,2026-07-09 14:56:57.299,True,W
TT004,Nap1,Session 6,9,Reset,212.3552,2845.4092,2026-07-09 14:57:06.835,True,W
TT004,Nap1,Session 6,10,Reset,226.1775,2859.2315,2026-07-09 14:57:20.657,True,W
TT004,Nap1,Session 6,11,Reset,250.2266,2883.2806,2026-07-09 14:57:44.706,True,W
TT004,Nap1,Session 6,12,Reset,262.5741,2895.6281,2026-07-09 14:57:57.054,True,W
TT004,Nap1,Session 6,13,Response,292.2481,2925.3021,2026-07-09 14:58:26.728,True,W
TT004,Nap1,Session 6,14,Reset,306.3084,2939.3624,2026-07-09 14:58:40.788,True,W
TT004,Nap1,Session 6,15,Reset,319.6034,2952.6574,2026-07-09 14:58:54.083,True,W
TT004,Nap1,Session 6,16,Reset,331.463,2964.517,2026-07-09 14:59:05.943,True,W
TT004,Nap1,Session 6,17,Reset,344.5597,2977.6137,2026-07-09 14:59:19.039,True,W
TT004,Nap1,Session 6,18,Reset,352.9182,2985.9722,2026-07-09 14:59:27.398,True,W
TT004,Nap1,Session 6,19,Reset,365.3805,2998.4345,2026-07-09 14:59:39.860,True,W
TT004,Nap1,Session 6,20,Reset,388.3068,3021.3608,2026-07-09 15:00:02.787,True,1
TT004,Nap1,Session 6,21,Reset,401.0586,3034.1126,2026-07-09 15:00:15.538,True,2
TT004,Nap1,Session 6,22,Reset,484.2228,3117.2768,2026-07-09 15:01:38.703,True,2
TT004,Nap1,Session 6,23,Reset,496.7009,3129.7549,2026-07-09 15:01:51.181,True,W
TT004,Nap1,Session 6,24,Reset,508.7469,3141.8009,2026-07-09 15:02:03.227,True,W
TT004,Nap1,Session 6,25,Response,531.0039,3164.0579,2026-07-09 15:02:25.484,True,1
TT004,Nap1,Session 6,26,Reset,566.5106,3199.5646,2026-07-09 15:03:00.990,True,2
TT004,Nap1,Session 6,27,Reset,583.0094,3216.0634,2026-07-09 15:03:17.489,True,2
TT004,Nap1,Session 6,28,Reset,603.5971,3236.6511,2026-07-09 15:03:38.077,True,2
TT004,Nap1,Session 6,29,Reset,649.3893,3282.4433,2026-07-09 15:04:23.869,True,2
TT004,Nap1,Session 6,30,Reset,682.1648,3315.2188,2026-07-09 15:04:56.645,True,2
TT004,Nap1,Session 6,31,Reset,712.9856,3346.0396,2026-07-09 15:05:27.465,True,W
TT004,Nap1,Session 6,32,Reset,773.4653,3406.5193,2026-07-09 15:06:27.945,True,2
TT004,Nap1,Session 6,33,Reset,817.0816,3450.1356,2026-07-09 15:07:11.561,True,2
TT004,Nap1,Session 6,34,Reset,856.2489,3489.3029,2026-07-09 15:07:50.729,True,W
TT004,Nap1,Session 6,35,Response,884.7629,3517.8169,2026-07-09 15:08:19.243,True,1
TT004,Nap1,Session 6,36,Reset,908.9967,3542.0507,2026-07-09 15:08:43.476,True,2
TT004,Nap1,Session 6,37,Reset,943.1878,3576.2418,2026-07-09 15:09:17.668,True,2
TT004,Nap1,Session 6,38,Reset,1025.8325,3658.8865,2026-07-09 15:10:40.312,True,W
TT004,Nap1,Session 6,39,Reset,1039.0681,3672.1221,2026-07-09 15:10:53.548,True,W
TT004,Nap1,Session 6,40,Reset,1055.3368,3688.3908,2026-07-09 15:11:09.817,True,W
TT004,Nap1,Session 6,41,Response,1079.0443,3712.0983,2026-07-09 15:11:33.524,True,W
TT004,Nap1,Session 6,42,Response,1106.0229,3739.0769,2026-07-09 15:12:00.503,True,W
TT004,Nap1,Session 6,43,Response,1130.9277,3763.9817,2026-07-09 15:12:25.407,True,W
TT004,Nap1,Session 6,44,Reset,1158.1997,3791.2537,2026-07-09 15:12:52.679,True,W
TT004,Nap1,Session 6,45,Reset,1169.2228,3802.2768,2026-07-09 15:13:03.703,True,W
TT004,Nap1,Session 6,46,Reset,1187.4265,3820.4805,2026-07-09 15:13:21.906,True,1
TT004,Nap1,Session 6,47,Reset,1202.6525,3835.7065,2026-07-09 15:13:37.132,True,1
TT004,Nap1,Session 6,48,Reset,1214.1633,3847.2173,2026-07-09 15:13:48.643,True,1
TT004,Nap2,Session 7,1,Response,29.4366,4206.8966,2026-07-09 15:19:48.322,True,W
TT004,Nap2,Session 7,2,Response,57.9021,4235.3621,2026-07-09 15:20:16.788,True,W
TT004,Nap2,Session 7,3,Response,87.5333,4264.9933,2026-07-09 15:20:46.419,True,W
TT004,Nap2,Session 7,4,Response,193.5289,4370.9889,2026-07-09 15:22:32.415,True,W
TT004,Nap2,Session 7,5,Response,221.6018,4399.0618,2026-07-09 15:23:00.488,True,W
TT004,Nap2,Session 7,6,Response,248.6677,4426.1277,2026-07-09 15:23:27.553,True,W
TT004,Nap2,Session 7,7,Response,277.569,4455.029,2026-07-09 15:23:56.455,True,W
TT004,Nap2,Session 7,8,Response,306.7482,4484.2082,2026-07-09 15:24:25.634,True,W
TT004,Nap2,Session 7,9,Response,408.2871,4585.7471,2026-07-09 15:26:07.173,True,W
TT004,Nap2,Session 7,10,Response,438.7348,4616.1948,2026-07-09 15:26:37.621,True,W
TT004,Nap2,Session 7,11,Response,469.2225,4646.6825,2026-07-09 15:27:08.108,True,W
TT004,Nap2,Session 7,12,Response,505.337,4682.797,2026-07-09 15:27:44.223,True,W
TT004,Nap2,Session 7,13,Response,534.8136,4712.2736,2026-07-09 15:28:13.699,True,W
TT004,Nap2,Session 7,14,Response,562.8389,4740.2989,2026-07-09 15:28:41.725,True,W
TT004,Nap2,Session 7,15,Response,592.03,4769.49,2026-07-09 15:29:10.916,True,W
TT004,Nap2,Session 7,16,Response,622.268,4799.728,2026-07-09 15:29:41.154,True,W
TT004,Nap2,Session 7,17,Response,721.007,4898.467,2026-07-09 15:31:19.893,True,W
TT004,Nap2,Session 7,18,Response,749.8097,4927.2697,2026-07-09 15:31:48.695,True,W
TT004,Nap2,Session 7,19,Reset,772.5772,4950.0372,2026-07-09 15:32:11.463,True,W
TT004,Nap2,Session 7,20,Response,802.8549,4980.3149,2026-07-09 15:32:41.741,True,W
TT004,Nap2,Session 7,21,Response,833.6638,5011.1238,2026-07-09 15:33:12.550,True,W
TT004,Nap2,Session 7,22,Response,875.8604,5053.3204,2026-07-09 15:33:54.746,True,W
TT004,Nap2,Session 7,23,Response,912.2126,5089.6726,2026-07-09 15:34:31.098,True,W
TT004,Nap2,Session 7,24,Reset,923.0924,5100.5524,2026-07-09 15:34:41.978,True,W
TT004,Nap2,Session 7,25,Response,932.525,5109.985,2026-07-09 15:34:51.411,True,W
TT004,Nap2,Session 7,26,Response,961.0499,5138.5099,2026-07-09 15:35:19.936,True,W
TT004,Nap2,Session 7,27,Reset,969.7176,5147.1776,2026-07-09 15:35:28.603,True,W
TT004,Nap2,Session 7,28,Reset,989.3846,5166.8446,2026-07-09 15:35:48.270,True,W
TT004,Nap2,Session 7,29,Response,1022.0492,5199.5092,2026-07-09 15:36:20.935,True,W
TT004,Nap2,Session 7,30,Reset,1032.057,5209.517,2026-07-09 15:36:30.943,True,W
TT004,Nap2,Session 7,31,Reset,1051.9064,5229.3664,2026-07-09 15:36:50.792,True,W
TT004,Nap2,Session 7,32,Reset,1065.5702,5243.0302,2026-07-09 15:37:04.456,True,W
TT004,Nap2,Session 7,33,Response,1185.697,5363.157,2026-07-09 15:39:04.583,True,W
TT004,Nap2,Session 7,34,Reset,1206.601,5384.061,2026-07-09 15:39:25.487,True,W
TT004,Nap2,Session 7,35,Reset,1225.594,5403.054,2026-07-09 15:39:44.480,True,W
TT004,Nap2,Session 7,36,Response,1254.5948,5432.0548,2026-07-09 15:40:13.481,True,W
TT004,Nap2,Session 7,37,Reset,1265.9984,5443.4584,2026-07-09 15:40:24.884,True,W
TT004,Nap2,Session 7,38,Response,1289.392,5466.852,2026-07-09 15:40:48.278,True,W
TT004,Nap2,Session 7,39,Response,1321.9376,5499.3976,2026-07-09 15:41:20.823,True,W
TT004,Nap2,Session 7,40,Reset,1335.0382,5512.4982,2026-07-09 15:41:33.924,True,W
TT004,Nap2,Session 7,41,Response,1365.9622,5543.4222,2026-07-09 15:42:04.848,True,W
TT004,Nap2,Session 7,42,Reset,1378.468,5555.928,2026-07-09 15:42:17.354,True,W
TT004,Nap2,Session 7,43,Reset,1394.392,5571.852,2026-07-09 15:42:33.278,True,W
TT004,Nap2,Session 7,44,Response,1415.4902,5592.9502,2026-07-09 15:42:54.376,True,W
TT004,Nap2,Session 7,45,Reset,1425.4664,5602.9264,2026-07-09 15:43:04.352,True,W
TT004,Nap2,Session 7,46,Reset,1453.7258,5631.1858,2026-07-09 15:43:32.612,True,W
TT004,Nap2,Session 7,47,Reset,1470.2999,5647.7599,2026-07-09 15:43:49.186,True,W
TT004,Nap2,Session 7,48,Reset,1482.6314,5660.0914,2026-07-09 15:44:01.517,True,W
TT004,Nap2,Session 7,49,Reset,1497.2196,5674.6796,2026-07-09 15:44:16.105,True,W
TT004,Nap2,Session 7,50,Reset,1523.9637,5701.4237,2026-07-09 15:44:42.849,True,W
TT004,Nap2,Session 7,51,Response,1635.7282,5813.1882,2026-07-09 15:46:34.614,True,W
TT004,Nap2,Session 7,52,Reset,1647.0129,5824.4729,2026-07-09 15:46:45.899,True,W
TT004,Nap2,Session 7,53,Reset,1659.1778,5836.6378,2026-07-09 15:46:58.064,True,W
TT004,Nap2,Session 7,54,Reset,1683.3214,5860.7814,2026-07-09 15:47:22.207,True,W
TT004,Nap2,Session 7,55,Reset,1708.1072,5885.5672,2026-07-09 15:47:46.993,True,W
TT004,Nap2,Session 7,56,Reset,1715.9185,5893.3785,2026-07-09 15:47:54.804,True,W
TT004,Nap2,Session 7,57,Reset,1728.016,5905.476,2026-07-09 15:48:06.902,True,W
TT004,Nap2,Session 7,58,Reset,1738.8448,5916.3048,2026-07-09 15:48:17.731,True,W
TT004,Nap2,Session 7,59,Reset,1757.7504,5935.2104,2026-07-09 15:48:36.636,True,W
TT004,Nap2,Session 7,60,Reset,1791.6685,5969.1285,2026-07-09 15:49:10.554,True,W
TT004,Nap2,Session 7,61,Reset,1901.6685,6079.1285,2026-07-09 15:51:00.554,True,W
TT004,Nap2,Session 7,62,Reset,1929.5987,6107.0587,2026-07-09 15:51:28.484,True,W
TT004,Nap2,Session 7,63,Reset,1938.5679,6116.0279,2026-07-09 15:51:37.454,True,W
TT004,Nap2,Session 7,64,Reset,1949.0515,6126.5115,2026-07-09 15:51:47.937,True,1
TT004,Nap2,Session 7,65,Reset,2129.3924,6306.8524,2026-07-09 15:54:48.278,True,W
TT004,Nap2,Session 7,66,Reset,2161.6607,6339.1207,2026-07-09 15:55:20.546,True,W
TT004,Nap2,Session 7,67,Response,2185.9509,6363.4109,2026-07-09 15:55:44.837,True,W
TT004,Nap2,Session 7,68,Reset,2197.9731,6375.4331,2026-07-09 15:55:56.859,True,W
TT004,Nap2,Session 7,69,Reset,2210.5027,6387.9627,2026-07-09 15:56:09.388,True,W
TT004,Nap2,Session 7,70,Reset,2228.9325,6406.3925,2026-07-09 15:56:27.818,True,W
TT004,Nap2,Session 7,71,Response,2342.525,6519.985,2026-07-09 15:58:21.411,True,W
TT004,Nap2,Session 7,72,Response,2386.2364,6563.6964,2026-07-09 15:59:05.122,True,W
TT004,Nap2,Session 7,73,Response,2432.4298,6609.8898,2026-07-09 15:59:51.316,True,W
TT004,Nap2,Session 7,74,Reset,2442.7231,6620.1831,2026-07-09 16:00:01.609,True,W
TT004,Nap2,Session 7,75,Reset,2455.2371,6632.6971,2026-07-09 16:00:14.123,True,W
TT004,Nap2,Session 7,76,Reset,2471.1927,6648.6527,2026-07-09 16:00:30.078,True,W
TT004,Nap2,Session 7,77,Response,2505.594,6683.054,2026-07-09 16:01:04.480,True,W
TT004,Nap2,Session 7,78,Response,2542.2395,6719.6995,2026-07-09 16:01:41.125,True,W
TT004,Nap2,Session 7,79,Reset,2556.72,6734.18,2026-07-09 16:01:55.606,True,W
TT004,Nap2,Session 7,80,Reset,2572.1045,6749.5645,2026-07-09 16:02:10.990,True,W
TT004,Nap2,Session 7,81,Reset,2769.5273,6946.9873,2026-07-09 16:05:28.413,True,W
TT004,Nap2,Session 7,82,Reset,2779.6225,6957.0825,2026-07-09 16:05:38.508,True,W
TT004,Nap2,Session 7,83,Reset,2797.2196,6974.6796,2026-07-09 16:05:56.105,True,W
TT004,Nap2,Session 7,84,Response,2960.8358,7138.2958,2026-07-09 16:08:39.722,True,W
TT004,Nap2,Session 7,85,Response,3019.0913,7196.5513,2026-07-09 16:09:37.977,True,W
TT004,Nap2,Session 7,86,Reset,3041.6209,7219.0809,2026-07-09 16:10:00.507,True,W
TT004,Nap2,Session 7,87,Reset,3053.1673,7230.6273,2026-07-09 16:10:12.053,True,W
TT004,Nap2,Session 7,88,Reset,3076.7914,7254.2514,2026-07-09 16:10:35.677,True,W
TT004,Nap2,Session 7,89,Reset,3105.2847,7282.7447,2026-07-09 16:11:04.170,True,W
TT004,Nap2,Session 7,90,Reset,3114.119,7291.579,2026-07-09 16:11:13.005,True,W
TT004,Nap2,Session 7,91,Response,3238.4567,7415.9167,2026-07-09 16:13:17.342,True,W
TT004,Nap2,Session 7,92,Response,3277.0928,7454.5528,2026-07-09 16:13:55.979,True,W
TT004,Nap2,Session 7,93,Response,3312.1919,7489.6519,2026-07-09 16:14:31.078,True,W
TT004,Nap2,Session 7,94,Response,3333.6432,7511.1032,2026-07-09 16:14:52.529,True,W
TT004,Nap2,Session 7,95,Reset,3345.2134,7522.6734,2026-07-09 16:15:04.099,True,W
TT004,Nap2,Session 7,96,Reset,3355.9111,7533.3711,2026-07-09 16:15:14.797,True,W
TT004,Nap2,Session 7,97,Reset,3388.3378,7565.7978,2026-07-09 16:15:47.224,True,W
TT004,Nap2,Session 7,98,Reset,3401.4544,7578.9144,2026-07-09 16:16:00.340,True,W
TT004,Nap2,Session 7,99,Reset,3419.0515,7596.5115,2026-07-09 16:16:17.937,True,1
TT004,Nap2,Session 7,100,Reset,3432.6755,7610.1355,2026-07-09 16:16:31.561,True,1
TT004,Nap2,Session 7,101,Response,3459.8366,7637.2966,2026-07-09 16:16:58.722,True,W
TT004,Nap2,Session 7,102,Reset,3491.0737,7668.5337,2026-07-09 16:17:29.959,True,W
TT004,Nap2,Session 7,103,Reset,3504.5948,7682.0548,2026-07-09 16:17:43.481,True,W
TT004,Nap2,Session 7,104,Response,3542.3346,7719.7946,2026-07-09 16:18:21.220,True,W
TT004,Nap2,Session 7,105,Reset,3551.7161,7729.1761,2026-07-09 16:18:30.602,True,W
TT004,Nap2,Session 7,106,Reset,3559.9318,7737.3918,2026-07-09 16:18:38.818,True,W
TT004,Nap2,Session 7,107,Reset,3568.2902,7745.7502,2026-07-09 16:18:47.176,True,W
TT004,Nap2,Session 7,108,Reset,3578.2664,7755.7264,2026-07-09 16:18:57.152,True,W
TT004,Nap2,Session 7,109,Reset,3586.4107,7763.8707,2026-07-09 16:19:05.296,True,W
TT004,Nap2,Session 7,110,Reset,3601.0024,7778.4624,2026-07-09 16:19:19.888,True,W
TT004,Nap2,Session 7,111,Reset,3612.2395,7789.6995,2026-07-09 16:19:31.125,True,W
TT004,Nap2,Session 7,112,Reset,3622.6915,7800.1515,2026-07-09 16:19:41.577,True,W
TT004,Nap2,Session 7,113,Response,3730.6455,7908.1055,2026-07-09 16:21:29.531,True,W
TT004,Nap2,Session 7,114,Reset,3754.3569,7931.8169,2026-07-09 16:21:53.243,True,W
TT004,Nap2,Session 7,115,Reset,3769.218,7946.678,2026-07-09 16:22:08.104,True,W
TT004,Nap2,Session 7,116,Reset,3780.1619,7957.6219,2026-07-09 16:22:19.048,True,1
TT004,Nap2,Session 7,117,Reset,3799.3132,7976.7732,2026-07-09 16:22:38.199,True,1
TT004,Nap2,Session 7,118,Reset,3819.5035,7996.9635,2026-07-09 16:22:58.389,True,W
TT004,Nap2,Session 7,119,Reset,3833.7145,8011.1745,2026-07-09 16:23:12.600,True,W
TT004,Nap2,Session 7,120,Reset,3853.8811,8031.3411,2026-07-09 16:23:32.767,True,W
TT004,Nap2,Session 7,121,Reset,3862.3584,8039.8184,2026-07-09 16:23:41.244,True,W
TT004,Nap2,Session 7,122,Reset,3895.1182,8072.5782,2026-07-09 16:24:14.004,True,W
TT004,Nap2,Session 7,123,Reset,3977.1642,8154.6242,2026-07-09 16:25:36.050,True,W
TT004,Nap2,Session 7,124,Reset,3999.4322,8176.8922,2026-07-09 16:25:58.318,True,W
TT004,Nap2,Session 7,125,Reset,4019.7414,8197.2014,2026-07-09 16:26:18.627,True,W
TT004,Nap2,Session 7,126,Reset,4029.9793,8207.4393,2026-07-09 16:26:28.865,True,W
TT004,Nap2,Session 7,127,Response,4057.7352,8235.1952,2026-07-09 16:26:56.621,True,W
TT004,Nap2,Session 7,128,Response,4095.2371,8272.6971,2026-07-09 16:27:34.123,True,W
TT004,Nap2,Session 7,129,Reset,4110.7406,8288.2006,2026-07-09 16:27:49.626,True,W
TT004,Nap2,Session 7,130,Reset,4122.3822,8299.8422,2026-07-09 16:28:01.268,True,W
TT004,Nap2,Session 7,131,Reset,4144.7613,8322.2213,2026-07-09 16:28:23.647,True,2
TT004,Nap2,Session 7,132,Reset,4182.8105,8360.2705,2026-07-09 16:29:01.696,True,2
TT004,Nap2,Session 7,133,Response,4260.3779,8437.8379,2026-07-09 16:30:19.264,True,2
TT004,Nap2,Session 7,134,Reset,4333.15,8510.61,2026-07-09 16:31:32.036,True,2
TT004,Nap2,Session 7,135,Reset,4344.1888,8521.6488,2026-07-09 16:31:43.075,True,2
TT004,Nap2,Session 7,136,Reset,4538.6693,8716.1293,2026-07-09 16:34:57.555,True,W
TT004,Nap2,Session 7,137,Response,4729.1529,8906.6129,2026-07-09 16:38:08.039,True,W
TT004,Nap2,Session 7,138,Response,4757.5909,8935.0509,2026-07-09 16:38:36.477,True,W
TT004,Nap2,Session 7,139,Response,4784.3553,8961.8153,2026-07-09 16:39:03.241,True,W
TT004,Nap2,Session 7,140,Reset,4795.2434,8972.7034,2026-07-09 16:39:14.129,True,W
TT004,Nap2,Session 7,141,Reset,4808.7882,8986.2482,2026-07-09 16:39:27.674,True,W
TT004,Nap2,Session 7,142,Response,4843.3799,9020.8399,2026-07-09 16:40:02.266,True,W
TT004,Nap2,Session 7,143,Reset,4881.4766,9058.9366,2026-07-09 16:40:40.362,True,W
TT004,Nap2,Session 7,144,Response,4910.1681,9087.6281,2026-07-09 16:41:09.054,True,W
TT004,Nap2,Session 7,145,Reset,4931.1198,9108.5798,2026-07-09 16:41:30.006,True,W
TT004,Nap2,Session 7,146,Response,4962.9041,9140.3641,2026-07-09 16:42:01.790,True,W
TT004,Nap2,Session 7,147,Reset,4993.8081,9171.2681,2026-07-09 16:42:32.694,True,W
TT004,Nap2,Session 7,148,Response,5022.8767,9200.3367,2026-07-09 16:43:01.762,True,W
TT004,Nap2,Session 7,149,Reset,5036.5917,9214.0517,2026-07-09 16:43:15.477,True,W
TT004,Nap2,Session 7,150,Response,5064.8311,9242.2911,2026-07-09 16:43:43.717,True,W
TT004,Nap2,Session 7,151,Reset,5079.9064,9257.3664,2026-07-09 16:43:58.792,True,W
TT004,Nap2,Session 7,152,Response,5112.4282,9289.8882,2026-07-09 16:44:31.314,True,W
TT004,Nap2,Session 7,153,Response,5145.4497,9322.9097,2026-07-09 16:45:04.335,True,W
TT004,Nap2,Session 7,154,Reset,5155.1166,9332.5766,2026-07-09 16:45:14.002,True,W
TT004,Nap2,Session 7,155,Reset,5177.3846,9354.8446,2026-07-09 16:45:36.270,True,W
TT004,Nap2,Session 7,156,Response,5189.7875,9367.2475,2026-07-09 16:45:48.673,True,W
TT004,Nap2,Session 7,157,Reset,5220.3822,9397.8422,2026-07-09 16:46:19.268,True,W
TT004,Nap2,Session 7,158,Reset,5243.8422,9421.3022,2026-07-09 16:46:42.728,True,W
TT004,Nap2,Session 7,159,Response,5274.9444,9452.4044,2026-07-09 16:47:13.830,True,W
TT004,Nap2,Session 7,160,Reset,5292.4701,9469.9301,2026-07-09 16:47:31.356,True,W
TT004,Nap2,Session 7,161,Reset,5305.9397,9483.3997,2026-07-09 16:47:44.825,True,W
TT004,Nap2,Session 7,162,Response,5333.1323,9510.5923,2026-07-09 16:48:12.018,True,W
TT004,Nap2,Session 7,163,Reset,5364.1791,9541.6391,2026-07-09 16:48:43.065,True,W
TT004,Nap2,Session 7,164,Response,5395.8445,9573.3045,2026-07-09 16:49:14.730,True,W
TT004,Wake2,Session 9,1,Response,30.8354,10262.3554,2026-07-09 17:00:43.781,True,W
TT004,Wake2,Session 9,2,Response,58.2184,10289.7384,2026-07-09 17:01:11.164,True,W
TT004,Wake2,Session 9,3,Response,87.814,10319.334,2026-07-09 17:01:40.760,True,W
TT004,Wake2,Session 9,4,Response,118.7418,10350.2618,2026-07-09 17:02:11.688,True,W
TT004,Wake2,Session 9,5,Response,153.4048,10384.9248,2026-07-09 17:02:46.351,True,W
TT004,Wake2,Session 9,6,Response,187.0051,10418.5251,2026-07-09 17:03:19.951,True,W
TT004,Wake2,Session 9,7,Response,223.9123,10455.4323,2026-07-09 17:03:56.858,True,W
TT004,Wake2,Session 9,8,Response,256.0297,10487.5497,2026-07-09 17:04:28.975,True,W
TT004,Wake2,Session 9,9,Response,292.0726,10523.5926,2026-07-09 17:05:05.018,True,W
TT004,Wake2,Session 9,10,Response,324.5308,10556.0508,2026-07-09 17:05:37.477,True,W
TT004,Wake2,Session 9,11,Response,357.3144,10588.8344,2026-07-09 17:06:10.260,True,W
TT004,Wake2,Session 9,12,Response,393.3811,10624.9011,2026-07-09 17:06:46.327,True,W
TT004,Wake2,Session 9,13,Response,427.5047,10659.0247,2026-07-09 17:07:20.450,True,W
TT004,Wake2,Session 9,14,Response,460.764,10692.284,2026-07-09 17:07:53.710,True,W
TT004,Wake2,Session 9,15,Response,489.9314,10721.4514,2026-07-09 17:08:22.877,True,W
TT004,Wake2,Session 9,16,Response,527.2668,10758.7868,2026-07-09 17:09:00.213,True,W
TT004,Wake2,Session 9,17,Response,566.6006,10798.1206,2026-07-09 17:09:39.546,True,W
TT004,Wake2,Session 9,18,Response,602.2469,10833.7669,2026-07-09 17:10:15.193,True,W
TT004,Wake2,Session 9,19,Response,638.4325,10869.9525,2026-07-09 17:10:51.378,True,W
TT004,Wake2,Session 9,20,Response,676.9575,10908.4775,2026-07-09 17:11:29.903,True,W
TT004,Wake2,Session 9,21,Response,710.9782,10942.4982,2026-07-09 17:12:03.924,True,W
TT004,Wake2,Session 9,22,Response,747.2906,10978.8106,2026-07-09 17:12:40.236,True,W
TT004,Wake2,Session 9,23,Response,784.174,11015.694,2026-07-09 17:13:17.120,True,W
TT004,Wake2,Session 9,24,Response,817.7426,11049.2626,2026-07-09 17:13:50.688,True,W
TT004,Wake2,Session 9,25,Response,854.7212,11086.2412,2026-07-09 17:14:27.667,True,W
TT004,Wake2,Session 9,26,Response,901.1447,11132.6647,2026-07-09 17:15:14.090,True,W
TT005,Wake1,Session 3,1,Response,34.8712,2132.2212,2026-07-10 14:45:35.997,True,W
TT005,Wake1,Session 3,2,Response,56.8451,2154.1951,2026-07-10 14:45:57.971,True,W
TT005,Wake1,Session 3,3,Response,92.2951,2189.6451,2026-07-10 14:46:33.421,True,W
TT005,Wake1,Session 3,4,Response,125.4957,2222.8457,2026-07-10 14:47:06.621,True,W
TT005,Wake1,Session 3,5,Response,157.0347,2254.3847,2026-07-10 14:47:38.160,True,W
TT005,Wake1,Session 3,6,Reset,171.6483,2268.9983,2026-07-10 14:47:52.774,True,W
TT005,Wake1,Session 3,7,Response,204.8178,2302.1678,2026-07-10 14:48:25.944,True,W
TT005,Wake1,Session 3,8,Response,239.5885,2336.9385,2026-07-10 14:49:00.714,True,W
TT005,Wake1,Session 3,9,Reset,263.9456,2361.2956,2026-07-10 14:49:25.071,True,W
TT005,Wake1,Session 3,10,Response,299.8673,2397.2173,2026-07-10 14:50:00.993,True,W
TT005,Wake1,Session 3,11,Response,333.2542,2430.6042,2026-07-10 14:50:34.380,True,W
TT005,Wake1,Session 3,12,Response,485.1388,2582.4888,2026-07-10 14:53:06.265,True,W
TT005,Wake1,Session 3,13,Response,511.7598,2609.1098,2026-07-10 14:53:32.886,True,W
TT005,Wake1,Session 3,14,Response,542.7412,2640.0912,2026-07-10 14:54:03.867,True,W
TT005,Wake1,Session 3,15,Response,573.6333,2670.9833,2026-07-10 14:54:34.759,True,W
TT005,Wake1,Session 3,16,Response,602.73,2700.08,2026-07-10 14:55:03.856,True,W
TT005,Wake1,Session 3,17,Response,631.8936,2729.2436,2026-07-10 14:55:33.019,True,W
TT005,Wake1,Session 3,18,Response,652.8527,2750.2027,2026-07-10 14:55:53.978,True,W
TT005,Wake1,Session 3,19,Response,678.6852,2776.0352,2026-07-10 14:56:19.811,True,W
TT005,Wake1,Session 3,20,Response,710.0234,2807.3734,2026-07-10 14:56:51.149,True,W
TT005,Wake1,Session 3,21,Response,737.793,2835.143,2026-07-10 14:57:18.919,True,W
TT005,Wake1,Session 3,22,Response,762.7969,2860.1469,2026-07-10 14:57:43.923,True,W
TT005,Wake1,Session 3,23,Response,814.3024,2911.6524,2026-07-10 14:58:35.428,True,W
TT005,Wake1,Session 3,24,Reset,830.0346,2927.3846,2026-07-10 14:58:51.160,True,W
TT005,Wake1,Session 3,25,Response,857.57,2954.92,2026-07-10 14:59:18.696,True,W
TT005,Wake1,Session 3,26,Response,878.2949,2975.6449,2026-07-10 14:59:39.421,True,W
TT005,Wake1,Session 3,27,Reset,905.6741,3003.0241,2026-07-10 15:00:06.800,True,W
TT005,Wake1,Session 3,28,Response,939.8896,3037.2396,2026-07-10 15:00:41.015,True,W
TT005,Wake1,Session 3,29,Response,968.5402,3065.8902,2026-07-10 15:01:09.666,True,W
TT005,Nap1,Session 4,1,Response,31.2175,3560.1015,2026-07-10 15:09:23.877,True,W
TT005,Nap1,Session 4,2,Response,65.6527,3594.5367,2026-07-10 15:09:58.312,True,W
TT005,Nap1,Session 4,3,Response,98.6526,3627.5366,2026-07-10 15:10:31.312,True,W
TT005,Nap1,Session 4,4,Response,128.4407,3657.3247,2026-07-10 15:11:01.100,True,W
TT005,Nap1,Session 4,5,Reset,158.2622,3687.1462,2026-07-10 15:11:30.922,True,W
TT005,Nap1,Session 4,6,Response,193.9498,3722.8338,2026-07-10 15:12:06.610,True,W
TT005,Nap1,Session 4,7,Reset,214.0278,3742.9118,2026-07-10 15:12:26.688,True,W
TT005,Nap1,Session 4,8,Reset,234.0613,3762.9453,2026-07-10 15:12:46.721,True,W
TT005,Nap1,Session 4,9,Reset,266.4891,3795.3731,2026-07-10 15:13:19.149,True,W
TT005,Nap1,Session 4,10,Response,300.8495,3829.7335,2026-07-10 15:13:53.509,True,W
TT005,Nap1,Session 4,11,Reset,320.9053,3849.7893,2026-07-10 15:14:13.565,True,W
TT005,Nap1,Session 4,12,Reset,364.8419,3893.7259,2026-07-10 15:14:57.502,True,1
TT005,Nap1,Session 4,13,Response,408.2846,3937.1686,2026-07-10 15:15:40.944,True,W
TT005,Nap1,Session 4,14,Response,432.8569,3961.7409,2026-07-10 15:16:05.517,True,W
TT005,Nap1,Session 4,15,Reset,453.4702,3982.3542,2026-07-10 15:16:26.130,True,W
TT005,Nap1,Session 4,16,Reset,475.9426,4004.8266,2026-07-10 15:16:48.602,True,W
TT005,Nap1,Session 4,17,Reset,491.6078,4020.4918,2026-07-10 15:17:04.268,True,W
TT005,Nap1,Session 4,18,Reset,508.5522,4037.4362,2026-07-10 15:17:21.212,True,W
TT005,Nap1,Session 4,19,Reset,528.541,4057.425,2026-07-10 15:17:41.201,True,W
TT005,Nap1,Session 4,20,Response,564.2397,4093.1237,2026-07-10 15:18:16.899,True,W
TT005,Nap1,Session 4,21,Reset,581.396,4110.28,2026-07-10 15:18:34.056,True,W
TT005,Nap1,Session 4,22,Reset,612.277,4141.161,2026-07-10 15:19:04.937,True,W
TT005,Nap1,Session 4,23,Reset,647.6935,4176.5775,2026-07-10 15:19:40.353,True,W
TT005,Nap1,Session 4,24,Reset,662.4108,4191.2948,2026-07-10 15:19:55.071,True,W
TT005,Nap1,Session 4,25,Reset,711.1283,4240.0123,2026-07-10 15:20:43.788,True,W
TT005,Nap1,Session 4,26,Reset,734.8943,4263.7783,2026-07-10 15:21:07.554,True,W
TT005,Nap1,Session 4,27,Reset,756.2214,4285.1054,2026-07-10 15:21:28.881,True,W
TT005,Nap1,Session 4,28,Response,777.5039,4306.3879,2026-07-10 15:21:50.164,True,W
TT005,Nap1,Session 4,29,Reset,810.1915,4339.0755,2026-07-10 15:22:22.851,True,W
TT005,Nap1,Session 4,30,Reset,845.4966,4374.3806,2026-07-10 15:22:58.156,True,W
TT005,Nap1,Session 4,31,Reset,869.1879,4398.0719,2026-07-10 15:23:21.848,True,W
TT005,Nap1,Session 4,32,Reset,884.9055,4413.7895,2026-07-10 15:23:37.565,True,1
TT005,Nap1,Session 4,33,Reset,910.0912,4438.9752,2026-07-10 15:24:02.751,True,1
TT005,Nap1,Session 4,34,Reset,923.7713,4452.6553,2026-07-10 15:24:16.431,True,W
TT005,Nap1,Session 4,35,Reset,932.9238,4461.8078,2026-07-10 15:24:25.584,True,W
TT005,Nap1,Session 4,36,Reset,944.8308,4473.7148,2026-07-10 15:24:37.491,True,W
TT005,Nap1,Session 4,37,Reset,989.9685,4518.8525,2026-07-10 15:25:22.628,True,W
TT005,Nap1,Session 4,38,Response,1047.7604,4576.6444,2026-07-10 15:26:20.420,True,W
TT005,Nap1,Session 4,39,Reset,1070.9674,4599.8514,2026-07-10 15:26:43.627,True,W
TT005,Nap1,Session 4,40,Reset,1092.7072,4621.5912,2026-07-10 15:27:05.367,True,W
TT005,Nap1,Session 4,41,Reset,1125.5844,4654.4684,2026-07-10 15:27:38.244,True,W
TT005,Nap1,Session 4,42,Reset,1152.3503,4681.2343,2026-07-10 15:28:05.010,True,W
TT005,Nap1,Session 4,43,Response,1180.7444,4709.6284,2026-07-10 15:28:33.404,True,W
TT005,Nap1,Session 4,44,Reset,1196.7966,4725.6806,2026-07-10 15:28:49.456,True,W
TT005,Nap1,Session 4,45,Reset,1226.016,4754.9,2026-07-10 15:29:18.676,True,W
TT005,Nap1,Session 4,46,Reset,1254.4915,4783.3755,2026-07-10 15:29:47.151,True,W
TT005,Nap1,Session 4,47,Reset,1279.9861,4808.8701,2026-07-10 15:30:12.646,True,W
TT005,Nap1,Session 4,48,Reset,1312.3726,4841.2566,2026-07-10 15:30:45.032,True,W
TT005,Nap1,Session 4,49,Response,1340.6329,4869.5169,2026-07-10 15:31:13.293,True,W
TT005,Nap1,Session 4,50,Reset,1366.2535,4895.1375,2026-07-10 15:31:38.913,True,W
TT005,Nap1,Session 4,51,Reset,1390.8782,4919.7622,2026-07-10 15:32:03.538,True,W
TT005,Nap1,Session 4,52,Reset,1426.5736,4955.4576,2026-07-10 15:32:39.233,True,W
TT005,Nap1,Session 4,53,Reset,1446.5736,4975.4576,2026-07-10 15:32:59.233,True,W
TT005,Nap1,Session 4,54,Reset,1494.4469,5023.3309,2026-07-10 15:33:47.107,True,1
TT005,Nap1,Session 4,55,Reset,1551.9265,5080.8105,2026-07-10 15:34:44.586,True,2
TT005,Nap2,Session 5,1,Response,33.0337,5498.8017,2026-07-10 15:41:42.577,True,W
TT005,Nap2,Session 5,2,Response,70.4833,5536.2513,2026-07-10 15:42:20.027,True,W
TT005,Nap2,Session 5,3,Response,102.446,5568.214,2026-07-10 15:42:51.990,True,W
TT005,Nap2,Session 5,4,Response,232.833,5698.601,2026-07-10 15:45:02.377,True,W
TT005,Nap2,Session 5,5,Response,261.8215,5727.5895,2026-07-10 15:45:31.365,True,W
TT005,Nap2,Session 5,6,Response,292.7215,5758.4895,2026-07-10 15:46:02.265,True,W
TT005,Nap2,Session 5,7,Response,330.0595,5795.8275,2026-07-10 15:46:39.603,True,W
TT005,Nap2,Session 5,8,Response,365.7325,5831.5005,2026-07-10 15:47:15.276,True,W
TT005,Nap2,Session 5,9,Response,481.2494,5947.0174,2026-07-10 15:49:10.793,True,W
TT005,Nap2,Session 5,10,Response,513.249,5979.017,2026-07-10 15:49:42.793,True,W
TT005,Nap2,Session 5,11,Response,546.87,6012.638,2026-07-10 15:50:16.414,True,W
TT005,Nap2,Session 5,12,Response,585.4872,6051.2552,2026-07-10 15:50:55.031,True,W
TT005,Nap2,Session 5,13,Response,628.0521,6093.8201,2026-07-10 15:51:37.596,True,W
TT005,Nap2,Session 5,14,Response,667.8068,6133.5748,2026-07-10 15:52:17.351,True,W
TT005,Nap2,Session 5,15,Response,700.2825,6166.0505,2026-07-10 15:52:49.826,True,W
TT005,Nap2,Session 5,16,Response,751.3531,6217.1211,2026-07-10 15:53:40.897,True,W
TT005,Nap2,Session 5,17,Response,887.3607,6353.1287,2026-07-10 15:55:56.904,True,W
TT005,Nap2,Session 5,18,Reset,916.1563,6381.9243,2026-07-10 15:56:25.700,True,W
TT005,Nap2,Session 5,19,Response,954.5504,6420.3184,2026-07-10 15:57:04.094,True,W
TT005,Nap2,Session 5,20,Response,995.6879,6461.4559,2026-07-10 15:57:45.232,True,W
TT005,Nap2,Session 5,21,Response,1033.7698,6499.5378,2026-07-10 15:58:23.314,True,W
TT005,Nap2,Session 5,22,Response,1069.1004,6534.8684,2026-07-10 15:58:58.644,True,W
TT005,Nap2,Session 5,23,Response,1108.2607,6574.0287,2026-07-10 15:59:37.804,True,W
TT005,Nap2,Session 5,24,Response,1141.4423,6607.2103,2026-07-10 16:00:10.986,True,W
TT005,Nap2,Session 5,25,Response,1181.9776,6647.7456,2026-07-10 16:00:51.521,True,W
TT005,Nap2,Session 5,26,Response,1214.4389,6680.2069,2026-07-10 16:01:23.983,True,W
TT005,Nap2,Session 5,27,Response,1347.77,6813.538,2026-07-10 16:03:37.314,True,W
TT005,Nap2,Session 5,28,Response,1376.2678,6842.0358,2026-07-10 16:04:05.812,True,W
TT005,Nap2,Session 5,29,Reset,1392.5207,6858.2887,2026-07-10 16:04:22.064,True,W
TT005,Nap2,Session 5,30,Reset,1422.3869,6888.1549,2026-07-10 16:04:51.931,True,W
TT005,Nap2,Session 5,31,Response,1454.1935,6919.9615,2026-07-10 16:05:23.737,True,W
TT005,Nap2,Session 5,32,Reset,1472.1561,6937.9241,2026-07-10 16:05:41.700,True,W
TT005,Nap2,Session 5,33,Response,1502.2676,6968.0356,2026-07-10 16:06:11.811,True,W
TT005,Nap2,Session 5,34,Response,1534.8627,7000.6307,2026-07-10 16:06:44.406,True,W
TT005,Nap2,Session 5,35,Response,1564.7065,7030.4745,2026-07-10 16:07:14.250,True,W
TT005,Nap2,Session 5,36,Response,1601.7546,7067.5226,2026-07-10 16:07:51.298,True,W
TT005,Nap2,Session 5,37,Response,1639.9703,7105.7383,2026-07-10 16:08:29.514,True,W
TT005,Nap2,Session 5,38,Reset,1664.9296,7130.6976,2026-07-10 16:08:54.473,True,W
TT005,Nap2,Session 5,39,Response,1695.5987,7161.3667,2026-07-10 16:09:25.142,True,W
TT005,Nap2,Session 5,40,Response,1727.7176,7193.4856,2026-07-10 16:09:57.261,True,W
TT005,Nap2,Session 5,41,Response,1762.4092,7228.1772,2026-07-10 16:10:31.953,True,W
TT005,Nap2,Session 5,42,Reset,1777.896,7243.664,2026-07-10 16:10:47.440,True,W
TT005,Nap2,Session 5,43,Response,1821.1301,7286.8981,2026-07-10 16:11:30.674,True,W
TT005,Nap2,Session 5,44,Response,1851.5762,7317.3442,2026-07-10 16:12:01.120,True,W
TT005,Nap2,Session 5,45,Response,1887.9629,7353.7309,2026-07-10 16:12:37.507,True,W
TT005,Nap2,Session 5,46,Reset,1919.8364,7385.6044,2026-07-10 16:13:09.380,True,W
TT005,Nap2,Session 5,47,Response,1955.4426,7421.2106,2026-07-10 16:13:44.986,True,W
TT005,Nap2,Session 5,48,Response,1989.948,7455.716,2026-07-10 16:14:19.492,True,W
TT005,Nap2,Session 5,49,Response,2022.5876,7488.3556,2026-07-10 16:14:52.131,True,W
TT005,Nap2,Session 5,50,Reset,2046.2678,7512.0358,2026-07-10 16:15:15.812,True,W
TT005,Nap2,Session 5,51,Reset,2073.8367,7539.6047,2026-07-10 16:15:43.380,True,W
TT005,Nap2,Session 5,52,Response,2109.8364,7575.6044,2026-07-10 16:16:19.380,True,W
TT005,Nap2,Session 5,53,Response,2136.647,7602.415,2026-07-10 16:16:46.191,True,W
TT005,Nap2,Session 5,54,Response,2175.9332,7641.7012,2026-07-10 16:17:25.477,True,W
TT005,Nap2,Session 5,55,Response,2333.7921,7799.5601,2026-07-10 16:20:03.336,True,W
TT005,Nap2,Session 5,56,Reset,2354.0151,7819.7831,2026-07-10 16:20:23.559,True,W
TT005,Nap2,Session 5,57,Reset,2368.5729,7834.3409,2026-07-10 16:20:38.117,True,W
TT005,Nap2,Session 5,58,Response,2402.6323,7868.4003,2026-07-10 16:21:12.176,True,W
TT005,Nap2,Session 5,59,Response,2434.0597,7899.8277,2026-07-10 16:21:43.603,True,W
TT005,Nap2,Session 5,60,Response,2469.8811,7935.6491,2026-07-10 16:22:19.425,True,W
TT005,Nap2,Session 5,61,Response,2505.108,7970.876,2026-07-10 16:22:54.652,True,W
TT005,Nap2,Session 5,62,Response,2539.3458,8005.1138,2026-07-10 16:23:28.890,True,W
TT005,Nap2,Session 5,63,Reset,2554.595,8020.363,2026-07-10 16:23:44.139,True,W
TT005,Nap2,Session 5,64,Reset,2572.8553,8038.6233,2026-07-10 16:24:02.399,True,W
TT005,Nap2,Session 5,65,Response,2606.0448,8071.8128,2026-07-10 16:24:35.589,True,W
TT005,Nap2,Session 5,66,Response,2646.0671,8111.8351,2026-07-10 16:25:15.611,True,W
TT005,Nap2,Session 5,67,Reset,2669.8364,8135.6044,2026-07-10 16:25:39.380,True,W
TT005,Nap2,Session 5,68,Response,2715.1526,8180.9206,2026-07-10 16:26:24.696,True,W
TT005,Nap2,Session 5,69,Reset,2734.7288,8200.4968,2026-07-10 16:26:44.273,True,W
TT005,Nap2,Session 5,70,Reset,2761.2416,8227.0096,2026-07-10 16:27:10.785,True,W
TT005,Nap2,Session 5,71,Response,2806.2455,8272.0135,2026-07-10 16:27:55.789,True,W
TT005,Nap2,Session 5,72,Response,2845.7771,8311.5451,2026-07-10 16:28:35.321,True,W
TT005,Nap2,Session 5,73,Reset,2870.0149,8335.7829,2026-07-10 16:28:59.559,True,W
TT005,Nap2,Session 5,74,Response,2913.9259,8379.6939,2026-07-10 16:29:43.470,True,W
TT005,Nap2,Session 5,75,Reset,2937.8291,8403.5971,2026-07-10 16:30:07.373,True,W
TT005,Nap2,Session 5,76,Response,2975.9556,8441.7236,2026-07-10 16:30:45.499,True,W
TT005,Nap2,Session 5,77,Reset,3009.658,8475.426,2026-07-10 16:31:19.202,True,W
TT005,Nap2,Session 5,78,Reset,3034.1935,8499.9615,2026-07-10 16:31:43.737,True,W
TT005,Nap2,Session 5,79,Response,3068.409,8534.177,2026-07-10 16:32:17.953,True,W
TT005,Nap2,Session 5,80,Reset,3094.2604,8560.0284,2026-07-10 16:32:43.804,True,W
TT005,Nap2,Session 5,81,Response,3231.9854,8697.7534,2026-07-10 16:35:01.529,True,W
TT005,Nap2,Session 5,82,Response,3265.1749,8730.9429,2026-07-10 16:35:34.719,True,W
TT005,Nap2,Session 5,83,Response,3298.6097,8764.3777,2026-07-10 16:36:08.153,True,W
TT005,Nap2,Session 5,84,Reset,3315.4203,8781.1883,2026-07-10 16:36:24.964,True,W
TT005,Nap2,Session 5,85,Response,3349.8588,8815.6268,2026-07-10 16:36:59.403,True,W
TT005,Nap2,Session 5,86,Response,3385.0857,8850.8537,2026-07-10 16:37:34.629,True,W
TT005,Nap2,Session 5,87,Reset,3464.4612,8930.2292,2026-07-10 16:38:54.005,True,W
TT005,Nap2,Session 5,88,Reset,3495.8217,8961.5897,2026-07-10 16:39:25.365,True,W
TT005,Nap2,Session 5,89,Response,3523.6136,8989.3816,2026-07-10 16:39:53.157,True,W
TT005,Nap2,Session 5,90,Response,3547.6284,9013.3964,2026-07-10 16:40:17.172,True,W
TT005,Nap2,Session 5,91,Reset,3576.9146,9042.6826,2026-07-10 16:40:46.458,True,W
TT005,Nap2,Session 5,92,Response,3609.2342,9075.0022,2026-07-10 16:41:18.778,True,W
TT005,Nap2,Session 5,93,Reset,3642.0446,9107.8126,2026-07-10 16:41:51.588,True,W
TT005,Nap2,Session 5,94,Reset,3683.4575,9149.2255,2026-07-10 16:42:33.001,True,W
TT005,Nap2,Session 5,95,Reset,3709.435,9175.203,2026-07-10 16:42:58.979,True,W
TT005,Nap2,Session 5,96,Response,3833.7921,9299.5601,2026-07-10 16:45:03.336,True,W
TT005,Nap2,Session 5,97,Response,3864.1935,9329.9615,2026-07-10 16:45:33.737,True,W
TT005,Nap2,Session 5,98,Reset,3881.1825,9346.9505,2026-07-10 16:45:50.726,True,W
TT005,Nap2,Session 5,99,Reset,3910.461,9376.229,2026-07-10 16:46:20.005,True,W
TT005,Nap2,Session 5,100,Reset,3945.0634,9410.8314,2026-07-10 16:46:54.607,True,W
TT005,Nap2,Session 5,101,Reset,3962.5654,9428.3334,2026-07-10 16:47:12.109,True,W
TT005,Nap2,Session 5,102,Response,3989.0335,9454.8015,2026-07-10 16:47:38.577,True,W
TT005,Nap2,Session 5,103,Reset,4024.3051,9490.0731,2026-07-10 16:48:13.849,True,W
TT005,Nap2,Session 5,104,Reset,4036.1117,9501.8797,2026-07-10 16:48:25.655,True,W
TT005,Nap2,Session 5,105,Reset,4055.331,9521.099,2026-07-10 16:48:44.875,True,1
TT005,Nap2,Session 5,106,Reset,4063.2122,9528.9802,2026-07-10 16:48:52.756,True,1
TT005,Nap2,Session 5,107,Reset,4073.9036,9539.6716,2026-07-10 16:49:03.447,True,1
TT005,Nap2,Session 5,108,Reset,4183.2345,9649.0025,2026-07-10 16:50:52.778,True,W
TT005,Nap2,Session 5,109,Response,4208.1492,9673.9172,2026-07-10 16:51:17.693,True,W
TT005,Nap2,Session 5,110,Reset,4224.818,9690.586,2026-07-10 16:51:34.362,True,W
TT005,Nap2,Session 5,111,Reset,4269.6803,9735.4483,2026-07-10 16:52:19.224,True,W
TT005,Nap2,Session 5,112,Reset,4308.2752,9774.0432,2026-07-10 16:52:57.819,True,1
TT005,Nap2,Session 5,113,Reset,4368.0822,9833.8502,2026-07-10 16:53:57.626,True,2
TT005,Nap2,Session 5,114,Response,4572.61,10038.378,2026-07-10 16:57:22.154,True,W
TT005,Nap2,Session 5,115,Reset,4595.8663,10061.6343,2026-07-10 16:57:45.410,True,W
TT005,Nap2,Session 5,116,Response,4623.3014,10089.0694,2026-07-10 16:58:12.845,True,W
TT005,Nap2,Session 5,117,Reset,4644.0374,10109.8054,2026-07-10 16:58:33.581,True,W
TT005,Nap2,Session 5,118,Reset,4661.487,10127.255,2026-07-10 16:58:51.031,True,W
TT005,Nap2,Session 5,119,Reset,4674.372,10140.14,2026-07-10 16:59:03.916,True,W
TT005,Nap2,Session 5,120,Response,4785.4426,10251.2106,2026-07-10 17:00:54.986,True,W
TT005,Nap2,Session 5,121,Response,4813.6359,10279.4039,2026-07-10 17:01:23.180,True,W
TT005,Nap2,Session 5,122,Reset,4835.6433,10301.4113,2026-07-10 17:01:45.187,True,W
TT005,Nap2,Session 5,123,Reset,4849.6134,10315.3814,2026-07-10 17:01:59.157,True,W
TT005,Nap2,Session 5,124,Reset,4877.3161,10343.0841,2026-07-10 17:02:26.860,True,W
TT005,Nap2,Session 5,125,Reset,4895.7994,10361.5674,2026-07-10 17:02:45.343,True,W
TT005,Nap2,Session 5,126,Reset,4919.5019,10385.2699,2026-07-10 17:03:09.046,True,W
TT005,Nap2,Session 5,127,Response,4946.5801,10412.3481,2026-07-10 17:03:36.124,True,W
TT005,Nap2,Session 5,128,Response,4961.6955,10427.4635,2026-07-10 17:03:51.239,True,W
TT005,Nap2,Session 5,129,Reset,4986.4686,10452.2366,2026-07-10 17:04:16.012,True,W
TT005,Nap2,Session 5,130,Reset,5004.082,10469.85,2026-07-10 17:04:33.626,True,W
TT005,Nap2,Session 5,131,Reset,5024.2158,10489.9838,2026-07-10 17:04:53.760,True,W
TT005,Nap2,Session 5,132,Response,5043.5244,10509.2924,2026-07-10 17:05:13.068,True,W
TT005,Nap2,Session 5,133,Response,5069.2788,10535.0468,2026-07-10 17:05:38.823,True,W
TT005,Nap2,Session 5,134,Response,5122.097,10587.865,2026-07-10 17:06:31.641,True,2
TT005,Nap2,Session 5,135,Reset,5142.3646,10608.1326,2026-07-10 17:06:51.908,True,2
TT005,Nap2,Session 5,136,Reset,5154.7734,10620.5414,2026-07-10 17:07:04.317,True,1
TT005,Nap2,Session 5,137,Reset,5359.658,10825.426,2026-07-10 17:10:29.202,True,W
TT005,Nap2,Session 5,138,Reset,5385.7548,10851.5228,2026-07-10 17:10:55.299,True,W
TT005,Wake2,Session 7,1,Response,28.1819,11462.8679,2026-07-10 17:21:06.644,True,W
TT005,Wake2,Session 7,2,Response,54.4716,11489.1576,2026-07-10 17:21:32.933,True,W
TT005,Wake2,Session 7,3,Response,78.7395,11513.4255,2026-07-10 17:21:57.201,True,W
TT005,Wake2,Session 7,4,Response,107.8696,11542.5556,2026-07-10 17:22:26.331,True,W
TT005,Wake2,Session 7,5,Response,136.0775,11570.7635,2026-07-10 17:22:54.539,True,W
TT005,Wake2,Session 7,6,Response,164.5386,11599.2246,2026-07-10 17:23:23.000,True,W
TT005,Wake2,Session 7,7,Response,193.2895,11627.9755,2026-07-10 17:23:51.751,True,W
TT005,Wake2,Session 7,8,Response,221.5944,11656.2804,2026-07-10 17:24:20.056,True,W
TT005,Wake2,Session 7,9,Response,250.5238,11685.2098,2026-07-10 17:24:48.986,True,W
TT005,Wake2,Session 7,10,Response,276.353,11711.039,2026-07-10 17:25:14.815,True,W
TT005,Wake2,Session 7,11,Response,303.6464,11738.3324,2026-07-10 17:25:42.108,True,W
TT005,Wake2,Session 7,12,Response,331.8621,11766.5481,2026-07-10 17:26:10.324,True,W
TT005,Wake2,Session 7,13,Response,363.4234,11798.1094,2026-07-10 17:26:41.885,True,W
TT005,Wake2,Session 7,14,Response,392.9104,11827.5964,2026-07-10 17:27:11.372,True,W
TT005,Wake2,Session 7,15,Response,419.7878,11854.4738,2026-07-10 17:27:38.250,True,W
TT005,Wake2,Session 7,16,Response,449.5202,11884.2062,2026-07-10 17:28:07.982,True,W
TT005,Wake2,Session 7,17,Response,479.0295,11913.7155,2026-07-10 17:28:37.491,True,W
TT005,Wake2,Session 7,18,Response,507.5574,11942.2434,2026-07-10 17:29:06.019,True,W
TT005,Wake2,Session 7,19,Response,533.5204,11968.2064,2026-07-10 17:29:31.982,True,W
TT005,Wake2,Session 7,20,Response,561.7807,11996.4667,2026-07-10 17:30:00.242,True,W
TT005,Wake2,Session 7,21,Response,587.4682,12022.1542,2026-07-10 17:30:25.930,True,W
TT005,Wake2,Session 7,22,Response,615.5645,12050.2505,2026-07-10 17:30:54.026,True,W
TT005,Wake2,Session 7,23,Response,644.7988,12079.4848,2026-07-10 17:31:23.261,True,W
TT005,Wake2,Session 7,24,Response,677.1932,12111.8792,2026-07-10 17:31:55.655,True,W
TT005,Wake2,Session 7,25,Response,704.3304,12139.0164,2026-07-10 17:32:22.792,True,W
TT005,Wake2,Session 7,26,Response,732.5907,12167.2767,2026-07-10 17:32:51.052,True,W
TT005,Wake2,Session 7,27,Response,762.1,12196.786,2026-07-10 17:33:20.562,True,W
TT005,Wake2,Session 7,28,Response,818.9552,12253.6412,2026-07-10 17:34:17.417,True,W
TT005,Wake2,Session 7,29,Response,850.1819,12284.8679,2026-07-10 17:34:48.644,True,W
TT005,Wake2,Session 7,30,Response,879.6912,12314.3772,2026-07-10 17:35:18.153,True,W
TT006,Wake1,Session 3,1,Response,33.1897,899.1337,2026-07-13 14:29:20.870,True,W
TT006,Wake1,Session 3,2,Response,63.3086,929.2526,2026-07-13 14:29:50.989,True,W
TT006,Wake1,Session 3,3,Response,94.5646,960.5086,2026-07-13 14:30:22.245,True,W
TT006,Wake1,Session 3,4,Response,127.0108,992.9548,2026-07-13 14:30:54.692,True,W
TT006,Wake1,Session 3,5,Response,161.6986,1027.6426,2026-07-13 14:31:29.379,True,W
TT006,Wake1,Session 3,6,Response,193.1818,1059.1258,2026-07-13 14:32:00.863,True,W
TT006,Wake1,Session 3,7,Response,227.8361,1093.7801,2026-07-13 14:32:35.517,True,W
TT006,Wake1,Session 3,8,Response,261.5243,1127.4683,2026-07-13 14:33:09.205,True,W
TT006,Wake1,Session 3,9,Response,294.2246,1160.1686,2026-07-13 14:33:41.905,True,W
TT006,Wake1,Session 3,10,Response,328.4383,1194.3823,2026-07-13 14:34:16.119,True,W
TT006,Wake1,Session 3,11,Reset,354.4793,1220.4233,2026-07-13 14:34:42.160,True,W
TT006,Wake1,Session 3,12,Response,387.3454,1253.2894,2026-07-13 14:35:15.026,True,W
TT006,Wake1,Session 3,13,Response,418.4941,1284.4381,2026-07-13 14:35:46.175,True,W
TT006,Wake1,Session 3,14,Response,449.4783,1315.4223,2026-07-13 14:36:17.159,True,W
TT006,Wake1,Session 3,15,Response,479.9065,1345.8505,2026-07-13 14:36:47.587,True,W
TT006,Wake1,Session 3,16,Response,513.3324,1379.2764,2026-07-13 14:37:21.013,True,W
TT006,Wake1,Session 3,17,Reset,551.3221,1417.2661,2026-07-13 14:37:59.003,True,W
TT006,Wake1,Session 3,18,Response,583.5912,1449.5352,2026-07-13 14:38:31.272,True,W
TT006,Wake1,Session 3,19,Response,617.6377,1483.5817,2026-07-13 14:39:05.318,True,W
TT006,Wake1,Session 3,20,Reset,646.4728,1512.4168,2026-07-13 14:39:34.154,True,W
TT006,Wake1,Session 3,21,Response,679.4778,1545.4218,2026-07-13 14:40:07.159,True,W
TT006,Wake1,Session 3,22,Reset,708.4196,1574.3636,2026-07-13 14:40:36.100,True,W
TT006,Wake1,Session 3,23,Response,743.3282,1609.2722,2026-07-13 14:41:11.009,True,W
TT006,Wake1,Session 3,24,Response,776.8354,1642.7794,2026-07-13 14:41:44.516,True,W
TT006,Wake1,Session 3,25,Response,812.2576,1678.2016,2026-07-13 14:42:19.938,True,W
TT006,Wake1,Session 3,26,Response,846.3476,1712.2916,2026-07-13 14:42:54.028,True,W
TT006,Wake1,Session 3,27,Response,879.0063,1744.9503,2026-07-13 14:43:26.687,True,W
TT006,Nap1,Session 4,1,Response,31.8392,2123.1292,2026-07-13 14:49:44.866,True,W
TT006,Nap1,Session 4,2,Response,63.3856,2154.6756,2026-07-13 14:50:16.412,True,W
TT006,Nap1,Session 4,3,Response,96.6449,2187.9349,2026-07-13 14:50:49.672,True,W
TT006,Nap1,Session 4,4,Response,129.8036,2221.0936,2026-07-13 14:51:22.830,True,W
TT006,Nap1,Session 4,5,Response,162.8503,2254.1403,2026-07-13 14:51:55.877,True,W
TT006,Nap1,Session 4,6,Response,195.3568,2286.6468,2026-07-13 14:52:28.384,True,W
TT006,Nap1,Session 4,7,Response,229.3695,2320.6595,2026-07-13 14:53:02.396,True,W
TT006,Nap1,Session 4,8,Response,263.6116,2354.9016,2026-07-13 14:53:36.638,True,W
TT006,Nap1,Session 4,9,Response,295.7969,2387.0869,2026-07-13 14:54:08.824,True,W
TT006,Nap1,Session 4,10,Response,329.7972,2421.0872,2026-07-13 14:54:42.824,True,W
TT006,Nap1,Session 4,11,Reset,371.6172,2462.9072,2026-07-13 14:55:24.644,True,W
TT006,Nap1,Session 4,12,Reset,402.1921,2493.4821,2026-07-13 14:55:55.219,True,W
TT006,Nap1,Session 4,13,Reset,447.1008,2538.3908,2026-07-13 14:56:40.128,True,W
TT006,Nap1,Session 4,14,Response,480.2968,2571.5868,2026-07-13 14:57:13.324,True,W
TT006,Nap1,Session 4,15,Reset,508.5244,2599.8144,2026-07-13 14:57:41.551,True,1
TT006,Nap1,Session 4,16,Reset,550.4942,2641.7842,2026-07-13 14:58:23.521,True,W
TT006,Nap1,Session 4,17,Reset,581.8234,2673.1134,2026-07-13 14:58:54.850,True,W
TT006,Nap2,Session 5,1,Response,35.9435,3040.6095,2026-07-13 15:05:02.346,True,W
TT006,Nap2,Session 5,2,Response,70.0875,3074.7535,2026-07-13 15:05:36.490,True,W
TT006,Nap2,Session 5,3,Response,104.1993,3108.8653,2026-07-13 15:06:10.602,True,W
TT006,Nap2,Session 5,4,Response,261.1897,3265.8557,2026-07-13 15:08:47.592,True,W
TT006,Nap2,Session 5,5,Response,294.3777,3299.0437,2026-07-13 15:09:20.780,True,W
TT006,Nap2,Session 5,6,Response,327.8869,3332.5529,2026-07-13 15:09:54.290,True,W
TT006,Nap2,Session 5,7,Response,361.0589,3365.7249,2026-07-13 15:10:27.462,True,W
TT006,Nap2,Session 5,8,Response,394.9011,3399.5671,2026-07-13 15:11:01.304,True,W
TT006,Nap2,Session 5,9,Response,579.7822,3584.4482,2026-07-13 15:14:06.185,True,W
TT006,Nap2,Session 5,10,Response,611.2492,3615.9152,2026-07-13 15:14:37.652,True,W
TT006,Nap2,Session 5,11,Reset,637.4863,3642.1523,2026-07-13 15:15:03.889,True,W
TT006,Nap2,Session 5,12,Response,670.0676,3674.7336,2026-07-13 15:15:36.470,True,W
TT006,Nap2,Session 5,13,Response,703.6839,3708.3499,2026-07-13 15:16:10.087,True,W
TT006,Nap2,Session 5,14,Reset,719.0526,3723.7186,2026-07-13 15:16:25.455,True,W
TT006,Nap2,Session 5,15,Response,752.7322,3757.3982,2026-07-13 15:16:59.135,True,W
TT006,Nap2,Session 5,16,Response,784.5284,3789.1944,2026-07-13 15:17:30.931,True,W
TT006,Nap2,Session 5,17,Response,814.921,3819.587,2026-07-13 15:18:01.324,True,W
TT006,Nap2,Session 5,18,Reset,835.2461,3839.9121,2026-07-13 15:18:21.649,True,W
TT006,Nap2,Session 5,19,Reset,850.0914,3854.7574,2026-07-13 15:18:36.494,True,W
TT006,Nap2,Session 5,20,Reset,866.2453,3870.9113,2026-07-13 15:18:52.648,True,W
TT006,Nap2,Session 5,21,Reset,962.8789,3967.5449,2026-07-13 15:20:29.282,True,W
TT006,Nap2,Session 5,22,Response,993.5212,3998.1872,2026-07-13 15:20:59.924,True,W
TT006,Nap2,Session 5,23,Response,1024.8892,4029.5552,2026-07-13 15:21:31.292,True,W
TT006,Nap2,Session 5,24,Response,1057.5419,4062.2079,2026-07-13 15:22:03.945,True,W
TT006,Nap2,Session 5,25,Reset,1097.8988,4102.5648,2026-07-13 15:22:44.302,True,W
TT006,Nap2,Session 5,26,Response,1133.1049,4137.7709,2026-07-13 15:23:19.508,True,W
TT006,Nap2,Session 5,27,Reset,1151.7726,4156.4386,2026-07-13 15:23:38.175,True,W
TT006,Nap2,Session 5,28,Reset,1353.9852,4358.6512,2026-07-13 15:27:00.388,True,W
TT006,Nap2,Session 5,29,Reset,1392.4506,4397.1166,2026-07-13 15:27:38.853,True,W
TT006,Nap2,Session 5,30,Response,1425.3968,4430.0628,2026-07-13 15:28:11.800,True,W
TT006,Nap2,Session 5,31,Reset,1440.591,4445.257,2026-07-13 15:28:26.994,True,W
TT006,Nap2,Session 5,32,Reset,1456.7488,4461.4148,2026-07-13 15:28:43.152,True,W
TT006,Nap2,Session 5,33,Reset,1480.7695,4485.4355,2026-07-13 15:29:07.172,True,W
TT006,Nap2,Session 5,34,Response,1589.6632,4594.3292,2026-07-13 15:30:56.066,True,W
TT006,Nap2,Session 5,35,Response,1624.8773,4629.5433,2026-07-13 15:31:31.280,True,W
TT006,Nap2,Session 5,36,Response,1657.9701,4662.6361,2026-07-13 15:32:04.373,True,W
TT006,Nap2,Session 5,37,Reset,1671.2334,4675.8994,2026-07-13 15:32:17.636,True,W
TT006,Nap2,Session 5,38,Reset,1704.8853,4709.5513,2026-07-13 15:32:51.288,True,W
TT006,Nap2,Session 5,39,Reset,1722.3873,4727.0533,2026-07-13 15:33:08.790,True,W
TT006,Nap2,Session 5,40,Reset,1734.802,4739.468,2026-07-13 15:33:21.205,True,W
TT006,Nap2,Session 5,41,Reset,1750.5316,4755.1976,2026-07-13 15:33:36.934,True,W
TT006,Nap2,Session 5,42,Response,1859.1874,4863.8534,2026-07-13 15:35:25.590,True,W
TT006,Nap2,Session 5,43,Response,1890.0201,4894.6861,2026-07-13 15:35:56.423,True,W
TT006,Nap2,Session 5,44,Reset,1903.9932,4908.6592,2026-07-13 15:36:10.396,True,W
TT006,Nap2,Session 5,45,Response,1934.4452,4939.1112,2026-07-13 15:36:40.848,True,W
TT006,Nap2,Session 5,46,Reset,1944.8615,4949.5275,2026-07-13 15:36:51.264,True,W
TT006,Nap2,Session 5,47,Response,1976.618,4981.284,2026-07-13 15:37:23.021,True,W
TT006,Nap2,Session 5,48,Reset,1991.2215,4995.8875,2026-07-13 15:37:37.624,True,W
TT006,Nap2,Session 5,49,Reset,2014.5284,5019.1944,2026-07-13 15:38:00.931,True,W
TT006,Nap2,Session 5,50,Reset,2026.8876,5031.5536,2026-07-13 15:38:13.290,True,W
TT006,Nap2,Session 5,51,Reset,2048.0772,5052.7432,2026-07-13 15:38:34.480,True,W
TT006,Nap2,Session 5,52,Reset,2064.1517,5068.8177,2026-07-13 15:38:50.554,True,W
TT006,Nap2,Session 5,53,Reset,2089.9567,5094.6227,2026-07-13 15:39:16.359,True,1
TT006,Nap2,Session 5,54,Reset,2113.1287,5117.7947,2026-07-13 15:39:39.531,True,1
TT006,Nap2,Session 5,55,Reset,2130.6782,5135.3442,2026-07-13 15:39:57.081,True,W
TT006,Nap2,Session 5,56,Reset,2139.4928,5144.1588,2026-07-13 15:40:05.896,True,W
TT006,Nap2,Session 5,57,Response,2262.0581,5266.7241,2026-07-13 15:42:08.461,True,W
TT006,Nap2,Session 5,58,Response,2279.2549,5283.9209,2026-07-13 15:42:25.658,True,W
TT006,Nap2,Session 5,59,Reset,2310.2976,5314.9636,2026-07-13 15:42:56.700,True,W
TT006,Nap2,Session 5,60,Reset,2327.3397,5332.0057,2026-07-13 15:43:13.742,True,W
TT006,Nap2,Session 5,61,Reset,2337.875,5342.541,2026-07-13 15:43:24.278,True,W
TT006,Nap2,Session 5,62,Reset,2352.8194,5357.4854,2026-07-13 15:43:39.222,True,W
TT006,Nap2,Session 5,63,Reset,2367.2564,5371.9224,2026-07-13 15:43:53.659,True,2
TT006,Nap2,Session 5,64,Reset,2397.8393,5402.5053,2026-07-13 15:44:24.242,True,W
TT006,Nap2,Session 5,65,Reset,2412.8313,5417.4973,2026-07-13 15:44:39.234,True,W
TT006,Nap2,Session 5,66,Reset,2429.4095,5434.0755,2026-07-13 15:44:55.812,True,1
TT006,Nap2,Session 5,67,Reset,2451.8083,5456.4743,2026-07-13 15:45:18.211,True,1
TT006,Nap2,Session 5,68,Reset,2461.2492,5465.9152,2026-07-13 15:45:27.652,True,W
TT006,Nap2,Session 5,69,Response,2564.7584,5569.4244,2026-07-13 15:47:11.161,True,W
TT006,Nap2,Session 5,70,Response,2597.2207,5601.8867,2026-07-13 15:47:43.623,True,W
TT006,Nap2,Session 5,71,Reset,2612.1057,5616.7717,2026-07-13 15:47:58.508,True,W
TT006,Nap2,Session 5,72,Response,2667.8155,5672.4815,2026-07-13 15:48:54.218,True,W
TT006,Nap2,Session 5,73,Response,2699.1597,5703.8257,2026-07-13 15:49:25.562,True,W
TT006,Nap2,Session 5,74,Response,2729.8535,5734.5195,2026-07-13 15:49:56.256,True,W
TT006,Nap2,Session 5,75,Reset,2756.4912,5761.1572,2026-07-13 15:50:22.894,True,W
TT006,Nap2,Session 5,76,Reset,2783.7434,5788.4094,2026-07-13 15:50:50.146,True,W
TT006,Nap2,Session 5,77,Reset,2813.5093,5818.1753,2026-07-13 15:51:19.912,True,W
TT006,Nap2,Session 5,78,Response,2845.2298,5849.8958,2026-07-13 15:51:51.633,True,W
TT006,Nap2,Session 5,79,Reset,2855.5153,5860.1813,2026-07-13 15:52:01.918,True,W
TT006,Nap2,Session 5,80,Reset,2870.0953,5874.7613,2026-07-13 15:52:16.498,True,W
TT006,Nap2,Session 5,81,Response,2902.6529,5907.3189,2026-07-13 15:52:49.056,True,W
TT006,Nap2,Session 5,82,Response,2932.1176,5936.7836,2026-07-13 15:53:18.520,True,W
TT006,Nap2,Session 5,83,Response,2963.2595,5967.9255,2026-07-13 15:53:49.662,True,W
TT006,Nap2,Session 5,84,Response,2995.4959,6000.1619,2026-07-13 15:54:21.899,True,W
TT006,Nap2,Session 5,85,Response,3028.8147,6033.4807,2026-07-13 15:54:55.217,True,W
TT006,Nap2,Session 5,86,Response,3060.8448,6065.5108,2026-07-13 15:55:27.248,True,W
TT006,Nap2,Session 5,87,Reset,3073.9179,6078.5839,2026-07-13 15:55:40.321,True,W
TT006,Nap2,Session 5,88,Response,3106.6616,6111.3276,2026-07-13 15:56:13.064,True,W
TT006,Nap2,Session 5,89,Reset,3140.2381,6144.9041,2026-07-13 15:56:46.641,True,W
TT006,Nap2,Session 5,90,Reset,3158.8186,6163.4846,2026-07-13 15:57:05.221,True,W
TT006,Nap2,Session 5,91,Reset,3188.5569,6193.2229,2026-07-13 15:57:34.960,True,W
TT006,Nap2,Session 5,92,Reset,3195.6937,6200.3597,2026-07-13 15:57:42.096,True,W
TT006,Nap2,Session 5,93,Reset,3215.9042,6220.5702,2026-07-13 15:58:02.307,True,W
TT006,Nap2,Session 5,94,Reset,3232.3314,6236.9974,2026-07-13 15:58:18.734,True,W
TT006,Nap2,Session 5,95,Reset,3266.0708,6270.7368,2026-07-13 15:58:52.474,True,2
TT006,Nap2,Session 5,96,Reset,3446.6655,6451.3315,2026-07-13 16:01:53.068,True,W
TT006,Nap2,Session 5,97,Reset,3465.6782,6470.3442,2026-07-13 16:02:12.081,True,W
TT006,Nap2,Session 5,98,Reset,3481.9233,6486.5893,2026-07-13 16:02:28.326,True,W
TT006,Nap2,Session 5,99,Response,3596.8321,6601.4981,2026-07-13 16:04:23.235,True,W
TT006,Nap2,Session 5,100,Response,3626.5823,6631.2483,2026-07-13 16:04:52.985,True,W
TT006,Nap2,Session 5,101,Response,3657.5339,6662.1999,2026-07-13 16:05:23.937,True,W
TT006,Nap2,Session 5,102,Reset,3671.9828,6676.6488,2026-07-13 16:05:38.386,True,W
TT006,Nap2,Session 5,103,Response,3704.5998,6709.2658,2026-07-13 16:06:11.003,True,W
TT006,Nap2,Session 5,104,Response,3736.6299,6741.2959,2026-07-13 16:06:43.033,True,W
TT006,Nap2,Session 5,105,Response,3770.9717,6775.6377,2026-07-13 16:07:17.374,True,W
TT006,Nap2,Session 5,106,Response,3804.4928,6809.1588,2026-07-13 16:07:50.896,True,W
TT006,Nap2,Session 5,107,Reset,3815.4007,6820.0667,2026-07-13 16:08:01.803,True,W
TT006,Nap2,Session 5,108,Reset,3827.5895,6832.2555,2026-07-13 16:08:13.992,True,W
TT006,Nap2,Session 5,109,Reset,3846.8758,6851.5418,2026-07-13 16:08:33.279,True,W
TT006,Nap2,Session 5,110,Reset,3861.7726,6866.4386,2026-07-13 16:08:48.175,True,W
TT006,Nap2,Session 5,111,Response,3892.8551,6897.5211,2026-07-13 16:09:19.258,True,W
TT006,Nap2,Session 5,112,Response,3923.0811,6927.7471,2026-07-13 16:09:49.484,True,W
TT006,Nap2,Session 5,113,Response,3953.664,6958.33,2026-07-13 16:10:20.067,True,W
TT006,Nap2,Session 5,114,Response,3985.6148,6990.2808,2026-07-13 16:10:52.018,True,W
TT006,Nap2,Session 5,115,Response,4018.7196,7023.3856,2026-07-13 16:11:25.122,True,W
TT006,Nap2,Session 5,116,Reset,4051.5823,7056.2483,2026-07-13 16:11:57.985,True,W
TT006,Nap2,Session 5,117,Reset,4068.6164,7073.2824,2026-07-13 16:12:15.019,True,W
TT006,Nap2,Session 5,118,Reset,4085.4046,7090.0706,2026-07-13 16:12:31.807,True,W
TT006,Nap2,Session 5,119,Reset,4116.6973,7121.3633,2026-07-13 16:13:03.100,True,W
TT006,Nap2,Session 5,120,Reset,4156.5546,7161.2206,2026-07-13 16:13:42.957,True,W
TT006,Nap2,Session 5,121,Response,4283.4618,7288.1278,2026-07-13 16:15:49.865,True,W
TT006,Nap2,Session 5,122,Reset,4298.4935,7303.1595,2026-07-13 16:16:04.896,True,W
TT006,Nap2,Session 5,123,Response,4330.3332,7334.9992,2026-07-13 16:16:36.736,True,W
TT006,Nap2,Session 5,124,Response,4365.0082,7369.6742,2026-07-13 16:17:11.411,True,W
TT006,Nap2,Session 5,125,Reset,4385.8408,7390.5068,2026-07-13 16:17:32.244,True,W
TT006,Nap2,Session 5,126,Response,4418.7948,7423.4608,2026-07-13 16:18:05.198,True,W
TT006,Nap2,Session 5,127,Reset,4442.2445,7446.9105,2026-07-13 16:18:28.647,True,W
TT006,Nap2,Session 5,128,Response,4475.5474,7480.2134,2026-07-13 16:19:01.950,True,W
TT006,Nap2,Session 5,129,Response,4509.4571,7514.1231,2026-07-13 16:19:35.860,True,W
TT006,Nap2,Session 5,130,Response,4544.0169,7548.6829,2026-07-13 16:20:10.420,True,W
TT006,Nap2,Session 5,131,Response,4578.9495,7583.6155,2026-07-13 16:20:45.352,True,W
TT006,Nap2,Session 5,132,Response,4610.6068,7615.2728,2026-07-13 16:21:17.010,True,W
TT006,Nap2,Session 5,133,Response,4641.0708,7645.7368,2026-07-13 16:21:47.474,True,W
TT006,Nap2,Session 5,134,Response,4673.5212,7678.1872,2026-07-13 16:22:19.924,True,W
TT006,Nap2,Session 5,135,Response,4704.4491,7709.1151,2026-07-13 16:22:50.852,True,W
TT006,Nap2,Session 5,136,Response,4812.5339,7817.1999,2026-07-13 16:24:38.937,True,W
TT006,Nap2,Session 5,137,Response,4843.4618,7848.1278,2026-07-13 16:25:09.865,True,W
TT006,Nap2,Session 5,138,Response,4873.3309,7877.9969,2026-07-13 16:25:39.734,True,W
TT006,Nap2,Session 5,139,Response,4903.0097,7907.6757,2026-07-13 16:26:09.412,True,W
TT006,Nap2,Session 5,140,Reset,4923.89,7928.556,2026-07-13 16:26:30.293,True,W
TT006,Nap2,Session 5,141,Reset,4953.212,7957.878,2026-07-13 16:26:59.615,True,W
TT006,Nap2,Session 5,142,Response,5072.0343,8076.7003,2026-07-13 16:28:58.437,True,W
TT006,Nap2,Session 5,143,Response,5102.3436,8107.0096,2026-07-13 16:29:28.746,True,W
TT006,Nap2,Session 5,144,Reset,5142.6648,8147.3308,2026-07-13 16:30:09.068,True,W
TT006,Nap2,Session 5,145,Reset,5170.3214,8174.9874,2026-07-13 16:30:36.724,True,W
TT006,Nap2,Session 5,146,Response,5200.7853,8205.4513,2026-07-13 16:31:07.188,True,W
TT006,Nap2,Session 5,147,Response,5233.6402,8238.3062,2026-07-13 16:31:40.043,True,W
TT006,Nap2,Session 5,148,Reset,5255.0558,8259.7218,2026-07-13 16:32:01.459,True,W
TT006,Nap2,Session 5,149,Response,5283.6045,8288.2705,2026-07-13 16:32:30.007,True,W
TT006,Nap2,Session 5,150,Response,5313.4974,8318.1634,2026-07-13 16:32:59.900,True,W
TT006,Nap2,Session 5,151,Response,5343.1525,8347.8185,2026-07-13 16:33:29.555,True,W
TT006,Nap2,Session 5,152,Response,5372.8194,8377.4854,2026-07-13 16:33:59.222,True,W
TT006,Wake2,Session 7,1,Response,29.7838,8946.2718,2026-07-13 16:43:28.009,True,W
TT006,Wake2,Session 7,2,Response,58.6537,8975.1417,2026-07-13 16:43:56.878,True,W
TT006,Wake2,Session 7,3,Response,86.5958,9003.0838,2026-07-13 16:44:24.821,True,W
TT006,Wake2,Session 7,4,Response,113.3286,9029.8166,2026-07-13 16:44:51.553,True,W
TT006,Wake2,Session 7,5,Response,139.308,9055.796,2026-07-13 16:45:17.533,True,W
TT006,Wake2,Session 7,6,Response,166.7861,9083.2741,2026-07-13 16:45:45.011,True,W
TT006,Wake2,Session 7,7,Response,193.519,9110.007,2026-07-13 16:46:11.744,True,W
TT006,Wake2,Session 7,8,Response,220.8306,9137.3186,2026-07-13 16:46:39.055,True,W
TT006,Wake2,Session 7,9,Reset,241.5205,9158.0085,2026-07-13 16:46:59.745,True,W
TT006,Wake2,Session 7,10,Response,267.2739,9183.7619,2026-07-13 16:47:25.499,True,W
TT006,Wake2,Session 7,11,Response,294.5617,9211.0497,2026-07-13 16:47:52.786,True,W
TT006,Wake2,Session 7,12,Response,322.2462,9238.7342,2026-07-13 16:48:20.471,True,W
TT006,Wake2,Session 7,13,Response,352.1629,9268.6509,2026-07-13 16:48:50.388,True,W
TT006,Wake2,Session 7,14,Response,380.9614,9297.4494,2026-07-13 16:49:19.186,True,W
TT006,Wake2,Session 7,15,Response,408.9273,9325.4153,2026-07-13 16:49:47.152,True,W
TT006,Wake2,Session 7,16,Response,438.5467,9355.0347,2026-07-13 16:50:16.771,True,W
TT006,Wake2,Session 7,17,Response,466.9646,9383.4526,2026-07-13 16:50:45.189,True,W
TT006,Wake2,Session 7,18,Response,496.6434,9413.1314,2026-07-13 16:51:14.868,True,W
TT006,Wake2,Session 7,19,Response,528.6537,9445.1417,2026-07-13 16:51:46.878,True,W
TT006,Wake2,Session 7,20,Response,560.45,9476.938,2026-07-13 16:52:18.675,True,W
TT006,Wake2,Session 7,21,Response,590.8187,9507.3067,2026-07-13 16:52:49.043,True,W
TT006,Wake2,Session 7,22,Response,622.6188,9539.1068,2026-07-13 16:53:20.844,True,W
TT006,Wake2,Session 7,23,Response,653.7251,9570.2131,2026-07-13 16:53:51.950,True,W
TT006,Wake2,Session 7,24,Response,684.534,9601.022,2026-07-13 16:54:22.759,True,W
TT006,Wake2,Session 7,25,Response,716.8179,9633.3059,2026-07-13 16:54:55.043,True,W
TT006,Wake2,Session 7,26,Response,749.1929,9665.6809,2026-07-13 16:55:27.418,True,W
TT006,Wake2,Session 7,27,Response,779.4784,9695.9664,2026-07-13 16:55:57.703,True,W
TT006,Wake2,Session 7,28,Response,808.618,9725.106,2026-07-13 16:56:26.843,True,W
TT006,Wake2,Session 7,29,Response,837.7735,9754.2615,2026-07-13 16:56:55.998,True,W
TT006,Wake2,Session 7,30,Response,852.9371,9769.4251,2026-07-13 16:57:11.162,True,W
TT006,Wake2,Session 7,31,Response,866.2984,9782.7864,2026-07-13 16:57:24.523,True,W
TT006,Wake2,Session 7,32,Response,896.7664,9813.2544,2026-07-13 16:57:54.991,True,W
TT007,Wake1,Session 3,1,Response,27.924,1172.506,2026-07-16 14:21:58.277,True,W
TT007,Wake1,Session 3,2,Response,55.1806,1199.7626,2026-07-16 14:22:25.534,True,W
TT007,Wake1,Session 3,3,Response,84.3777,1228.9597,2026-07-16 14:22:54.731,True,W
TT007,Wake1,Session 3,4,Response,113.8535,1258.4355,2026-07-16 14:23:24.206,True,W
TT007,Wake1,Session 3,5,Response,145.6824,1290.2644,2026-07-16 14:23:56.035,True,W
TT007,Wake1,Session 3,6,Response,175.649,1320.231,2026-07-16 14:24:26.002,True,W
TT007,Wake1,Session 3,7,Response,206.2066,1350.7886,2026-07-16 14:24:56.560,True,W
TT007,Wake1,Session 3,8,Response,237.9017,1382.4837,2026-07-16 14:25:28.255,True,W
TT007,Wake1,Session 3,9,Response,266.6861,1411.2681,2026-07-16 14:25:57.039,True,W
TT007,Wake1,Session 3,10,Response,297.1657,1441.7477,2026-07-16 14:26:27.519,True,W
TT007,Wake1,Session 3,11,Response,327.3664,1471.9484,2026-07-16 14:26:57.719,True,W
TT007,Wake1,Session 3,12,Response,357.3776,1501.9596,2026-07-16 14:27:27.731,True,W
TT007,Wake1,Session 3,13,Response,385.8943,1530.4763,2026-07-16 14:27:56.247,True,W
TT007,Wake1,Session 3,14,Response,418.3255,1562.9075,2026-07-16 14:28:28.678,True,W
TT007,Wake1,Session 3,15,Response,455.0245,1599.6065,2026-07-16 14:29:05.377,True,W
TT007,Wake1,Session 3,16,Response,483.5524,1628.1344,2026-07-16 14:29:33.905,True,W
TT007,Wake1,Session 3,17,Response,514.0877,1658.6697,2026-07-16 14:30:04.441,True,W
TT007,Wake1,Session 3,18,Response,552.8498,1697.4318,2026-07-16 14:30:43.203,True,W
TT007,Wake1,Session 3,19,Response,585.9166,1730.4986,2026-07-16 14:31:16.270,True,W
TT007,Wake1,Session 3,20,Response,618.2809,1762.8629,2026-07-16 14:31:48.634,True,W
TT007,Wake1,Session 3,21,Response,648.0355,1792.6175,2026-07-16 14:32:18.388,True,W
TT007,Wake1,Session 3,22,Response,679.9687,1824.5507,2026-07-16 14:32:50.322,True,W
TT007,Wake1,Session 3,23,Response,712.106,1856.688,2026-07-16 14:33:22.459,True,W
TT007,Wake1,Session 3,24,Response,745.3144,1889.8964,2026-07-16 14:33:55.667,True,W
TT007,Wake1,Session 3,25,Response,776.3962,1920.9782,2026-07-16 14:34:26.749,True,W
TT007,Wake1,Session 3,26,Response,809.5187,1954.1007,2026-07-16 14:34:59.872,True,W
TT007,Wake1,Session 3,27,Response,843.9204,1988.5024,2026-07-16 14:35:34.273,True,W
TT007,Wake1,Session 3,28,Response,873.8608,2018.4428,2026-07-16 14:36:04.214,True,W
TT007,Nap1,Session 4,1,Response,27.7983,2340.2503,2026-07-16 14:41:26.021,True,W
TT007,Nap1,Session 4,2,Response,55.1664,2367.6184,2026-07-16 14:41:53.389,True,W
TT007,Nap1,Session 4,3,Response,84.7203,2397.1723,2026-07-16 14:42:22.943,True,W
TT007,Nap1,Session 4,4,Response,112.3227,2424.7747,2026-07-16 14:42:50.546,True,W
TT007,Nap1,Session 4,5,Response,141.7612,2454.2132,2026-07-16 14:43:19.984,True,W
TT007,Nap1,Session 4,6,Response,171.2816,2483.7336,2026-07-16 14:43:49.505,True,W
TT007,Nap1,Session 4,7,Reset,223.1552,2535.6072,2026-07-16 14:44:41.378,True,W
TT007,Nap1,Session 4,8,Response,257.0662,2569.5182,2026-07-16 14:45:15.289,True,W
TT007,Nap1,Session 4,9,Reset,292.7648,2605.2168,2026-07-16 14:45:50.988,True,W
TT007,Nap1,Session 4,10,Response,328.4897,2640.9417,2026-07-16 14:46:26.713,True,W
TT007,Nap1,Session 4,11,Reset,348.6347,2661.0867,2026-07-16 14:46:46.858,True,W
TT007,Nap1,Session 4,12,Reset,378.2555,2690.7075,2026-07-16 14:47:16.478,True,W
TT007,Nap1,Session 4,13,Reset,404.7315,2717.1835,2026-07-16 14:47:42.954,True,W
TT007,Nap1,Session 4,14,Reset,427.345,2739.797,2026-07-16 14:48:05.568,True,W
TT007,Nap1,Session 4,15,Reset,441.1478,2753.5998,2026-07-16 14:48:19.371,True,W
TT007,Nap1,Session 4,16,Reset,466.3524,2778.8044,2026-07-16 14:48:44.575,True,W
TT007,Nap1,Session 4,17,Response,494.5754,2807.0274,2026-07-16 14:49:12.798,True,W
TT007,Nap1,Session 4,18,Reset,516.7166,2829.1686,2026-07-16 14:49:34.940,True,W
TT007,Nap1,Session 4,19,Reset,542.7537,2855.2057,2026-07-16 14:50:00.977,True,W
TT007,Nap1,Session 4,20,Reset,556.6201,2869.0721,2026-07-16 14:50:14.843,True,W
TT007,Nap1,Session 4,21,Reset,592.9321,2905.3841,2026-07-16 14:50:51.155,True,W
TT007,Nap1,Session 4,22,Reset,678.9955,2991.4475,2026-07-16 14:52:17.218,True,W
TT007,Nap2,Session 5,1,Response,26.8594,3369.1834,2026-07-16 14:58:34.954,True,W
TT007,Nap2,Session 5,2,Response,55.1308,3397.4548,2026-07-16 14:59:03.226,True,W
TT007,Nap2,Session 5,3,Response,83.0454,3425.3694,2026-07-16 14:59:31.140,True,W
TT007,Nap2,Session 5,4,Response,237.3501,3579.6741,2026-07-16 15:02:05.445,True,W
TT007,Nap2,Session 5,5,Response,266.1234,3608.4474,2026-07-16 15:02:34.218,True,W
TT007,Nap2,Session 5,6,Response,294.8632,3637.1872,2026-07-16 15:03:02.958,True,W
TT007,Nap2,Session 5,7,Response,324.5063,3666.8303,2026-07-16 15:03:32.601,True,W
TT007,Nap2,Session 5,8,Response,353.1642,3695.4882,2026-07-16 15:04:01.259,True,W
TT007,Nap2,Session 5,9,Response,509.2944,3851.6184,2026-07-16 15:06:37.389,True,W
TT007,Nap2,Session 5,10,Response,540.6438,3882.9678,2026-07-16 15:07:08.739,True,W
TT007,Nap2,Session 5,11,Response,568.38,3910.704,2026-07-16 15:07:36.475,True,W
TT007,Nap2,Session 5,12,Response,596.473,3938.797,2026-07-16 15:08:04.568,True,W
TT007,Nap2,Session 5,13,Response,625.0935,3967.4175,2026-07-16 15:08:33.188,True,W
TT007,Nap2,Session 5,14,Response,655.5212,3997.8452,2026-07-16 15:09:03.616,True,W
TT007,Nap2,Session 5,15,Response,706.3018,4048.6258,2026-07-16 15:09:54.397,True,W
TT007,Nap2,Session 5,16,Reset,734.5359,4076.8599,2026-07-16 15:10:22.631,True,W
TT007,Nap2,Session 5,17,Response,762.194,4104.518,2026-07-16 15:10:50.289,True,W
TT007,Nap2,Session 5,18,Reset,787.2202,4129.5442,2026-07-16 15:11:15.315,True,W
TT007,Nap2,Session 5,19,Reset,819.3352,4161.6592,2026-07-16 15:11:47.430,True,W
TT007,Nap2,Session 5,20,Reset,833.8668,4176.1908,2026-07-16 15:12:01.962,True,W
TT007,Nap2,Session 5,21,Reset,850.4766,4192.8006,2026-07-16 15:12:18.572,False,W
TT007,Nap2,Session 5,22,Response,968.22,4310.544,2026-07-16 15:14:16.315,True,W
TT007,Nap2,Session 5,23,Response,998.9599,4341.2839,2026-07-16 15:14:47.055,True,W
TT007,Nap2,Session 5,24,Response,1028.893,4371.217,2026-07-16 15:15:16.988,True,W
TT007,Nap2,Session 5,25,Reset,1050.0935,4392.4175,2026-07-16 15:15:38.188,True,W
TT007,Nap2,Session 5,26,Response,1081.5695,4423.8935,2026-07-16 15:16:09.664,True,W
TT007,Nap2,Session 5,27,Response,1109.4952,4451.8192,2026-07-16 15:16:37.590,True,W
TT007,Nap2,Session 5,28,Reset,1127.9562,4470.2802,2026-07-16 15:16:56.051,True,W
TT007,Nap2,Session 5,29,Reset,1144.8186,4487.1426,2026-07-16 15:17:12.914,True,W
TT007,Nap2,Session 5,30,Reset,1171.6403,4513.9643,2026-07-16 15:17:39.735,True,W
TT007,Nap2,Session 5,31,Reset,1187.2832,4529.6072,2026-07-16 15:17:55.378,True,W
TT007,Nap2,Session 5,32,Reset,1201.9932,4544.3172,2026-07-16 15:18:10.088,True,W
TT007,Nap2,Session 5,33,Response,1338.1346,4680.4586,2026-07-16 15:20:26.230,True,W
TT007,Nap2,Session 5,34,Reset,1377.1048,4719.4288,2026-07-16 15:21:05.200,True,W
TT007,Nap2,Session 5,35,Response,1408.7218,4751.0458,2026-07-16 15:21:36.817,True,W
TT007,Nap2,Session 5,36,Reset,1430.3165,4772.6405,2026-07-16 15:21:58.411,True,W
TT007,Nap2,Session 5,37,Reset,1456.3576,4798.6816,2026-07-16 15:22:24.453,True,W
TT007,Nap2,Session 5,38,Reset,1477.4839,4819.8079,2026-07-16 15:22:45.579,True,1
TT007,Nap2,Session 5,39,Reset,1524.2387,4866.5627,2026-07-16 15:23:32.334,True,2
TT007,Nap2,Session 5,40,Reset,1541.2644,4883.5884,2026-07-16 15:23:49.359,True,2
TT007,Nap2,Session 5,41,Reset,1555.0751,4897.3991,2026-07-16 15:24:03.170,True,W
TT007,Nap2,Session 5,42,Response,1758.0638,5100.3878,2026-07-16 15:27:26.159,True,W
TT007,Nap2,Session 5,43,Reset,1779.3575,5121.6815,2026-07-16 15:27:47.452,True,W
TT007,Nap2,Session 5,44,Reset,1799.324,5141.648,2026-07-16 15:28:07.419,True,W
TT007,Nap2,Session 5,45,Reset,1845.1827,5187.5067,2026-07-16 15:28:53.278,True,1
TT007,Nap2,Session 5,46,Response,1974.1049,5316.4289,2026-07-16 15:31:02.200,True,W
TT007,Nap2,Session 5,47,Response,1995.9934,5338.3174,2026-07-16 15:31:24.088,True,W
TT007,Nap2,Session 5,48,Reset,2013.5991,5355.9231,2026-07-16 15:31:41.694,True,W
TT007,Nap2,Session 5,49,Response,2045.6438,5387.9678,2026-07-16 15:32:13.739,True,W
TT007,Nap2,Session 5,50,Reset,2082.1159,5424.4399,2026-07-16 15:32:50.211,True,1
TT007,Nap2,Session 5,51,Response,2110.1197,5452.4437,2026-07-16 15:33:18.215,True,W
TT007,Nap2,Session 5,52,Reset,2126.6587,5468.9827,2026-07-16 15:33:34.754,True,1
TT007,Nap2,Session 5,53,Reset,2142.8854,5485.2094,2026-07-16 15:33:50.980,True,1
TT007,Nap2,Session 5,54,Reset,2188.3242,5530.6482,2026-07-16 15:34:36.419,True,W
TT007,Nap2,Session 5,55,Response,2213.7106,5556.0346,2026-07-16 15:35:01.806,True,W
TT007,Nap2,Session 5,56,Response,2239.0714,5581.3954,2026-07-16 15:35:27.166,True,W
TT007,Nap2,Session 5,57,Reset,2267.9635,5610.2875,2026-07-16 15:35:56.058,True,W
TT007,Nap2,Session 5,58,Response,2295.3427,5637.6667,2026-07-16 15:36:23.438,True,W
TT007,Nap2,Session 5,59,Reset,2316.1011,5658.4251,2026-07-16 15:36:44.196,True,W
TT007,Nap2,Session 5,60,Response,2342.3501,5684.6741,2026-07-16 15:37:10.445,True,W
TT007,Nap2,Session 5,61,Reset,2364.5582,5706.8822,2026-07-16 15:37:32.653,True,W
TT007,Nap2,Session 5,62,Reset,2377.7109,5720.0349,2026-07-16 15:37:45.806,True,W
TT007,Nap2,Session 5,63,Reset,2394.2348,5736.5588,2026-07-16 15:38:02.330,True,W
TT007,Nap2,Session 5,64,Reset,2424.484,5766.808,2026-07-16 15:38:32.579,True,W
TT007,Nap2,Session 5,65,Reset,2443.0861,5785.4101,2026-07-16 15:38:51.181,True,W
TT007,Nap2,Session 5,66,Response,2561.4579,5903.7819,2026-07-16 15:40:49.553,True,W
TT007,Nap2,Session 5,67,Response,2592.3947,5934.7187,2026-07-16 15:41:20.490,True,W
TT007,Nap2,Session 5,68,Reset,2609.6959,5952.0199,2026-07-16 15:41:37.791,True,W
TT007,Nap2,Session 5,69,Reset,2628.9933,5971.3173,2026-07-16 15:41:57.088,True,W
TT007,Nap2,Session 5,70,Reset,2654.2498,5996.5738,2026-07-16 15:42:22.345,True,W
TT007,Nap2,Session 5,71,Reset,2678.1865,6020.5105,2026-07-16 15:42:46.281,True,W
TT007,Nap2,Session 5,72,Reset,2745.5546,6087.8786,2026-07-16 15:43:53.650,True,2
TT007,Nap2,Session 5,73,Response,3119.1189,6461.4429,2026-07-16 15:50:07.214,True,W
TT007,Nap2,Session 5,74,Reset,3142.5242,6484.8482,2026-07-16 15:50:30.619,True,W
TT007,Nap2,Session 5,75,Reset,3176.4201,6518.7441,2026-07-16 15:51:04.515,True,W
TT007,Nap2,Session 5,76,Reset,3195.0372,6537.3612,2026-07-16 15:51:23.132,True,W
TT007,Nap2,Session 5,77,Response,3314.3977,6656.7217,2026-07-16 15:53:22.493,True,W
TT007,Nap2,Session 5,78,Response,3343.6616,6685.9856,2026-07-16 15:53:51.757,True,W
TT007,Nap2,Session 5,79,Reset,3356.695,6699.019,2026-07-16 15:54:04.790,True,W
TT007,Nap2,Session 5,80,Reset,3389.6915,6732.0155,2026-07-16 15:54:37.786,True,W
TT007,Nap2,Session 5,81,Reset,3415.8586,6758.1826,2026-07-16 15:55:03.954,True,W
TT007,Nap2,Session 5,82,Reset,3430.4387,6772.7627,2026-07-16 15:55:18.534,True,W
TT007,Nap2,Session 5,83,Reset,3450.2006,6792.5246,2026-07-16 15:55:38.296,True,W
TT007,Nap2,Session 5,84,Reset,3603.3382,6945.6622,2026-07-16 15:58:11.433,True,W
TT007,Nap2,Session 5,85,Response,3663.2825,7005.6065,2026-07-16 15:59:11.377,True,W
TT007,Nap2,Session 5,86,Reset,3691.0075,7033.3315,2026-07-16 15:59:39.102,True,W
TT007,Nap2,Session 5,87,Reset,3713.8624,7056.1864,2026-07-16 16:00:01.957,True,W
TT007,Nap2,Session 5,88,Reset,3731.6208,7073.9448,2026-07-16 16:00:19.716,True,W
TT007,Nap2,Session 5,89,Reset,3768.4832,7110.8072,2026-07-16 16:00:56.578,True,W
TT007,Nap2,Session 5,90,Response,3787.286,7129.61,2026-07-16 16:01:15.381,True,W
TT007,Nap2,Session 5,91,Reset,3823.5167,7165.8407,2026-07-16 16:01:51.612,True,1
TT007,Nap2,Session 5,92,Reset,3866.5205,7208.8445,2026-07-16 16:02:34.615,True,W
TT007,Nap2,Session 5,93,Response,4084.5405,7426.8645,2026-07-16 16:06:12.635,True,W
TT007,Nap2,Session 5,94,Reset,4100.165,7442.489,2026-07-16 16:06:28.260,True,W
TT007,Nap2,Session 5,95,Response,4137.3212,7479.6452,2026-07-16 16:07:05.416,True,W
TT007,Nap2,Session 5,96,Response,4162.377,7504.701,2026-07-16 16:07:30.472,True,W
TT007,Nap2,Session 5,97,Response,4188.3472,7530.6712,2026-07-16 16:07:56.442,True,W
TT007,Nap2,Session 5,98,Reset,4204.1836,7546.5076,2026-07-16 16:08:12.279,True,W
TT007,Nap2,Session 5,99,Reset,4222.522,7564.846,2026-07-16 16:08:30.617,True,W
TT007,Nap2,Session 5,100,Reset,4234.6743,7576.9983,2026-07-16 16:08:42.769,True,W
TT007,Nap2,Session 5,101,Response,4360.165,7702.489,2026-07-16 16:10:48.260,True,W
TT007,Nap2,Session 5,102,Reset,4385.0423,7727.3663,2026-07-16 16:11:13.137,True,W
TT007,Nap2,Session 5,103,Reset,4411.5963,7753.9203,2026-07-16 16:11:39.691,True,1
TT007,Nap2,Session 5,104,Reset,4432.9792,7775.3032,2026-07-16 16:12:01.074,True,1
TT007,Nap2,Session 5,105,Reset,4479.3548,7821.6788,2026-07-16 16:12:47.450,True,2
TT007,Nap2,Session 5,106,Reset,4572.2097,7914.5337,2026-07-16 16:14:20.305,True,1
TT007,Nap2,Session 5,107,Reset,4682.3435,8024.6675,2026-07-16 16:16:10.438,True,W
TT007,Nap2,Session 5,108,Reset,4709.1167,8051.4407,2026-07-16 16:16:37.212,True,W
TT007,Nap2,Session 5,109,Response,4739.4401,8081.7641,2026-07-16 16:17:07.535,True,W
TT007,Nap2,Session 5,110,Reset,4766.269,8108.593,2026-07-16 16:17:34.364,True,W
TT007,Nap2,Session 5,111,Response,4808.1911,8150.5151,2026-07-16 16:18:16.286,True,1
TT007,Nap2,Session 5,112,Reset,4840.823,8183.147,2026-07-16 16:18:48.918,True,W
TT007,Nap2,Session 5,113,Reset,4854.0052,8196.3292,2026-07-16 16:19:02.100,True,W
TT007,Nap2,Session 5,114,Reset,5056.9198,8399.2438,2026-07-16 16:22:25.015,True,W
TT007,Nap2,Session 5,115,Reset,5080.9902,8423.3142,2026-07-16 16:22:49.085,True,W
TT007,Nap2,Session 5,116,Reset,5114.8862,8457.2102,2026-07-16 16:23:22.981,True,W
TT007,Nap2,Session 5,117,Reset,5256.7859,8599.1099,2026-07-16 16:25:44.881,True,W
TT007,Nap2,Session 5,118,Response,5282.8454,8625.1694,2026-07-16 16:26:10.940,True,W
TT007,Nap2,Session 5,119,Reset,5313.5479,8655.8719,2026-07-16 16:26:41.643,True,W
TT007,Wake2,Session 7,1,Response,26.7929,9463.4769,2026-07-16 16:40:09.248,True,W
TT007,Wake2,Session 7,2,Response,52.2317,9488.9157,2026-07-16 16:40:34.687,True,W
TT007,Wake2,Session 7,3,Response,76.7483,9513.4323,2026-07-16 16:40:59.203,True,W
TT007,Wake2,Session 7,4,Response,102.2167,9538.9007,2026-07-16 16:41:24.672,True,W
TT007,Wake2,Session 7,5,Response,128.0642,9564.7482,2026-07-16 16:41:50.519,True,W
TT007,Wake2,Session 7,6,Response,154.016,9590.7,2026-07-16 16:42:16.471,True,W
TT007,Wake2,Session 7,7,Response,180.6777,9617.3617,2026-07-16 16:42:43.133,True,W
TT007,Wake2,Session 7,8,Response,210.1273,9646.8113,2026-07-16 16:43:12.582,True,W
TT007,Wake2,Session 7,9,Response,237.1163,9673.8003,2026-07-16 16:43:39.571,True,W
TT007,Wake2,Session 7,10,Response,263.0642,9699.7482,2026-07-16 16:44:05.519,True,W
TT007,Wake2,Session 7,11,Response,289.1125,9725.7965,2026-07-16 16:44:31.567,True,W
TT007,Wake2,Session 7,12,Response,314.161,9750.845,2026-07-16 16:44:56.616,True,W
TT007,Wake2,Session 7,13,Response,344.737,9781.421,2026-07-16 16:45:27.192,True,W
TT007,Wake2,Session 7,14,Response,376.0903,9812.7743,2026-07-16 16:45:58.545,True,W
TT007,Wake2,Session 7,15,Response,405.0604,9841.7444,2026-07-16 16:46:27.515,True,W
TT007,Wake2,Session 7,16,Response,434.5067,9871.1907,2026-07-16 16:46:56.962,True,W
TT007,Wake2,Session 7,17,Response,463.8783,9900.5623,2026-07-16 16:47:26.333,True,W
TT007,Wake2,Session 7,18,Response,493.3876,9930.0716,2026-07-16 16:47:55.843,True,W
TT007,Wake2,Session 7,19,Response,523.8448,9960.5288,2026-07-16 16:48:26.300,True,W
TT007,Wake2,Session 7,20,Response,555.3838,9992.0678,2026-07-16 16:48:57.839,True,W
TT007,Wake2,Session 7,21,Response,582.317,10019.001,2026-07-16 16:49:24.772,True,W
TT007,Wake2,Session 7,22,Response,610.8115,10047.4955,2026-07-16 16:49:53.266,True,W
TT007,Wake2,Session 7,23,Response,640.8745,10077.5585,2026-07-16 16:50:23.329,True,W
TT007,Wake2,Session 7,24,Response,668.0977,10104.7817,2026-07-16 16:50:50.553,True,W
TT007,Wake2,Session 7,25,Response,701.2799,10137.9639,2026-07-16 16:51:23.735,True,W
TT007,Wake2,Session 7,26,Response,730.9676,10167.6516,2026-07-16 16:51:53.423,True,W
TT007,Wake2,Session 7,27,Response,759.8039,10196.4879,2026-07-16 16:52:22.259,True,W
TT007,Wake2,Session 7,28,Response,790.4842,10227.1682,2026-07-16 16:52:52.939,True,W
TT007,Wake2,Session 7,29,Response,822.1386,10258.8226,2026-07-16 16:53:24.594,True,W
TT007,Wake2,Session 7,30,Response,853.7668,10290.4508,2026-07-16 16:53:56.222,True,W
TT007,Wake2,Session 7,31,Response,887.2836,10323.9676,2026-07-16 16:54:29.739,True,W
TT008,Wake1,Session 3,1,Response,33.9491,1873.8351,2026-07-17 14:22:29.232,True,W
TT008,Wake1,Session 3,2,Response,67.7631,1907.6491,2026-07-17 14:23:03.046,True,W
TT008,Wake1,Session 3,3,Response,99.1314,1939.0174,2026-07-17 14:23:34.414,True,W
TT008,Wake1,Session 3,4,Response,133.5699,1973.4559,2026-07-17 14:24:08.852,True,W
TT008,Wake1,Session 3,5,Response,165.7111,2005.5971,2026-07-17 14:24:40.994,True,W
TT008,Wake1,Session 3,6,Response,199.0121,2038.8981,2026-07-17 14:25:14.295,True,W
TT008,Wake1,Session 3,7,Response,229.1013,2068.9873,2026-07-17 14:25:44.384,True,W
TT008,Wake1,Session 3,8,Response,263.1016,2102.9876,2026-07-17 14:26:18.384,True,W
TT008,Wake1,Session 3,9,Response,294.9528,2134.8388,2026-07-17 14:26:50.235,True,W
TT008,Wake1,Session 3,10,Response,337.1386,2177.0246,2026-07-17 14:27:32.421,True,W
TT008,Wake1,Session 3,11,Response,372.8038,2212.6898,2026-07-17 14:28:08.086,True,W
TT008,Wake1,Session 3,12,Response,410.2466,2250.1326,2026-07-17 14:28:45.529,True,W
TT008,Wake1,Session 3,13,Response,449.7928,2289.6788,2026-07-17 14:29:25.075,True,W
TT008,Wake1,Session 3,14,Response,482.7224,2322.6084,2026-07-17 14:29:58.005,True,W
TT008,Wake1,Session 3,15,Response,512.7001,2352.5861,2026-07-17 14:30:27.983,True,W
TT008,Wake1,Session 3,16,Response,541.2949,2381.1809,2026-07-17 14:30:56.577,True,W
TT008,Wake1,Session 3,17,Response,568.5069,2408.3929,2026-07-17 14:31:23.789,True,W
TT008,Wake1,Session 3,18,Response,598.1869,2438.0729,2026-07-17 14:31:53.469,True,W
TT008,Wake1,Session 3,19,Response,625.6888,2465.5748,2026-07-17 14:32:20.971,True,W
TT008,Wake1,Session 3,20,Response,651.5849,2491.4709,2026-07-17 14:32:46.867,True,W
TT008,Wake1,Session 3,21,Response,679.0868,2518.9728,2026-07-17 14:33:14.369,True,W
TT008,Wake1,Session 3,22,Response,705.1535,2545.0395,2026-07-17 14:33:40.436,True,W
TT008,Wake1,Session 3,23,Response,734.2837,2574.1697,2026-07-17 14:34:09.566,True,W
TT008,Wake1,Session 3,24,Response,762.2763,2602.1623,2026-07-17 14:34:37.559,True,W
TT008,Wake1,Session 3,25,Response,789.0121,2628.8981,2026-07-17 14:35:04.295,True,W
TT008,Wake1,Session 3,26,Response,817.2579,2657.1439,2026-07-17 14:35:32.540,True,W
TT008,Wake1,Session 3,27,Response,850.9381,2690.8241,2026-07-17 14:36:06.221,True,W
TT008,Wake1,Session 3,28,Response,884.0606,2723.9466,2026-07-17 14:36:39.343,True,W
TT008,Nap1,Session 4,1,Response,23.0071,3140.1871,2026-07-17 14:43:35.584,True,W
TT008,Nap1,Session 4,2,Response,53.8324,3171.0124,2026-07-17 14:44:06.409,True,W
TT008,Nap1,Session 4,3,Response,84.9331,3202.1131,2026-07-17 14:44:37.510,True,W
TT008,Nap1,Session 4,4,Response,114.9699,3232.1499,2026-07-17 14:45:07.546,True,W
TT008,Nap1,Session 4,5,Response,146.0628,3263.2428,2026-07-17 14:45:38.639,True,W
TT008,Nap1,Session 4,6,Response,177.0034,3294.1834,2026-07-17 14:46:09.580,True,W
TT008,Nap1,Session 4,7,Response,201.2713,3318.4513,2026-07-17 14:46:33.848,True,W
TT008,Nap1,Session 4,8,Response,235.1076,3352.2876,2026-07-17 14:47:07.684,True,W
TT008,Nap1,Session 4,9,Response,268.1856,3385.3656,2026-07-17 14:47:40.762,True,W
TT008,Nap1,Session 4,10,Response,300.2152,3417.3952,2026-07-17 14:48:12.792,True,W
TT008,Nap1,Session 4,11,Response,330.8397,3448.0197,2026-07-17 14:48:43.416,True,W
TT008,Nap1,Session 4,12,Response,344.6615,3461.8415,2026-07-17 14:48:57.238,True,W
TT008,Nap1,Session 4,13,Response,357.2488,3474.4288,2026-07-17 14:49:09.825,True,W
TT008,Nap1,Session 4,14,Response,386.602,3503.782,2026-07-17 14:49:39.179,True,W
TT008,Nap1,Session 4,15,Response,419.7468,3536.9268,2026-07-17 14:50:12.323,True,W
TT008,Nap1,Session 4,16,Response,450.223,3567.403,2026-07-17 14:50:42.800,True,W
TT008,Nap1,Session 4,17,Response,467.5387,3584.7187,2026-07-17 14:51:00.115,True,W
TT008,Nap1,Session 4,18,Response,488.2302,3605.4102,2026-07-17 14:51:20.807,True,W
TT008,Nap1,Session 4,19,Response,509.5907,3626.7707,2026-07-17 14:51:42.167,True,W
TT008,Nap1,Session 4,20,Response,532.8103,3649.9903,2026-07-17 14:52:05.387,True,W
TT008,Nap1,Session 4,21,Response,565.7544,3682.9344,2026-07-17 14:52:38.331,True,W
TT008,Nap1,Session 4,22,Response,589.836,3707.016,2026-07-17 14:53:02.413,True,W
TT008,Nap1,Session 4,23,Response,624.3046,3741.4846,2026-07-17 14:53:36.881,True,W
TT008,Nap1,Session 4,24,Response,667.7618,3784.9418,2026-07-17 14:54:20.338,True,W
TT008,Nap1,Session 4,25,Response,696.9142,3814.0942,2026-07-17 14:54:49.491,True,W
TT008,Nap1,Session 4,26,Response,714.2154,3831.3954,2026-07-17 14:55:06.792,True,W
TT008,Nap1,Session 4,27,Response,749.39,3866.57,2026-07-17 14:55:41.967,True,W
TT008,Nap1,Session 4,28,Response,783.2341,3900.4141,2026-07-17 14:56:15.811,True,W
TT008,Nap1,Session 4,29,Response,822.1412,3939.3212,2026-07-17 14:56:54.718,True,W
TT008,Nap1,Session 4,30,Response,855.6061,3972.7861,2026-07-17 14:57:28.183,True,W
TT008,Nap1,Session 4,31,Response,908.0556,4025.2356,2026-07-17 14:58:20.632,True,W
TT008,Nap1,Session 4,32,Response,945.3936,4062.5736,2026-07-17 14:58:57.970,True,W
TT008,Nap1,Session 4,33,Response,962.4272,4079.6072,2026-07-17 14:59:15.004,True,W
TT008,Nap1,Session 4,34,Reset,985.126,4102.306,2026-07-17 14:59:37.703,True,W
TT008,Nap1,Session 4,35,Response,1027.624,4144.804,2026-07-17 15:00:20.201,True,W
TT008,Nap1,Session 4,36,Response,1065.8397,4183.0197,2026-07-17 15:00:58.416,True,W
TT008,Nap1,Session 4,37,Response,1120.6206,4237.8006,2026-07-17 15:01:53.197,True,W
TT008,Nap1,Session 4,38,Reset,1140.5983,4257.7783,2026-07-17 15:02:13.175,True,W
TT008,Nap1,Session 4,39,Response,1182.9848,4300.1648,2026-07-17 15:02:55.561,True,W
TT008,Nap1,Session 4,40,Response,1234.2115,4351.3915,2026-07-17 15:03:46.788,True,W
TT008,Nap1,Session 4,41,Response,1268.6578,4385.8378,2026-07-17 15:04:21.234,True,W
TT008,Nap1,Session 4,42,Response,1295.4829,4412.6629,2026-07-17 15:04:48.059,True,W
TT008,Nap1,Session 4,43,Response,1346.8512,4464.0312,2026-07-17 15:05:39.428,True,W
TT008,Nap1,Session 4,44,Response,1387.4088,4504.5888,2026-07-17 15:06:19.985,True,W
TT008,Nap1,Session 4,45,Reset,1411.8774,4529.0574,2026-07-17 15:06:44.454,True,W
TT008,Nap1,Session 4,46,Response,1446.9627,4564.1427,2026-07-17 15:07:19.539,True,W
TT008,Nap1,Session 4,47,Response,1483.6093,4600.7893,2026-07-17 15:07:56.186,True,W
TT008,Nap1,Session 4,48,Response,1500.9552,4618.1352,2026-07-17 15:08:13.532,True,W
TT008,Nap1,Session 4,49,Response,1533.2078,4650.3878,2026-07-17 15:08:45.784,True,1
TT008,Nap1,Session 4,50,Reset,1571.4904,4688.6704,2026-07-17 15:09:24.067,True,W
TT008,Nap1,Session 4,51,Response,1617.6318,4734.8118,2026-07-17 15:10:10.208,True,W
TT008,Nap1,Session 4,52,Response,1640.5983,4757.7783,2026-07-17 15:10:33.175,True,W
TT008,Nap1,Session 4,53,Response,1683.3417,4800.5217,2026-07-17 15:11:15.918,True,W
TT008,Nap1,Session 4,54,Response,1731.5128,4848.6928,2026-07-17 15:12:04.089,True,W
TT008,Nap1,Session 4,55,Response,1800.8659,4918.0459,2026-07-17 15:13:13.442,True,W
TT008,Nap2,Session 5,1,Response,30.8118,5276.2458,2026-07-17 15:19:11.642,True,W
TT008,Nap2,Session 5,2,Response,61.1831,5306.6171,2026-07-17 15:19:42.014,True,W
TT008,Nap2,Session 5,3,Response,91.4809,5336.9149,2026-07-17 15:20:12.311,True,W
TT008,Nap2,Session 5,4,Response,252.1723,5497.6063,2026-07-17 15:22:53.003,True,W
TT008,Nap2,Session 5,5,Response,279.3319,5524.7659,2026-07-17 15:23:20.162,True,W
TT008,Nap2,Session 5,6,Response,303.9566,5549.3906,2026-07-17 15:23:44.787,True,W
TT008,Nap2,Session 5,7,Response,326.8115,5572.2455,2026-07-17 15:24:07.642,True,W
TT008,Nap2,Session 5,8,Response,350.4471,5595.8811,2026-07-17 15:24:31.278,True,W
TT008,Nap2,Session 5,9,Response,535.9902,5781.4242,2026-07-17 15:27:36.821,True,W
TT008,Nap2,Session 5,10,Response,559.6887,5805.1227,2026-07-17 15:28:00.519,True,W
TT008,Nap2,Session 5,11,Response,584.8042,5830.2382,2026-07-17 15:28:25.635,True,W
TT008,Nap2,Session 5,12,Response,605.4287,5850.8627,2026-07-17 15:28:46.259,True,W
TT008,Nap2,Session 5,13,Response,630.2318,5875.6658,2026-07-17 15:29:11.062,True,W
TT008,Nap2,Session 5,14,Response,653.3098,5898.7438,2026-07-17 15:29:34.140,True,W
TT008,Nap2,Session 5,15,Response,676.3878,5921.8218,2026-07-17 15:29:57.218,True,W
TT008,Nap2,Session 5,16,Response,697.6814,5943.1154,2026-07-17 15:30:18.512,True,W
TT008,Nap2,Session 5,17,Response,858.8044,6104.2384,2026-07-17 15:32:59.635,True,W
TT008,Nap2,Session 5,18,Response,883.8674,6129.3014,2026-07-17 15:33:24.698,True,W
TT008,Nap2,Session 5,19,Response,903.1091,6148.5431,2026-07-17 15:33:43.940,True,W
TT008,Nap2,Session 5,20,Response,925.5179,6170.9519,2026-07-17 15:34:06.348,True,W
TT008,Nap2,Session 5,21,Response,952.2392,6197.6732,2026-07-17 15:34:33.070,True,W
TT008,Nap2,Session 5,22,Response,973.912,6219.346,2026-07-17 15:34:54.743,True,W
TT008,Nap2,Session 5,23,Response,995.6963,6241.1303,2026-07-17 15:35:16.527,True,W
TT008,Nap2,Session 5,24,Response,1016.2093,6261.6433,2026-07-17 15:35:37.040,True,W
TT008,Nap2,Session 5,25,Response,1145.0718,6390.5058,2026-07-17 15:37:45.902,True,W
TT008,Nap2,Session 5,26,Response,1165.8748,6411.3088,2026-07-17 15:38:06.705,True,W
TT008,Nap2,Session 5,27,Response,1188.0606,6433.4946,2026-07-17 15:38:28.891,True,W
TT008,Nap2,Session 5,28,Response,1208.7074,6454.1414,2026-07-17 15:38:49.538,True,W
TT008,Nap2,Session 5,29,Response,1228.8189,6474.2529,2026-07-17 15:39:09.649,True,W
TT008,Nap2,Session 5,30,Response,1249.8973,6495.3313,2026-07-17 15:39:30.728,True,W
TT008,Nap2,Session 5,31,Response,1272.0608,6517.4948,2026-07-17 15:39:52.891,True,W
TT008,Nap2,Session 5,32,Response,1291.9493,6537.3833,2026-07-17 15:40:12.780,True,W
TT008,Nap2,Session 5,33,Response,1447.7115,6693.1455,2026-07-17 15:42:48.542,True,W
TT008,Nap2,Session 5,34,Response,1474.4027,6719.8367,2026-07-17 15:43:15.233,True,W
TT008,Nap2,Session 5,35,Response,1502.3061,6747.7401,2026-07-17 15:43:43.137,True,W
TT008,Nap2,Session 5,36,Response,1530.5664,6776.0004,2026-07-17 15:44:11.397,True,W
TT008,Nap2,Session 5,37,Response,1559.1311,6804.5651,2026-07-17 15:44:39.962,True,W
TT008,Nap2,Session 5,38,Response,1588.046,6833.48,2026-07-17 15:45:08.877,True,W
TT008,Nap2,Session 5,39,Response,1613.9566,6859.3906,2026-07-17 15:45:34.787,True,W
TT008,Nap2,Session 5,40,Response,1637.4137,6882.8477,2026-07-17 15:45:58.244,True,W
TT008,Nap2,Session 5,41,Response,1781.4363,7026.8703,2026-07-17 15:48:22.267,True,W
TT008,Nap2,Session 5,42,Response,1801.7931,7047.2271,2026-07-17 15:48:42.624,True,W
TT008,Nap2,Session 5,43,Response,1823.8897,7069.3237,2026-07-17 15:49:04.720,True,W
TT008,Nap2,Session 5,44,Response,1845.0718,7090.5058,2026-07-17 15:49:25.902,True,W
TT008,Nap2,Session 5,45,Response,1866.0716,7111.5056,2026-07-17 15:49:46.902,True,W
TT008,Nap2,Session 5,46,Response,1887.2169,7132.6509,2026-07-17 15:50:08.047,True,W
TT008,Nap2,Session 5,47,Response,1908.399,7153.833,2026-07-17 15:50:29.230,True,W
TT008,Nap2,Session 5,48,Response,1926.3694,7171.8034,2026-07-17 15:50:47.200,True,W
TT008,Nap2,Session 5,49,Response,2058.7559,7304.1899,2026-07-17 15:52:59.586,True,W
TT008,Nap2,Session 5,50,Response,2080.2056,7325.6396,2026-07-17 15:53:21.036,True,W
TT008,Nap2,Session 5,51,Response,2106.7485,7352.1825,2026-07-17 15:53:47.579,True,W
TT008,Nap2,Session 5,52,Reset,2131.4547,7376.8887,2026-07-17 15:54:12.285,True,W
TT008,Nap2,Session 5,53,Response,2154.6887,7400.1227,2026-07-17 15:54:35.519,True,W
TT008,Nap2,Session 5,54,Response,2176.8522,7422.2862,2026-07-17 15:54:57.683,True,W
TT008,Nap2,Session 5,55,Response,2199.0012,7444.4352,2026-07-17 15:55:19.832,True,W
TT008,Nap2,Session 5,56,Response,2223.1275,7468.5615,2026-07-17 15:55:43.958,True,W
TT008,Nap2,Session 5,57,Response,2245.0757,7490.5097,2026-07-17 15:56:05.906,True,W
TT008,Nap2,Session 5,58,Response,2259.5365,7504.9705,2026-07-17 15:56:20.367,True,W
TT008,Nap2,Session 5,59,Response,2287.6106,7533.0446,2026-07-17 15:56:48.441,True,W
TT008,Nap2,Session 5,60,Response,2313.5512,7558.9852,2026-07-17 15:57:14.382,True,W
TT008,Nap2,Session 5,61,Response,2469.5588,7714.9928,2026-07-17 15:59:50.389,True,W
TT008,Nap2,Session 5,62,Response,2504.5627,7749.9967,2026-07-17 16:00:25.393,True,W
TT008,Nap2,Session 5,63,Response,2536.2801,7781.7141,2026-07-17 16:00:57.111,True,W
TT008,Nap2,Session 5,64,Reset,2553.9081,7799.3421,2026-07-17 16:01:14.739,True,W
TT008,Nap2,Session 5,65,Reset,2563.1052,7808.5392,2026-07-17 16:01:23.936,True,W
TT008,Nap2,Session 5,66,Response,2608.1091,7853.5431,2026-07-17 16:02:08.940,True,W
TT008,Nap2,Session 5,67,Response,2650.4956,7895.9296,2026-07-17 16:02:51.326,True,W
TT008,Nap2,Session 5,68,Response,2691.923,7937.357,2026-07-17 16:03:32.754,True,W
TT008,Nap2,Session 5,69,Response,2733.2613,7978.6953,2026-07-17 16:04:14.092,True,W
TT008,Nap2,Session 5,70,Response,2776.1608,8021.5948,2026-07-17 16:04:56.991,True,W
TT008,Nap2,Session 5,71,Response,2828.4659,8073.8999,2026-07-17 16:05:49.296,True,W
TT008,Nap2,Session 5,72,Response,2862.4806,8107.9146,2026-07-17 16:06:23.311,True,W
TT008,Nap2,Session 5,73,Response,2906.9192,8152.3532,2026-07-17 16:07:07.750,True,W
TT008,Nap2,Session 5,74,Reset,3044.6218,8290.0558,2026-07-17 16:09:25.452,True,W
TT008,Nap2,Session 5,75,Response,3085.4471,8330.8811,2026-07-17 16:10:06.278,True,W
TT008,Nap2,Session 5,76,Response,3123.8189,8369.2529,2026-07-17 16:10:44.649,True,W
TT008,Nap2,Session 5,77,Response,3165.5664,8411.0004,2026-07-17 16:11:26.397,True,W
TT008,Nap2,Session 5,78,Response,3207.0385,8452.4725,2026-07-17 16:12:07.869,True,W
TT008,Nap2,Session 5,79,Response,3253.9081,8499.3421,2026-07-17 16:12:54.739,True,W
TT008,Nap2,Session 5,80,Response,3303.4252,8548.8592,2026-07-17 16:13:44.256,True,W
TT008,Nap2,Session 5,81,Response,3344.2873,8589.7213,2026-07-17 16:14:25.118,True,W
TT008,Nap2,Session 5,82,Response,3389.2912,8634.7252,2026-07-17 16:15:10.122,True,W
TT008,Nap2,Session 5,83,Response,3553.0684,8798.5024,2026-07-17 16:17:53.899,True,W
TT008,Nap2,Session 5,84,Response,3588.4659,8833.8999,2026-07-17 16:18:29.296,True,W
TT008,Nap2,Session 5,85,Response,3637.663,8883.097,2026-07-17 16:19:18.494,True,W
TT008,Nap2,Session 5,86,Response,3673.2167,8918.6507,2026-07-17 16:19:54.047,True,W
TT008,Nap2,Session 5,87,Response,3703.6405,8949.0745,2026-07-17 16:20:24.471,True,W
TT008,Nap2,Session 5,88,Reset,3731.7669,8977.2009,2026-07-17 16:20:52.597,True,W
TT008,Nap2,Session 5,89,Response,3761.2539,9006.6879,2026-07-17 16:21:22.084,True,W
TT008,Nap2,Session 5,90,Response,3791.5885,9037.0225,2026-07-17 16:21:52.419,True,W
TT008,Nap2,Session 5,91,Reset,3805.001,9050.435,2026-07-17 16:22:05.832,True,W
TT008,Nap2,Session 5,92,Response,3840.0272,9085.4612,2026-07-17 16:22:40.858,True,W
TT008,Nap2,Session 5,93,Response,3877.1723,9122.6063,2026-07-17 16:23:18.003,True,W
TT008,Nap2,Session 5,94,Response,3928.3098,9173.7438,2026-07-17 16:24:09.140,True,W
TT008,Nap2,Session 5,95,Reset,3963.9304,9209.3644,2026-07-17 16:24:44.761,True,W
TT008,Nap2,Session 5,96,Response,4009.2243,9254.6583,2026-07-17 16:25:30.055,True,W
TT008,Nap2,Session 5,97,Response,4055.7816,9301.2156,2026-07-17 16:26:16.612,True,W
TT008,Nap2,Session 5,98,Response,4104.8003,9350.2343,2026-07-17 16:27:05.631,True,W
TT008,Nap2,Session 5,99,Reset,4140.0049,9385.4389,2026-07-17 16:27:40.835,True,W
TT008,Nap2,Session 5,100,Response,4188.0422,9433.4762,2026-07-17 16:28:28.873,True,W
TT008,Nap2,Session 5,101,Reset,4207.7299,9453.1639,2026-07-17 16:28:48.560,True,W
TT008,Nap2,Session 5,102,Response,4254.3765,9499.8105,2026-07-17 16:29:35.207,True,W
TT008,Nap2,Session 5,103,Reset,4268.689,9514.123,2026-07-17 16:29:49.520,True,W
TT008,Nap2,Session 5,104,Response,4312.503,9557.937,2026-07-17 16:30:33.334,True,W
TT008,Nap2,Session 5,105,Response,4354.2204,9599.6544,2026-07-17 16:31:15.051,True,W
TT008,Nap2,Session 5,106,Reset,4380.3618,9625.7958,2026-07-17 16:31:41.192,True,W
TT008,Nap2,Session 5,107,Response,4570.8078,9816.2418,2026-07-17 16:34:51.638,True,W
TT008,Nap2,Session 5,108,Response,4606.2132,9851.6472,2026-07-17 16:35:27.044,True,W
TT008,Nap2,Session 5,109,Response,4639.135,9884.569,2026-07-17 16:35:59.966,True,W
TT008,Nap2,Session 5,110,Response,4674.488,9919.922,2026-07-17 16:36:35.319,True,W
TT008,Nap2,Session 5,111,Response,4703.1721,9948.6061,2026-07-17 16:37:04.003,True,W
TT008,Nap2,Session 5,112,Response,4730.161,9975.595,2026-07-17 16:37:30.992,True,W
TT008,Nap2,Session 5,113,Response,4762.4583,10007.8923,2026-07-17 16:38:03.289,True,W
TT008,Nap2,Session 5,114,Response,4798.689,10044.123,2026-07-17 16:38:39.520,True,W
TT008,Nap2,Session 5,115,Response,4981.8115,10227.2455,2026-07-17 16:41:42.642,True,W
TT008,Nap2,Session 5,116,Response,5017.1277,10262.5617,2026-07-17 16:42:17.958,True,W
TT008,Nap2,Session 5,117,Response,5050.2279,10295.6619,2026-07-17 16:42:51.058,True,W
TT008,Nap2,Session 5,118,Response,5083.9973,10329.4313,2026-07-17 16:43:24.828,True,W
TT008,Nap2,Session 5,119,Response,5121.9677,10367.4017,2026-07-17 16:44:02.798,True,W
TT008,Nap2,Session 5,120,Response,5158.4882,10403.9222,2026-07-17 16:44:39.319,True,W
TT008,Nap2,Session 5,121,Response,5186.1385,10431.5725,2026-07-17 16:45:06.969,True,W
TT008,Nap2,Session 5,122,Response,5226.6292,10472.0632,2026-07-17 16:45:47.460,True,W
TT008,Nap2,Session 5,123,Response,5397.276,10642.71,2026-07-17 16:48:38.107,True,W
TT008,Wake2,Session 7,1,Response,28.9647,11433.0547,2026-07-17 17:01:48.451,True,W
TT008,Wake2,Session 7,2,Response,57.8718,11461.9618,2026-07-17 17:02:17.358,True,W
TT008,Wake2,Session 7,3,Response,86.8681,11490.9581,2026-07-17 17:02:46.355,True,W
TT008,Wake2,Session 7,4,Response,118.251,11522.341,2026-07-17 17:03:17.738,True,W
TT008,Wake2,Session 7,5,Response,150.5706,11554.6606,2026-07-17 17:03:50.057,True,W
TT008,Wake2,Session 7,6,Response,179.723,11583.813,2026-07-17 17:04:19.210,True,W
TT008,Wake2,Session 7,7,Response,209.1877,11613.2777,2026-07-17 17:04:48.674,True,W
TT008,Wake2,Session 7,8,Response,240.4814,11644.5714,2026-07-17 17:05:19.968,True,W
TT008,Wake2,Session 7,9,Response,269.3438,11673.4338,2026-07-17 17:05:48.830,True,W
TT008,Wake2,Session 7,10,Response,298.8978,11702.9878,2026-07-17 17:06:18.384,True,W
TT008,Wake2,Session 7,11,Response,327.9833,11732.0733,2026-07-17 17:06:47.470,True,W
TT008,Wake2,Session 7,12,Response,356.3997,11760.4897,2026-07-17 17:07:15.886,True,W
TT008,Wake2,Session 7,13,Response,384.8384,11788.9284,2026-07-17 17:07:44.325,True,W
TT008,Wake2,Session 7,14,Response,411.8865,11815.9765,2026-07-17 17:08:11.373,True,W
TT008,Wake2,Session 7,15,Response,442.7118,11846.8018,2026-07-17 17:08:42.198,True,W
TT008,Wake2,Session 7,16,Response,472.4218,11876.5118,2026-07-17 17:09:11.908,True,W
TT008,Wake2,Session 7,17,Response,503.3887,11907.4787,2026-07-17 17:09:42.875,True,W
TT008,Wake2,Session 7,18,Response,533.8939,11937.9839,2026-07-17 17:10:13.380,True,W
TT008,Wake2,Session 7,19,Response,564.9053,11968.9953,2026-07-17 17:10:44.392,True,W
TT008,Wake2,Session 7,20,Response,597.1804,12001.2704,2026-07-17 17:11:16.667,True,W
TT008,Wake2,Session 7,21,Response,632.5333,12036.6233,2026-07-17 17:11:52.020,True,W
TT008,Wake2,Session 7,22,Response,662.9794,12067.0694,2026-07-17 17:12:22.466,True,W
TT008,Wake2,Session 7,23,Response,702.1765,12106.2665,2026-07-17 17:13:01.663,True,W
TT008,Wake2,Session 7,24,Response,732.4218,12136.5118,2026-07-17 17:13:31.908,True,W
TT008,Wake2,Session 7,25,Response,765.7529,12169.8429,2026-07-17 17:14:05.239,True,W
TT008,Wake2,Session 7,26,Response,800.3921,12204.4821,2026-07-17 17:14:39.879,True,W
TT008,Wake2,Session 7,27,Response,831.1505,12235.2405,2026-07-17 17:15:10.637,True,W
TT008,Wake2,Session 7,28,Response,860.1691,12264.2591,2026-07-17 17:15:39.656,True,W
TT008,Wake2,Session 7,29,Response,890.9497,12295.0397,2026-07-17 17:16:10.436,True,W
TT009,Wake1,Session 3,1,Response,26.3789,1405.9429,2026-07-18 14:28:44.463,True,W
TT009,Wake1,Session 3,2,Response,50.9066,1430.4706,2026-07-18 14:29:08.990,True,W
TT009,Wake1,Session 3,3,Response,87.6056,1467.1696,2026-07-18 14:29:45.689,True,W
TT009,Wake1,Session 3,4,Response,114.1708,1493.7348,2026-07-18 14:30:12.254,True,W
TT009,Wake1,Session 3,5,Response,151.7541,1531.3181,2026-07-18 14:30:49.838,True,W
TT009,Wake1,Session 3,6,Response,194.6313,1574.1953,2026-07-18 14:31:32.715,True,W
TT009,Wake1,Session 3,7,Response,237.8063,1617.3703,2026-07-18 14:32:15.890,True,W
TT009,Wake1,Session 3,8,Response,277.6725,1657.2365,2026-07-18 14:32:55.756,True,W
TT009,Wake1,Session 3,9,Response,311.9772,1691.5412,2026-07-18 14:33:30.061,True,W
TT009,Wake1,Session 3,10,Response,355.4198,1734.9838,2026-07-18 14:34:13.503,True,W
TT009,Wake1,Session 3,11,Response,402.6017,1782.1657,2026-07-18 14:35:00.685,True,W
TT009,Wake1,Session 3,12,Response,456.4235,1835.9875,2026-07-18 14:35:54.507,True,W
TT009,Wake1,Session 3,13,Response,496.4012,1875.9652,2026-07-18 14:36:34.485,True,W
TT009,Wake1,Session 3,14,Response,549.836,1929.4,2026-07-18 14:37:27.920,True,W
TT009,Wake1,Session 3,15,Response,592.6463,1972.2103,2026-07-18 14:38:10.730,True,W
TT009,Wake1,Session 3,16,Response,639.4122,2018.9762,2026-07-18 14:38:57.496,True,W
TT009,Wake1,Session 3,17,Response,676.0443,2055.6083,2026-07-18 14:39:34.128,True,W
TT009,Wake1,Session 3,18,Response,749.546,2129.11,2026-07-18 14:40:47.630,True,W
TT009,Wake1,Session 3,19,Reset,801.2411,2180.8051,2026-07-18 14:41:39.325,True,W
TT009,Wake1,Session 3,20,Response,849.9698,2229.5338,2026-07-18 14:42:28.053,True,W
TT009,Wake1,Session 3,21,Response,886.1781,2265.7421,2026-07-18 14:43:04.262,True,W
TT009,Nap1,Session 4,1,Response,82.2888,2744.1408,2026-07-18 14:51:02.660,True,W
TT009,Nap1,Session 4,2,Response,139.2108,2801.0628,2026-07-18 14:51:59.582,True,W
TT009,Nap1,Session 4,3,Response,175.3667,2837.2187,2026-07-18 14:52:35.738,True,W
TT009,Nap1,Session 4,4,Response,219.9022,2881.7542,2026-07-18 14:53:20.274,True,W
TT009,Nap1,Session 4,5,Response,260.4375,2922.2895,2026-07-18 14:54:00.809,True,W
TT009,Nap1,Session 4,6,Response,301.4189,2963.2709,2026-07-18 14:54:41.791,True,W
TT009,Nap1,Session 4,7,Response,339.077,3000.929,2026-07-18 14:55:19.449,True,W
TT009,Nap1,Session 4,8,Response,356.4596,3018.3116,2026-07-18 14:55:36.831,True,W
TT009,Nap1,Session 4,9,Reset,359.363,3021.215,2026-07-18 14:55:39.735,True,W
TT009,Nap1,Session 4,10,Response,401.5265,3063.3785,2026-07-18 14:56:21.898,True,W
TT009,Nap1,Session 4,11,Reset,431.1959,3093.0479,2026-07-18 14:56:51.568,True,W
TT009,Nap1,Session 4,12,Response,461.7535,3123.6055,2026-07-18 14:57:22.125,True,W
TT009,Nap1,Session 4,13,Reset,478.0733,3139.9253,2026-07-18 14:57:38.445,True,W
TT009,Nap1,Session 4,14,Response,513.0582,3174.9102,2026-07-18 14:58:13.430,True,W
TT009,Nap1,Session 4,15,Response,525.3856,3187.2376,2026-07-18 14:58:25.757,True,W
TT009,Nap1,Session 4,16,Reset,551.0286,3212.8806,2026-07-18 14:58:51.400,True,W
TT009,Nap1,Session 4,17,Response,575.6009,3237.4529,2026-07-18 14:59:15.973,True,W
TT009,Nap1,Session 4,18,Reset,629.3781,3291.2301,2026-07-18 15:00:09.750,True,W
TT009,Nap1,Session 4,19,Response,656.3893,3318.2413,2026-07-18 15:00:36.761,True,W
TT009,Nap1,Session 4,20,Response,669.4673,3331.3193,2026-07-18 15:00:49.839,True,W
TT009,Nap1,Session 4,21,Reset,701.0509,3362.9029,2026-07-18 15:01:21.423,True,W
TT009,Nap1,Session 4,22,Reset,732.6122,3394.4642,2026-07-18 15:01:52.984,True,W
TT009,Nap1,Session 4,23,Response,742.1215,3403.9735,2026-07-18 15:02:02.493,True,W
TT009,Nap1,Session 4,24,Response,771.6754,3433.5274,2026-07-18 15:02:32.047,True,W
TT009,Nap1,Session 4,25,Reset,807.1923,3469.0443,2026-07-18 15:03:07.564,True,W
TT009,Nap1,Session 4,26,Reset,841.207,3503.059,2026-07-18 15:03:41.579,True,W
TT009,Nap1,Session 4,27,Reset,875.4002,3537.2522,2026-07-18 15:04:15.772,True,W
TT009,Nap1,Session 4,28,Reset,903.6604,3565.5124,2026-07-18 15:04:44.032,True,W
TT009,Nap1,Session 4,29,Reset,965.021,3626.873,2026-07-18 15:05:45.393,True,W
TT009,Nap1,Session 4,30,Reset,1011.497,3673.349,2026-07-18 15:06:31.869,True,W
TT009,Nap1,Session 4,31,Reset,1033.705,3695.557,2026-07-18 15:06:54.077,True,W
TT009,Nap2,Session 5,1,Response,35.8211,4098.8231,2026-07-18 15:13:37.343,True,W
TT009,Nap2,Session 5,2,Response,68.1407,4131.1427,2026-07-18 15:14:09.662,True,W
TT009,Nap2,Session 5,3,Response,98.9213,4161.9233,2026-07-18 15:14:40.443,True,W
TT009,Nap2,Session 5,4,Response,231.2265,4294.2285,2026-07-18 15:16:52.748,True,W
TT009,Nap2,Session 5,5,Response,265.665,4328.667,2026-07-18 15:17:27.187,True,W
TT009,Nap2,Session 5,6,Reset,347.6723,4410.6743,2026-07-18 15:18:49.194,True,W
TT009,Nap2,Session 5,7,Response,382.2747,4445.2767,2026-07-18 15:19:23.796,True,W
TT009,Nap2,Session 5,8,Reset,427.6946,4490.6966,2026-07-18 15:20:09.216,True,W
TT009,Nap2,Session 5,9,Response,459.4566,4522.4586,2026-07-18 15:20:40.978,True,W
TT009,Nap2,Session 5,10,Reset,532.9439,4595.9459,2026-07-18 15:21:54.466,True,W
TT009,Nap2,Session 5,11,Reset,561.6056,4624.6076,2026-07-18 15:22:23.127,True,W
TT009,Nap2,Session 5,12,Response,729.0853,4792.0873,2026-07-18 15:25:10.607,True,W
TT009,Nap2,Session 5,13,Reset,747.6539,4810.6559,2026-07-18 15:25:29.176,True,W
TT009,Nap2,Session 5,14,Response,779.5498,4842.5518,2026-07-18 15:26:01.071,True,W
TT009,Nap2,Session 5,15,Reset,801.7132,4864.7152,2026-07-18 15:26:23.235,True,W
TT009,Nap2,Session 5,16,Reset,822.8914,4885.8934,2026-07-18 15:26:44.413,True,W
TT009,Nap2,Session 5,17,Reset,843.3453,4906.3473,2026-07-18 15:27:04.867,True,W
TT009,Nap2,Session 5,18,Response,974.3267,5037.3287,2026-07-18 15:29:15.848,True,W
TT009,Nap2,Session 5,19,Response,1007.5162,5070.5182,2026-07-18 15:29:49.038,True,W
TT009,Nap2,Session 5,20,Response,1039.9997,5103.0017,2026-07-18 15:30:21.521,True,W
TT009,Nap2,Session 5,21,Response,1079.576,5142.578,2026-07-18 15:31:01.098,True,W
TT009,Nap2,Session 5,22,Response,1113.4346,5176.4366,2026-07-18 15:31:34.956,True,W
TT009,Nap2,Session 5,23,Response,1255.5088,5318.5108,2026-07-18 15:33:57.030,True,W
TT009,Nap2,Session 5,24,Reset,1342.65,5405.652,2026-07-18 15:35:24.172,True,W
TT009,Nap2,Session 5,25,Reset,1393.8544,5456.8564,2026-07-18 15:36:15.376,True,W
TT009,Nap2,Session 5,26,Reset,1448.0331,5511.0351,2026-07-18 15:37:09.555,True,W
TT009,Nap2,Session 5,27,Reset,1555.9588,5618.9608,2026-07-18 15:38:57.480,True,W
TT009,Nap2,Session 5,28,Reset,1582.5463,5645.5483,2026-07-18 15:39:24.068,True,W
TT009,Nap2,Session 5,29,Reset,1598.7914,5661.7934,2026-07-18 15:39:40.313,True,W
TT009,Nap2,Session 5,30,Reset,1632.5162,5695.5182,2026-07-18 15:40:14.038,True,W
TT009,Nap2,Session 5,31,Response,1845.3934,5908.3954,2026-07-18 15:43:46.915,True,W
TT009,Nap2,Session 5,32,Reset,1882.3601,5945.3621,2026-07-18 15:44:23.882,True,W
TT009,Nap2,Session 5,33,Reset,2083.0961,6146.0981,2026-07-18 15:47:44.618,True,W
TT009,Nap2,Session 5,34,Reset,2116.8064,6179.8084,2026-07-18 15:48:18.328,True,W
TT009,Nap2,Session 5,35,Reset,2147.4755,6210.4775,2026-07-18 15:48:48.997,True,W
TT009,Nap2,Session 5,36,Response,2262.4716,6325.4736,2026-07-18 15:50:43.993,True,W
TT009,Nap2,Session 5,37,Response,2276.4049,6339.4069,2026-07-18 15:50:57.927,True,W
TT009,Nap2,Session 5,38,Response,2302.0255,6365.0275,2026-07-18 15:51:23.547,True,W
TT009,Nap2,Session 5,39,Reset,2328.7245,6391.7265,2026-07-18 15:51:50.246,True,W
TT009,Nap2,Session 5,40,Response,2351.7578,6414.7598,2026-07-18 15:52:13.279,True,W
TT009,Nap2,Session 5,41,Reset,2371.0441,6434.0461,2026-07-18 15:52:32.566,True,W
TT009,Nap2,Session 5,42,Response,2384.7243,6447.7263,2026-07-18 15:52:46.246,True,W
TT009,Nap2,Session 5,43,Reset,2429.5721,6492.5741,2026-07-18 15:53:31.094,True,W
TT009,Nap2,Session 5,44,Reset,2460.0404,6523.0424,2026-07-18 15:54:01.562,True,W
TT009,Nap2,Session 5,45,Reset,2483.7507,6546.7527,2026-07-18 15:54:25.272,True,W
TT009,Nap2,Session 5,46,Reset,2526.2042,6589.2062,2026-07-18 15:55:07.726,True,W
TT009,Nap2,Session 5,47,Reset,2664.1667,6727.1687,2026-07-18 15:57:25.688,True,W
TT009,Nap2,Session 5,48,Response,2689.1706,6752.1726,2026-07-18 15:57:50.692,True,W
TT009,Nap2,Session 5,49,Reset,2713.0515,6776.0535,2026-07-18 15:58:14.573,True,W
TT009,Nap2,Session 5,50,Reset,2742.6723,6805.6743,2026-07-18 15:58:44.194,True,W
TT009,Nap2,Session 5,51,Reset,2766.6725,6829.6745,2026-07-18 15:59:08.194,True,W
TT009,Nap2,Session 5,52,Reset,2782.9478,6845.9498,2026-07-18 15:59:24.469,True,W
TT009,Nap2,Session 5,53,Reset,2840.7319,6903.7339,2026-07-18 16:00:22.254,True,W
TT009,Nap2,Session 5,54,Reset,3033.4306,7096.4326,2026-07-18 16:03:34.952,True,W
TT009,Nap2,Session 5,55,Reset,3243.9882,7306.9902,2026-07-18 16:07:05.510,True,W
TT009,Nap2,Session 5,56,Reset,3428.9252,7491.9272,2026-07-18 16:10:10.447,True,W
TT009,Nap2,Session 5,57,Reset,3474.0407,7537.0427,2026-07-18 16:10:55.562,True,W
TT009,Nap2,Session 5,58,Reset,3539.126,7602.128,2026-07-18 16:12:00.648,True,W
TT009,Nap2,Session 5,59,Response,3657.7877,7720.7897,2026-07-18 16:13:59.309,True,W
TT009,Nap2,Session 5,60,Reset,3690.7319,7753.7339,2026-07-18 16:14:32.254,True,W
TT009,Nap2,Session 5,61,Reset,3712.5385,7775.5405,2026-07-18 16:14:54.060,True,W
TT009,Nap2,Session 5,62,Reset,3756.1595,7819.1615,2026-07-18 16:15:37.681,True,W
TT009,Nap2,Session 5,63,Response,3772.7169,7835.7189,2026-07-18 16:15:54.239,True,W
TT009,Nap2,Session 5,64,Response,3788.3676,7851.3696,2026-07-18 16:16:09.889,True,W
TT009,Nap2,Session 5,65,Reset,3972.65,8035.652,2026-07-18 16:19:14.172,True,W
TT009,Nap2,Session 5,66,Reset,4005.9811,8068.9831,2026-07-18 16:19:47.503,True,W
TT009,Nap2,Session 5,67,Reset,4064.1221,8127.1241,2026-07-18 16:20:45.644,True,W
TT009,Nap2,Session 5,68,Reset,4173.7284,8236.7304,2026-07-18 16:22:35.250,True,W
TT009,Nap2,Session 5,69,Reset,4201.7618,8264.7638,2026-07-18 16:23:03.283,True,W
TT009,Nap2,Session 5,70,Response,4224.5498,8287.5518,2026-07-18 16:23:26.071,True,W
TT009,Nap2,Session 5,71,Reset,4247.7392,8310.7412,2026-07-18 16:23:49.261,True,W
TT009,Nap2,Session 5,72,Reset,4313.6799,8376.6819,2026-07-18 16:24:55.202,True,W
TT009,Nap2,Session 5,73,Reset,4364.8174,8427.8194,2026-07-18 16:25:46.339,True,1
TT009,Nap2,Session 5,74,Response,4558.4976,8621.4996,2026-07-18 16:29:00.019,True,W
TT009,Nap2,Session 5,75,Reset,4576.2002,8639.2022,2026-07-18 16:29:17.722,True,W
TT009,Nap2,Session 5,76,Response,4598.0292,8661.0312,2026-07-18 16:29:39.551,True,W
TT009,Nap2,Session 5,77,Reset,4633.2338,8696.2358,2026-07-18 16:30:14.755,True,W
TT009,Nap2,Session 5,78,Response,4699.8882,8762.8902,2026-07-18 16:31:21.410,True,W
TT009,Nap2,Session 5,79,Response,4727.2485,8790.2505,2026-07-18 16:31:48.770,True,W
TT009,Nap2,Session 5,80,Response,4770.2596,8833.2616,2026-07-18 16:32:31.781,True,W
TT009,Nap2,Session 5,81,Response,4791.9179,8854.9199,2026-07-18 16:32:53.440,True,W
TT009,Nap2,Session 5,82,Response,4811.3603,8874.3623,2026-07-18 16:33:12.882,True,W
TT009,Nap2,Session 5,83,Response,4828.9882,8891.9902,2026-07-18 16:33:30.510,True,W
TT009,Nap2,Session 5,84,Response,5022.9662,9085.9682,2026-07-18 16:36:44.488,True,W
TT009,Nap2,Session 5,85,Response,5035.085,9098.087,2026-07-18 16:36:56.607,True,1
TT009,Nap2,Session 5,86,Reset,5098.4753,9161.4773,2026-07-18 16:37:59.997,True,W
TT009,Nap2,Session 5,87,Response,5110.728,9173.73,2026-07-18 16:38:12.250,True,W
TT009,Nap2,Session 5,88,Response,5141.6502,9204.6522,2026-07-18 16:38:43.172,True,W
TT009,Nap2,Session 5,89,Reset,5211.0257,9274.0277,2026-07-18 16:39:52.547,True,W
TT009,Nap2,Session 5,90,Response,5229.7689,9292.7709,2026-07-18 16:40:11.291,True,W
TT009,Nap2,Session 5,91,Reset,5261.3314,9324.3334,2026-07-18 16:40:42.853,True,W
TT009,Wake2,Session 6,1,Response,35.5924,343.7644,2026-07-18 16:59:27.343,True,
TT009,Wake2,Session 6,2,Response,61.0569,369.2289,2026-07-18 16:59:52.808,True,
TT009,Wake2,Session 6,3,Response,83.8672,392.0392,2026-07-18 17:00:15.618,True,
TT009,Wake2,Session 6,4,Response,111.7668,419.9388,2026-07-18 17:00:43.517,True,
TT009,Wake2,Session 6,5,Response,142.243,450.415,2026-07-18 17:01:13.994,True,
TT009,Wake2,Session 6,6,Response,172.2574,480.4294,2026-07-18 17:01:44.008,True,
TT009,Wake2,Session 6,7,Response,201.0831,509.2551,2026-07-18 17:02:12.834,True,
TT009,Wake2,Session 6,8,Response,226.9714,535.1434,2026-07-18 17:02:38.722,True,
TT009,Wake2,Session 6,9,Response,258.1758,566.3478,2026-07-18 17:03:09.926,True,
TT009,Wake2,Session 6,10,Response,298.2873,606.4593,2026-07-18 17:03:50.038,True,
TT009,Wake2,Session 6,11,Response,333.938,642.11,2026-07-18 17:04:25.689,True,
TT009,Wake2,Session 6,12,Response,367.4398,675.6118,2026-07-18 17:04:59.190,True,
TT009,Wake2,Session 6,13,Response,396.4584,704.6304,2026-07-18 17:05:28.209,True,
TT009,Wake2,Session 6,14,Reset,422.8006,730.9726,2026-07-18 17:05:54.551,True,
TT009,Wake2,Session 6,15,Response,450.54,758.712,2026-07-18 17:06:22.291,True,
TT009,Wake2,Session 6,16,Response,477.2614,785.4334,2026-07-18 17:06:49.012,True,
TT009,Wake2,Session 6,17,Response,515.4547,823.6267,2026-07-18 17:07:27.205,True,
TT009,Wake2,Session 6,18,Reset,534.7856,842.9576,2026-07-18 17:07:46.536,True,
TT009,Wake2,Session 6,19,Response,557.0199,865.1919,2026-07-18 17:08:08.771,True,
TT009,Wake2,Session 6,20,Response,574.8341,883.0061,2026-07-18 17:08:26.585,True,
TT009,Wake2,Session 6,21,Reset,602.752,910.924,2026-07-18 17:08:54.503,True,
TT009,Wake2,Session 6,22,Reset,643.7189,951.8909,2026-07-18 17:09:35.470,True,
TT009,Wake2,Session 6,23,Reset,679.8525,988.0245,2026-07-18 17:10:11.603,True,
TT009,Wake2,Session 6,24,Reset,702.7743,1010.9463,2026-07-18 17:10:34.525,True,
TT009,Wake2,Session 6,25,Reset,748.1128,1056.2848,2026-07-18 17:11:19.863,True,
TT009,Wake2,Session 6,26,Reset,773.6888,1081.8608,2026-07-18 17:11:45.439,True,
TT009,Wake2,Session 6,27,Reset,816.8192,1124.9912,2026-07-18 17:12:28.570,True,
TT009,Wake2,Session 6,28,Reset,894.678,1202.85,2026-07-18 17:13:46.429,True,
TT010,Nap2,Session 4,1,Response,31.4829,4094.8409,2026-07-20 15:08:25.476,True,W
TT010,Nap2,Session 4,2,Response,60.9297,4124.2877,2026-07-20 15:08:54.922,True,W
TT010,Nap2,Session 4,3,Response,91.5096,4154.8676,2026-07-20 15:09:25.502,True,W
TT010,Nap2,Session 4,4,Response,121.6658,4185.0238,2026-07-20 15:09:55.658,True,W
TT010,Nap2,Session 4,5,Response,267.1158,4330.4738,2026-07-20 15:12:21.108,True,W
TT010,Nap2,Session 4,6,Response,299.3015,4362.6595,2026-07-20 15:12:53.294,True,W
TT010,Nap2,Session 4,7,Response,334.3422,4397.7002,2026-07-20 15:13:28.335,True,W
TT010,Nap2,Session 4,8,Response,373.7623,4437.1203,2026-07-20 15:14:07.755,True,W
TT010,Nap2,Session 4,9,Reset,403.2717,4466.6297,2026-07-20 15:14:37.264,True,W
TT010,Nap2,Session 4,10,Response,439.9038,4503.2618,2026-07-20 15:15:13.896,True,W
TT010,Nap2,Session 4,11,Reset,458.1194,4521.4774,2026-07-20 15:15:32.112,True,W
TT010,Nap2,Session 4,12,Reset,469.9891,4533.3471,2026-07-20 15:15:43.982,True,W
TT010,Nap2,Session 4,13,Reset,484.4354,4547.7934,2026-07-20 15:15:58.428,True,W
TT010,Nap2,Session 4,14,Response,643.2979,4706.6559,2026-07-20 15:18:37.291,True,W
TT010,Nap2,Session 4,15,Response,674.19,4737.548,2026-07-20 15:19:08.183,True,W
TT010,Nap2,Session 4,16,Reset,710.6175,4773.9755,2026-07-20 15:19:44.610,True,W
TT010,Nap2,Session 4,17,Reset,725.056,4788.414,2026-07-20 15:19:59.049,True,W
TT010,Nap2,Session 4,18,Reset,746.915,4810.273,2026-07-20 15:20:20.908,True,W
TT010,Nap2,Session 4,19,Reset,768.328,4831.686,2026-07-20 15:20:42.321,True,W
TT010,Nap2,Session 4,20,Reset,792.4464,4855.8044,2026-07-20 15:21:06.439,True,W
TT010,Nap2,Session 4,21,Response,922.0449,4985.4029,2026-07-20 15:23:16.038,True,W
TT010,Nap2,Session 4,22,Response,956.4689,5019.8269,2026-07-20 15:23:50.462,True,W
TT010,Nap2,Session 4,23,Response,988.6101,5051.9681,2026-07-20 15:24:22.603,True,W
TT010,Nap2,Session 4,24,Reset,1015.7552,5079.1132,2026-07-20 15:24:49.748,True,W
TT010,Nap2,Session 4,25,Reset,1027.0488,5090.4068,2026-07-20 15:25:01.041,True,W
TT010,Nap2,Session 4,26,Reset,1039.0115,5102.3695,2026-07-20 15:25:13.004,True,W
TT010,Nap2,Session 4,27,Response,1258.9669,5322.3249,2026-07-20 15:28:52.960,True,W
TT010,Nap2,Session 4,28,Response,1291.5095,5354.8675,2026-07-20 15:29:25.502,True,W
TT010,Nap2,Session 4,29,Reset,1311.8218,5375.1798,2026-07-20 15:29:45.814,True,W
TT010,Nap2,Session 4,30,Reset,1326.7588,5390.1168,2026-07-20 15:30:00.751,True,W
TT010,Nap2,Session 4,31,Reset,1344.4838,5407.8418,2026-07-20 15:30:18.476,True,W
TT010,Nap2,Session 4,32,Response,1469.7698,5533.1278,2026-07-20 15:32:23.762,True,W
TT010,Nap2,Session 4,33,Reset,1500.6397,5563.9977,2026-07-20 15:32:54.632,True,W
TT010,Nap2,Session 4,34,Reset,1515.5767,5578.9347,2026-07-20 15:33:09.569,True,W
TT010,Nap2,Session 4,35,Response,1548.4355,5611.7935,2026-07-20 15:33:42.428,True,2
TT010,Nap2,Session 4,36,Reset,1736.3311,5799.6891,2026-07-20 15:36:50.324,True,W
TT010,Nap2,Session 4,37,Reset,1750.7735,5814.1315,2026-07-20 15:37:04.766,True,W
TT010,Nap2,Session 4,38,Reset,1761.3835,5824.7415,2026-07-20 15:37:15.376,True,W
TT010,Nap2,Session 4,39,Reset,1782.9671,5846.3251,2026-07-20 15:37:36.960,True,W
TT010,Nap2,Session 4,40,Reset,1975.5058,6038.8638,2026-07-20 15:40:49.498,True,W
TT010,Nap2,Session 4,41,Reset,1996.8887,6060.2467,2026-07-20 15:41:10.881,True,W
TT010,Nap2,Session 4,42,Reset,2020.4651,6083.8231,2026-07-20 15:41:34.458,True,W
TT010,Nap2,Session 4,43,Response,2138.4355,6201.7935,2026-07-20 15:43:32.428,True,W
TT010,Nap2,Session 4,44,Reset,2157.7546,6221.1126,2026-07-20 15:43:51.747,True,W
TT010,Nap2,Session 4,45,Reset,2195.4796,6258.8376,2026-07-20 15:44:29.472,True,W
TT010,Nap2,Session 4,46,Reset,2226.5396,6289.8976,2026-07-20 15:45:00.532,True,W
TT010,Nap2,Session 4,47,Reset,2245.3681,6308.7261,2026-07-20 15:45:19.361,True,W
TT010,Nap2,Session 4,48,Reset,2257.6693,6321.0273,2026-07-20 15:45:31.662,True,W
TT010,Nap2,Session 4,49,Response,2377.4017,6440.7597,2026-07-20 15:47:31.394,True,W
TT010,Nap2,Session 4,50,Reset,2388.257,6451.615,2026-07-20 15:47:42.250,True,W
TT010,Nap2,Session 4,51,Reset,2407.9671,6471.3251,2026-07-20 15:48:01.960,True,W
TT010,Nap2,Session 4,52,Reset,2815.6675,6879.0255,2026-07-20 15:54:49.660,True,W
TT010,Nap2,Session 4,53,Reset,2830.5598,6893.9178,2026-07-20 15:55:04.552,True,W
TT010,Nap2,Session 4,54,Response,3026.292,7089.65,2026-07-20 15:58:20.285,True,W
TT010,Nap2,Session 4,55,Response,3055.3329,7118.6909,2026-07-20 15:58:49.326,True,W
TT010,Nap2,Session 4,56,Reset,3072.6564,7136.0144,2026-07-20 15:59:06.649,True,W
TT010,Nap2,Session 4,57,Response,3102.2104,7165.5684,2026-07-20 15:59:36.203,True,W
TT010,Nap2,Session 4,58,Response,3133.5709,7196.9289,2026-07-20 16:00:07.564,True,W
TT010,Nap2,Session 4,59,Reset,3152.991,7216.349,2026-07-20 16:00:26.984,True,W
TT010,Nap2,Session 4,60,Reset,3185.556,7248.914,2026-07-20 16:00:59.549,True,W
TT010,Nap2,Session 4,61,Reset,3252.2773,7315.6353,2026-07-20 16:02:06.270,True,W
TT010,Nap2,Session 4,62,Response,3368.9763,7432.3343,2026-07-20 16:04:02.969,True,W
TT010,Nap2,Session 4,63,Reset,3408.5001,7471.8581,2026-07-20 16:04:42.493,True,W
TT010,Nap2,Session 4,64,Reset,3431.1621,7494.5201,2026-07-20 16:05:05.155,True,W
TT010,Nap2,Session 4,65,Reset,3442.8533,7506.2113,2026-07-20 16:05:16.846,True,W
TT010,Nap2,Session 4,66,Reset,3488.214,7551.572,2026-07-20 16:06:02.207,True,W
TT010,Nap2,Session 4,67,Reset,3501.9611,7565.3191,2026-07-20 16:06:15.954,True,W
TT010,Nap2,Session 4,68,Reset,3705.7829,7769.1409,2026-07-20 16:09:39.776,True,W
TT010,Nap2,Session 4,69,Reset,3744.5562,7807.9142,2026-07-20 16:10:18.549,True,W
TT010,Nap2,Session 4,70,Reset,3923.2402,7986.5982,2026-07-20 16:13:17.233,True,W
TT010,Nap2,Session 4,71,Reset,3946.9427,8010.3007,2026-07-20 16:13:40.935,True,W
TT010,Nap2,Session 4,72,Response,3973.2179,8036.5759,2026-07-20 16:14:07.211,True,W
TT010,Nap2,Session 4,73,Reset,4010.9836,8074.3416,2026-07-20 16:14:44.976,True,W
TT010,Nap2,Session 4,74,Response,4202.255,8265.613,2026-07-20 16:17:56.248,True,W
TT010,Nap2,Session 4,75,Response,4229.7123,8293.0703,2026-07-20 16:18:23.705,True,W
TT010,Nap2,Session 4,76,Response,4261.2959,8324.6539,2026-07-20 16:18:55.289,True,W
TT010,Nap2,Session 4,77,Response,4290.6937,8354.0517,2026-07-20 16:19:24.686,True,W
TT010,Nap2,Session 4,78,Reset,4305.8013,8369.1593,2026-07-20 16:19:39.794,True,W
TT010,Nap2,Session 4,79,Reset,4316.7236,8380.0816,2026-07-20 16:19:50.716,True,W
TT010,Nap2,Session 4,80,Reset,4351.0282,8414.3862,2026-07-20 16:20:25.021,True,W
TT010,Nap2,Session 4,81,Response,4467.5711,8530.9291,2026-07-20 16:22:21.564,True,W
TT010,Nap2,Session 4,82,Response,4495.2883,8558.6463,2026-07-20 16:22:49.281,True,W
TT010,Nap2,Session 4,83,Response,4525.5336,8588.8916,2026-07-20 16:23:19.526,True,W
TT010,Nap2,Session 4,84,Response,4554.4853,8617.8433,2026-07-20 16:23:48.478,True,W
TT010,Nap2,Session 4,85,Reset,4566.902,8630.26,2026-07-20 16:24:00.895,True,W
TT010,Nap2,Session 4,86,Reset,4585.6898,8649.0478,2026-07-20 16:24:19.682,True,W
TT010,Nap2,Session 4,87,Reset,4612.0503,8675.4083,2026-07-20 16:24:46.043,True,W
TT010,Nap2,Session 4,88,Response,4635.6268,8698.9848,2026-07-20 16:25:09.619,True,W
TT010,Nap2,Session 4,89,Reset,4652.7864,8716.1444,2026-07-20 16:25:26.779,True,W
TT010,Nap2,Session 4,90,Reset,4661.7827,8725.1407,2026-07-20 16:25:35.775,True,W
TT010,Nap2,Session 4,91,Reset,5027.2326,9090.5906,2026-07-20 16:31:41.225,True,W
TT010,Nap2,Session 4,92,Reset,5039.0616,9102.4196,2026-07-20 16:31:53.054,True,W
TT010,Nap2,Session 4,93,Reset,5058.4895,9121.8475,2026-07-20 16:32:12.482,True,W
TT010,Nap2,Session 4,94,Reset,5070.7422,9134.1002,2026-07-20 16:32:24.735,True,W
TT010,Nap2,Session 4,95,Response,5178.3925,9241.7505,2026-07-20 16:34:12.385,True,W
TT010,Nap2,Session 4,96,Response,5203.4187,9266.7767,2026-07-20 16:34:37.411,True,W
TT010,Nap2,Session 4,97,Response,5233.2586,9296.6166,2026-07-20 16:35:07.251,True,W
TT010,Wake2,Session 5,1,Response,22.5031,10071.9011,2026-07-20 16:48:02.536,True,W
TT010,Wake2,Session 5,2,Response,43.0345,10092.4325,2026-07-20 16:48:23.067,True,W
TT010,Wake2,Session 5,3,Response,66.2764,10115.6744,2026-07-20 16:48:46.309,True,W
TT010,Wake2,Session 5,4,Response,97.0124,10146.4104,2026-07-20 16:49:17.045,True,W
TT010,Wake2,Session 5,5,Response,118.5068,10167.9048,2026-07-20 16:49:38.539,True,W
TT010,Wake2,Session 5,6,Response,140.9602,10190.3582,2026-07-20 16:50:00.993,True,W
TT010,Wake2,Session 5,7,Response,160.871,10210.269,2026-07-20 16:50:20.904,True,W
TT010,Wake2,Session 5,8,Response,182.5739,10231.9719,2026-07-20 16:50:42.607,True,W
TT010,Wake2,Session 5,9,Response,205.6296,10255.0276,2026-07-20 16:51:05.662,True,W
TT010,Wake2,Session 5,10,Response,228.1499,10277.5479,2026-07-20 16:51:28.183,True,W
TT010,Wake2,Session 5,11,Response,248.6629,10298.0609,2026-07-20 16:51:48.696,True,W
TT010,Wake2,Session 5,12,Response,270.6703,10320.0683,2026-07-20 16:52:10.703,True,W
TT010,Wake2,Session 5,13,Response,293.4137,10342.8117,2026-07-20 16:52:33.446,True,W
TT010,Wake2,Session 5,14,Response,315.9195,10365.3175,2026-07-20 16:52:55.952,True,W
TT010,Wake2,Session 5,15,Response,337.0754,10386.4734,2026-07-20 16:53:17.108,True,W
TT010,Wake2,Session 5,16,Response,368.6445,10418.0425,2026-07-20 16:53:48.677,True,W
TT010,Wake2,Session 5,17,Response,393.3507,10442.7487,2026-07-20 16:54:13.383,True,W
TT010,Wake2,Session 5,18,Response,416.9678,10466.3658,2026-07-20 16:54:37.000,True,W
TT010,Wake2,Session 5,19,Response,439.1313,10488.5293,2026-07-20 16:54:59.164,True,W
TT010,Wake2,Session 5,20,Response,461.094,10510.492,2026-07-20 16:55:21.127,True,W
TT010,Wake2,Session 5,21,Response,483.2876,10532.6856,2026-07-20 16:55:43.320,True,W
TT010,Wake2,Session 5,22,Response,507.1016,10556.4996,2026-07-20 16:56:07.134,True,W
TT010,Wake2,Session 5,23,Response,530.5811,10579.9791,2026-07-20 16:56:30.614,True,W
TT010,Wake2,Session 5,24,Response,557.6815,10607.0795,2026-07-20 16:56:57.714,True,W
TT010,Wake2,Session 5,25,Response,581.2725,10630.6705,2026-07-20 16:57:21.305,True,W
TT010,Wake2,Session 5,26,Response,604.0906,10653.4886,2026-07-20 16:57:44.123,True,W
TT010,Wake2,Session 5,27,Response,629.0644,10678.4624,2026-07-20 16:58:09.097,True,W
TT010,Wake2,Session 5,28,Response,655.0943,10704.4923,2026-07-20 16:58:35.127,True,W
TT010,Wake2,Session 5,29,Response,678.8636,10728.2616,2026-07-20 16:58:58.896,True,W
TT010,Wake2,Session 5,30,Response,702.0609,10751.4589,2026-07-20 16:59:22.094,True,W
TT010,Wake2,Session 5,31,Response,726.1426,10775.5406,2026-07-20 16:59:46.175,True,W
TT010,Wake2,Session 5,32,Response,751.6294,10801.0274,2026-07-20 17:00:11.662,True,W
TT010,Wake2,Session 5,33,Response,778.5291,10827.9271,2026-07-20 17:00:38.562,True,W
TT010,Wake2,Session 5,34,Response,804.7597,10854.1577,2026-07-20 17:01:04.792,True,W
TT010,Wake2,Session 5,35,Response,829.2205,10878.6185,2026-07-20 17:01:29.253,True,W
TT010,Wake2,Session 5,36,Response,855.3842,10904.7822,2026-07-20 17:01:55.417,True,W
TT010,Wake2,Session 5,37,Response,880.0235,10929.4215,2026-07-20 17:02:20.056,True,W
TT010,Wake2,Session 5,38,Response,904.622,10954.02,2026-07-20 17:02:44.655,False,W
TT011,Wake1,Session 4,1,Response,29.6927,1447.8627,2026-07-24 14:20:47.453,True,W
TT011,Wake1,Session 4,2,Response,56.9231,1475.0931,2026-07-24 14:21:14.683,True,W
TT011,Wake1,Session 4,3,Response,84.0013,1502.1713,2026-07-24 14:21:41.761,True,W
TT011,Wake1,Session 4,4,Response,111.414,1529.584,2026-07-24 14:22:09.174,True,W
TT011,Wake1,Session 4,5,Response,141.7932,1559.9632,2026-07-24 14:22:39.553,True,W
TT011,Wake1,Session 4,6,Response,173.6667,1591.8367,2026-07-24 14:23:11.427,True,W
TT011,Wake1,Session 4,7,Response,205.3618,1623.5318,2026-07-24 14:23:43.122,True,W
TT011,Wake1,Session 4,8,Response,237.7037,1655.8737,2026-07-24 14:24:15.464,True,W
TT011,Wake1,Session 4,9,Response,267.5699,1685.7399,2026-07-24 14:24:45.330,True,W
TT011,Wake1,Session 4,10,Response,302.217,1720.387,2026-07-24 14:25:19.977,True,W
TT011,Wake1,Session 4,11,Response,336.0532,1754.2232,2026-07-24 14:25:53.813,True,W
TT011,Wake1,Session 4,12,Response,369.362,1787.532,2026-07-24 14:26:27.122,True,W
TT011,Wake1,Session 4,13,Response,406.3655,1824.5355,2026-07-24 14:27:04.125,True,W
TT011,Wake1,Session 4,14,Response,442.9307,1861.1007,2026-07-24 14:27:40.691,True,W
TT011,Wake1,Session 4,15,Response,480.3211,1898.4911,2026-07-24 14:28:18.081,True,W
TT011,Wake1,Session 4,16,Response,520.3657,1938.5357,2026-07-24 14:28:58.126,True,W
TT011,Wake1,Session 4,17,Response,553.2875,1971.4575,2026-07-24 14:29:31.047,True,W
TT011,Wake1,Session 4,18,Response,596.8785,2015.0485,2026-07-24 14:30:14.638,True,W
TT011,Wake1,Session 4,19,Response,636.9086,2055.0786,2026-07-24 14:30:54.669,True,W
TT011,Wake1,Session 4,20,Response,673.689,2091.859,2026-07-24 14:31:31.449,True,W
TT011,Wake1,Session 4,21,Response,714.9603,2133.1303,2026-07-24 14:32:12.720,True,W
TT011,Wake1,Session 4,22,Response,752.0385,2170.2085,2026-07-24 14:32:49.798,True,W
TT011,Wake1,Session 4,23,Response,792.15,2210.32,2026-07-24 14:33:29.910,True,W
TT011,Wake1,Session 4,24,Response,836.9454,2255.1154,2026-07-24 14:34:14.705,True,W
TT011,Wake1,Session 4,25,Response,873.3768,2291.5468,2026-07-24 14:34:51.137,True,W
TT011,Wake1,Session 4,26,Response,910.3395,2328.5095,2026-07-24 14:35:28.099,False,W
TT011,Wake1,Session 4,27,Response,988.2914,2406.4614,2026-07-24 14:36:46.051,False,W
TT011,Nap1,Session 5,1,Response,30.8535,2616.2975,2026-07-24 14:40:15.887,True,W
TT011,Nap1,Session 5,2,Response,58.8238,2644.2678,2026-07-24 14:40:43.858,True,W
TT011,Nap1,Session 5,3,Response,93.5601,2679.0041,2026-07-24 14:41:18.594,True,W
TT011,Nap1,Session 5,4,Response,124.8905,2710.3345,2026-07-24 14:41:49.924,True,W
TT011,Nap1,Session 5,5,Response,159.8643,2745.3083,2026-07-24 14:42:24.898,True,W
TT011,Nap1,Session 5,6,Response,200.8089,2786.2529,2026-07-24 14:43:05.843,True,W
TT011,Nap1,Session 5,7,Response,238.4224,2823.8664,2026-07-24 14:43:43.456,True,W
TT011,Nap1,Session 5,8,Response,280.9873,2866.4313,2026-07-24 14:44:26.021,True,W
TT011,Nap1,Session 5,9,Response,313.9092,2899.3532,2026-07-24 14:44:58.943,True,W
TT011,Nap1,Session 5,10,Response,352.2403,2937.6843,2026-07-24 14:45:37.274,True,W
TT011,Nap1,Session 5,11,Response,387.7716,2973.2156,2026-07-24 14:46:12.806,True,W
TT011,Nap1,Session 5,12,Response,402.8425,2988.2865,2026-07-24 14:46:27.876,True,W
TT011,Nap1,Session 5,13,Response,422.5709,3008.0149,2026-07-24 14:46:47.605,True,W
TT011,Nap1,Session 5,14,Response,464.779,3050.223,2026-07-24 14:47:29.813,True,W
TT011,Nap1,Session 5,15,Response,509.6045,3095.0485,2026-07-24 14:48:14.638,True,W
TT011,Nap1,Session 5,16,Response,546.2812,3131.7252,2026-07-24 14:48:51.315,True,W
TT011,Nap1,Session 5,17,Response,578.98,3164.424,2026-07-24 14:49:24.014,True,W
TT011,Nap1,Session 5,18,Response,613.5523,3198.9963,2026-07-24 14:49:58.586,True,W
TT011,Nap1,Session 5,19,Response,638.1547,3223.5987,2026-07-24 14:50:23.189,True,W
TT011,Nap1,Session 5,20,Response,665.4559,3250.8999,2026-07-24 14:50:50.490,True,W
TT011,Nap1,Session 5,21,Response,694.6675,3280.1115,2026-07-24 14:51:19.701,True,W
TT011,Nap1,Session 5,22,Response,746.0503,3331.4943,2026-07-24 14:52:11.084,True,W
TT011,Nap1,Session 5,23,Response,776.5856,3362.0296,2026-07-24 14:52:41.620,True,W
TT011,Nap1,Session 5,24,Response,819.2699,3404.7139,2026-07-24 14:53:24.304,True,W
TT011,Nap1,Session 5,25,Response,854.0207,3439.4647,2026-07-24 14:53:59.055,True,W
TT011,Nap1,Session 5,26,Response,889.6714,3475.1154,2026-07-24 14:54:34.705,True,W
TT011,Nap1,Session 5,27,Response,917.9986,3503.4426,2026-07-24 14:55:03.033,True,W
TT011,Nap1,Session 5,28,Response,939.1807,3524.6247,2026-07-24 14:55:24.215,True,W
TT011,Nap1,Session 5,29,Response,972.4594,3557.9034,2026-07-24 14:55:57.493,True,W
TT011,Nap1,Session 5,30,Response,1000.8312,3586.2752,2026-07-24 14:56:25.865,True,W
TT011,Nap1,Session 5,31,Response,1031.9687,3617.4127,2026-07-24 14:56:57.003,True,W
TT011,Nap1,Session 5,32,Response,1062.9055,3648.3495,2026-07-24 14:57:27.939,True,W
TT011,Nap1,Session 5,33,Response,1090.8535,3676.2975,2026-07-24 14:57:55.887,True,W
TT011,Nap1,Session 5,34,Response,1124.0207,3709.4647,2026-07-24 14:58:29.055,True,W
TT011,Nap1,Session 5,35,Response,1146.6748,3732.1188,2026-07-24 14:58:51.709,True,W
TT011,Nap1,Session 5,36,Response,1180.4743,3765.9183,2026-07-24 14:59:25.508,True,W
TT011,Nap1,Session 5,37,Response,1206.9949,3792.4389,2026-07-24 14:59:52.029,True,W
TT011,Nap1,Session 5,38,Response,1232.0579,3817.5019,2026-07-24 15:00:17.092,True,W
TT011,Nap1,Session 5,39,Response,1268.0209,3853.4649,2026-07-24 15:00:53.055,True,W
TT011,Nap1,Session 5,40,Response,1294.4444,3879.8884,2026-07-24 15:01:19.478,True,W
TT011,Nap1,Session 5,41,Response,1318.114,3903.558,2026-07-24 15:01:43.148,True,W
TT011,Nap1,Session 5,42,Response,1346.5449,3931.9889,2026-07-24 15:02:11.579,True,W
TT011,Nap1,Session 5,43,Response,1385.519,3970.963,2026-07-24 15:02:50.553,True,W
TT011,Nap1,Session 5,44,Response,1409.2883,3994.7323,2026-07-24 15:03:14.322,True,W
TT011,Nap1,Session 5,45,Response,1433.3555,4018.7995,2026-07-24 15:03:38.389,True,W
TT011,Nap1,Session 5,46,Response,1461.5934,4047.0374,2026-07-24 15:04:06.627,True,W
TT011,Nap1,Session 5,47,Response,1491.9503,4077.3943,2026-07-24 15:04:36.984,True,W
TT011,Nap1,Session 5,48,Response,1514.3145,4099.7585,2026-07-24 15:04:59.348,True,W
TT011,Nap1,Session 5,49,Response,1559.14,4144.584,2026-07-24 15:05:44.174,True,W
TT011,Nap1,Session 5,50,Response,1589.3775,4174.8215,2026-07-24 15:06:14.411,True,W
TT011,Nap1,Session 5,51,Response,1607.727,4193.171,2026-07-24 15:06:32.761,True,W
TT011,Nap1,Session 5,52,Response,1638.6192,4224.0632,2026-07-24 15:07:03.653,True,W
TT011,Nap1,Session 5,53,Response,1670.0545,4255.4985,2026-07-24 15:07:35.088,True,W
TT011,Nap1,Session 5,54,Reset,1750.1582,4335.6022,2026-07-24 15:08:55.192,True,W
TT011,Nap1,Session 5,55,Reset,1754.9167,4340.3607,2026-07-24 15:08:59.951,True,W
TT011,Nap1,Session 5,56,Reset,1759.1099,4344.5539,2026-07-24 15:09:04.144,True,W
TT011,Nap1,Session 5,57,Response,1784.6937,4370.1377,2026-07-24 15:09:29.728,True,W
TT011,Nap2,Session 6,1,Response,30.2373,4728.9813,2026-07-24 15:15:28.571,True,W
TT011,Nap2,Session 6,2,Response,58.4674,4757.2114,2026-07-24 15:15:56.801,True,W
TT011,Nap2,Session 6,3,Response,90.0811,4788.8251,2026-07-24 15:16:28.415,True,W
TT011,Nap2,Session 6,4,Response,239.5904,4938.3344,2026-07-24 15:18:57.924,True,W
TT011,Nap2,Session 6,5,Response,270.0365,4968.7805,2026-07-24 15:19:28.370,True,W
TT011,Nap2,Session 6,6,Response,297.6645,4996.4085,2026-07-24 15:19:55.998,True,W
TT011,Nap2,Session 6,7,Response,325.0995,5023.8435,2026-07-24 15:20:23.433,True,W
TT011,Nap2,Session 6,8,Response,354.3635,5053.1075,2026-07-24 15:20:52.697,True,W
TT011,Nap2,Session 6,9,Response,539.2113,5237.9553,2026-07-24 15:23:57.545,True,W
TT011,Nap2,Session 6,10,Response,567.3076,5266.0516,2026-07-24 15:24:25.642,True,W
TT011,Nap2,Session 6,11,Response,598.7128,5297.4568,2026-07-24 15:24:57.047,True,W
TT011,Nap2,Session 6,12,Response,627.8429,5326.5869,2026-07-24 15:25:26.177,True,W
TT011,Nap2,Session 6,13,Response,659.6574,5358.4014,2026-07-24 15:25:57.991,True,W
TT011,Nap2,Session 6,14,Response,689.025,5387.769,2026-07-24 15:26:27.359,True,W
TT011,Nap2,Session 6,15,Response,720.3856,5419.1296,2026-07-24 15:26:58.720,True,W
TT011,Nap2,Session 6,16,Response,751.7316,5450.4756,2026-07-24 15:27:30.066,True,W
TT011,Nap2,Session 6,17,Response,786.0363,5484.7803,2026-07-24 15:28:04.370,True,W
TT011,Nap2,Session 6,18,Response,974.5196,5673.2636,2026-07-24 15:31:12.854,True,W
TT011,Nap2,Session 6,19,Response,1010.1034,5708.8474,2026-07-24 15:31:48.437,True,W
TT011,Nap2,Session 6,20,Response,1048.8767,5747.6207,2026-07-24 15:32:27.211,True,W
TT011,Nap2,Session 6,21,Response,1086.2147,5784.9587,2026-07-24 15:33:04.549,True,W
TT011,Nap2,Session 6,22,Response,1122.7576,5821.5016,2026-07-24 15:33:41.092,True,W
TT011,Nap2,Session 6,23,Response,1157.3522,5856.0962,2026-07-24 15:34:15.686,True,W
TT011,Nap2,Session 6,24,Response,1191.7316,5890.4756,2026-07-24 15:34:50.066,True,W
TT011,Nap2,Session 6,25,Response,1242.9137,5941.6577,2026-07-24 15:35:41.248,True,W
TT011,Nap2,Session 6,26,Response,1378.0699,6076.8139,2026-07-24 15:37:56.404,True,W
TT011,Nap2,Session 6,27,Response,1410.4118,6109.1558,2026-07-24 15:38:28.746,True,W
TT011,Nap2,Session 6,28,Response,1456.8208,6155.5648,2026-07-24 15:39:15.155,True,W
TT011,Nap2,Session 6,29,Response,1492.5976,6191.3416,2026-07-24 15:39:50.932,True,W
TT011,Nap2,Session 6,30,Response,1528.7613,6227.5053,2026-07-24 15:40:27.095,True,W
TT011,Nap2,Session 6,31,Response,1559.9657,6258.7097,2026-07-24 15:40:58.300,True,W
TT011,Nap2,Session 6,32,Response,1583.676,6282.42,2026-07-24 15:41:22.010,True,W
TT011,Nap2,Session 6,33,Response,1621.0809,6319.8249,2026-07-24 15:41:59.415,True,W
TT011,Nap2,Session 6,34,Response,1754.189,6452.933,2026-07-24 15:44:12.523,True,W
TT011,Nap2,Session 6,35,Response,1788.3414,6487.0854,2026-07-24 15:44:46.675,True,W
TT011,Nap2,Session 6,36,Response,1821.9101,6520.6541,2026-07-24 15:45:20.244,True,W
TT011,Nap2,Session 6,37,Response,1846.1255,6544.8695,2026-07-24 15:45:44.459,True,W
TT011,Nap2,Session 6,38,Response,1891.7464,6590.4904,2026-07-24 15:46:30.080,True,W
TT011,Nap2,Session 6,39,Response,1933.263,6632.007,2026-07-24 15:47:11.597,True,W
TT011,Nap2,Session 6,40,Response,1967.5086,6666.2526,2026-07-24 15:47:45.843,True,W
TT011,Nap2,Session 6,41,Response,2006.661,6705.405,2026-07-24 15:48:24.995,True,W
TT011,Nap2,Session 6,42,Response,2141.6348,6840.3788,2026-07-24 15:50:39.969,True,W
TT011,Nap2,Session 6,43,Response,2174.4306,6873.1746,2026-07-24 15:51:12.765,True,W
TT011,Nap2,Session 6,44,Response,2198.1331,6896.8771,2026-07-24 15:51:36.467,True,W
TT011,Nap2,Session 6,45,Response,2229.4936,6928.2376,2026-07-24 15:52:07.828,True,W
TT011,Nap2,Session 6,46,Response,2271.1888,6969.9328,2026-07-24 15:52:49.523,True,W
TT011,Nap2,Session 6,47,Reset,2349.2929,7048.0369,2026-07-24 15:54:07.627,True,W
TT011,Nap2,Session 6,48,Reset,2350.6088,7049.3528,2026-07-24 15:54:08.943,True,W
TT011,Nap2,Session 6,49,Response,2379.7613,7078.5053,2026-07-24 15:54:38.095,True,W
TT011,Nap2,Session 6,50,Response,2421.1441,7119.8881,2026-07-24 15:55:19.478,True,W
TT011,Nap2,Session 6,51,Response,2463.8061,7162.5501,2026-07-24 15:56:02.140,True,W
TT011,Nap2,Session 6,52,Response,2498.5792,7197.3232,2026-07-24 15:56:36.913,True,W
TT011,Nap2,Session 6,53,Response,2525.3674,7224.1114,2026-07-24 15:57:03.701,True,W
TT011,Nap2,Session 6,54,Response,2559.4936,7258.2376,2026-07-24 15:57:37.828,True,W
TT011,Nap2,Session 6,55,Reset,2607.0402,7305.7842,2026-07-24 15:58:25.374,True,W
TT011,Nap2,Session 6,56,Reset,2610.3189,7309.0629,2026-07-24 15:58:28.653,True,W
TT011,Nap2,Session 6,57,Response,2642.6162,7341.3602,2026-07-24 15:59:00.950,True,W
TT011,Nap2,Session 6,58,Response,2678.713,7377.457,2026-07-24 15:59:37.047,True,W
TT011,Nap2,Session 6,59,Response,2696.3042,7395.0482,2026-07-24 15:59:54.638,True,W
TT011,Nap2,Session 6,60,Response,2722.9731,7421.7171,2026-07-24 16:00:21.307,True,W
TT011,Nap2,Session 6,61,Reset,2744.4529,7443.1969,2026-07-24 16:00:42.787,True,W
TT011,Nap2,Session 6,62,Response,2773.6645,7472.4085,2026-07-24 16:01:11.998,True,W
TT011,Nap2,Session 6,63,Reset,2812.8392,7511.5832,2026-07-24 16:01:51.173,True,W
TT011,Nap2,Session 6,64,Response,2847.8654,7546.6094,2026-07-24 16:02:26.199,True,W
TT011,Nap2,Session 6,65,Response,2875.9027,7574.6467,2026-07-24 16:02:54.237,True,W
TT011,Nap2,Session 6,66,Response,2905.1667,7603.9107,2026-07-24 16:03:23.501,True,W
TT011,Nap2,Session 6,67,Reset,2922.5348,7621.2788,2026-07-24 16:03:40.869,True,W
TT011,Nap2,Session 6,68,Reset,2923.5162,7622.2602,2026-07-24 16:03:41.850,True,W
TT011,Nap2,Session 6,69,Response,2957.3525,7656.0965,2026-07-24 16:04:15.686,True,W
TT011,Nap2,Session 6,70,Reset,2969.5606,7668.3046,2026-07-24 16:04:27.895,True,W
TT011,Nap2,Session 6,71,Reset,2988.0216,7686.7656,2026-07-24 16:04:46.356,True,W
TT011,Nap2,Session 6,72,Response,3134.2968,7833.0408,2026-07-24 16:07:12.631,True,W
TT011,Nap2,Session 6,73,Response,3168.1554,7866.8994,2026-07-24 16:07:46.489,True,W
TT011,Nap2,Session 6,74,Reset,3214.5645,7913.3085,2026-07-24 16:08:32.898,True,W
TT011,Nap2,Session 6,75,Reset,3217.8432,7916.5872,2026-07-24 16:08:36.177,True,W
TT011,Nap2,Session 6,76,Reset,3240.0958,7938.8398,2026-07-24 16:08:58.430,True,W
TT011,Nap2,Session 6,77,Reset,3241.6348,7940.3788,2026-07-24 16:08:59.969,True,W
TT011,Nap2,Session 6,78,Reset,3245.1851,7943.9291,2026-07-24 16:09:03.519,True,W
TT011,Nap2,Session 6,79,Reset,3246.3003,7945.0443,2026-07-24 16:09:04.634,True,W
TT011,Nap2,Session 6,80,Response,3273.2223,7971.9663,2026-07-24 16:09:31.556,True,W
TT011,Nap2,Session 6,81,Reset,3303.3115,8002.0555,2026-07-24 16:10:01.645,True,W
TT011,Nap2,Session 6,82,Reset,3319.1853,8017.9293,2026-07-24 16:10:17.519,True,W
TT011,Nap2,Session 6,83,Reset,3342.174,8040.918,2026-07-24 16:10:40.508,True,2
TT011,Nap2,Session 6,84,Response,3523.3115,8222.0555,2026-07-24 16:13:41.645,True,W
TT011,Nap2,Session 6,85,Reset,3575.2297,8273.9737,2026-07-24 16:14:33.564,True,W
TT011,Nap2,Session 6,86,Reset,3602.1517,8300.8957,2026-07-24 16:15:00.486,True,W
TT011,Nap2,Session 6,87,Response,3798.2127,8496.9567,2026-07-24 16:18:16.547,True,W
TT011,Nap2,Session 6,88,Response,3824.3686,8523.1126,2026-07-24 16:18:42.703,True,W
TT011,Nap2,Session 6,89,Response,3866.763,8565.507,2026-07-24 16:19:25.097,True,W
TT011,Nap2,Session 6,90,Response,3883.8412,8582.5852,2026-07-24 16:19:42.175,True,W
TT011,Nap2,Session 6,91,Reset,3907.5882,8606.3322,2026-07-24 16:20:05.922,True,W
TT011,Nap2,Session 6,92,Reset,3942.9189,8641.6629,2026-07-24 16:20:41.253,True,1
TT011,Nap2,Session 6,93,Reset,3945.35,8644.094,2026-07-24 16:20:43.684,True,1
TT011,Nap2,Session 6,94,Response,4183.4765,8882.2205,2026-07-24 16:24:41.810,True,W
TT011,Nap2,Session 6,95,Response,4210.3762,8909.1202,2026-07-24 16:25:08.710,True,W
TT011,Nap2,Session 6,96,Reset,4213.6103,8912.3543,2026-07-24 16:25:11.944,True,W
TT011,Nap2,Session 6,97,Reset,4249.4395,8948.1835,2026-07-24 16:25:47.773,True,W
TT011,Nap2,Session 6,98,Reset,4259.4172,8958.1612,2026-07-24 16:25:57.751,True,W
TT011,Nap2,Session 6,99,Response,4380.4208,9079.1648,2026-07-24 16:27:58.755,True,W
TT011,Nap2,Session 6,100,Response,4413.0527,9111.7967,2026-07-24 16:28:31.387,True,W
TT011,Nap2,Session 6,101,Reset,4447.0529,9145.7969,2026-07-24 16:29:05.387,True,W
TT011,Nap2,Session 6,102,Response,4476.2199,9174.9639,2026-07-24 16:29:34.554,True,W
TT011,Nap2,Session 6,103,Reset,4491.8483,9190.5923,2026-07-24 16:29:50.182,True,W
TT011,Nap2,Session 6,104,Reset,4520.4878,9219.2318,2026-07-24 16:30:18.822,True,W
TT011,Nap2,Session 6,105,Reset,4540.3985,9239.1425,2026-07-24 16:30:38.732,True,W
TT011,Nap2,Session 6,106,Reset,4592.4282,9291.1722,2026-07-24 16:31:30.762,True,W
TT011,Nap2,Session 6,107,Response,4818.4358,9517.1798,2026-07-24 16:35:16.770,True,W
TT011,Nap2,Session 6,108,Response,4859.9524,9558.6964,2026-07-24 16:35:58.286,True,W
TT011,Nap2,Session 6,109,Response,4909.2833,9608.0273,2026-07-24 16:36:47.617,True,W
TT011,Nap2,Session 6,110,Response,4942.4059,9641.1499,2026-07-24 16:37:20.740,True,W
TT011,Nap2,Session 6,111,Response,4981.023,9679.767,2026-07-24 16:37:59.357,True,W
TT011,Nap2,Session 6,112,Reset,5016.3615,9715.1055,2026-07-24 16:38:34.695,True,1
TT011,Nap2,Session 6,113,Reset,5033.2311,9731.9751,2026-07-24 16:38:51.565,True,2
TT011,Nap2,Session 6,114,Reset,5045.3801,9744.1241,2026-07-24 16:39:03.714,True,2
TT011,Nap2,Session 6,115,Reset,5048.235,9746.979,2026-07-24 16:39:06.569,True,2
TT011,Nap2,Session 6,116,Response,5260.1086,9958.8526,2026-07-24 16:42:38.443,True,W
TT011,Nap2,Session 6,117,Response,5295.2831,9994.0271,2026-07-24 16:43:13.617,True,W
TT011,Nap2,Session 6,118,Response,5316.4953,10015.2393,2026-07-24 16:43:34.829,True,W
TT011,Nap2,Session 6,119,Reset,5356.4061,10055.1501,2026-07-24 16:44:14.740,True,W
TT011,Nap2,Session 6,120,Reset,5357.8559,10056.5999,2026-07-24 16:44:16.190,True,W
TT011,Wake2,Session 8,1,Response,29.7583,10734.3223,2026-07-24 16:55:33.912,True,W
TT011,Wake2,Session 8,2,Response,64.4868,10769.0508,2026-07-24 16:56:08.641,True,W
TT011,Wake2,Session 8,3,Response,96.338,10800.902,2026-07-24 16:56:40.492,True,W
TT011,Wake2,Session 8,4,Response,131.8103,10836.3743,2026-07-24 16:57:15.964,True,W
TT011,Wake2,Session 8,5,Response,168.4123,10872.9763,2026-07-24 16:57:52.566,True,W
TT011,Wake2,Session 8,6,Response,208.0108,10912.5748,2026-07-24 16:58:32.165,True,W
TT011,Wake2,Session 8,7,Response,243.7507,10948.3147,2026-07-24 16:59:07.905,True,W
TT011,Wake2,Session 8,8,Response,282.1672,10986.7312,2026-07-24 16:59:46.321,True,W
TT011,Wake2,Session 8,9,Response,323.9292,11028.4932,2026-07-24 17:00:28.083,True,W
TT011,Wake2,Session 8,10,Response,365.312,11069.876,2026-07-24 17:01:09.466,True,W
TT011,Wake2,Session 8,11,Response,399.7282,11104.2922,2026-07-24 17:01:43.882,True,W
TT011,Wake2,Session 8,12,Response,441.4534,11146.0174,2026-07-24 17:02:25.607,True,W
TT011,Wake2,Session 8,13,Response,489.5721,11194.1361,2026-07-24 17:03:13.726,True,W
TT011,Wake2,Session 8,14,Response,529.5275,11234.0915,2026-07-24 17:03:53.681,True,W
TT011,Wake2,Session 8,15,Response,576.7395,11281.3035,2026-07-24 17:04:40.893,True,W
TT011,Wake2,Session 8,16,Response,610.2713,11314.8353,2026-07-24 17:05:14.425,True,W
TT011,Wake2,Session 8,17,Response,648.7914,11353.3554,2026-07-24 17:05:52.945,True,W
TT011,Wake2,Session 8,18,Response,698.7546,11403.3186,2026-07-24 17:06:42.909,True,W
TT011,Wake2,Session 8,19,Response,729.2899,11433.8539,2026-07-24 17:07:13.444,True,W
TT011,Wake2,Session 8,20,Response,773.3939,11477.9579,2026-07-24 17:07:57.548,True,W
TT011,Wake2,Session 8,21,Response,814.4868,11519.0508,2026-07-24 17:08:38.641,True,W
TT011,Wake2,Session 8,22,Response,866.1596,11570.7236,2026-07-24 17:09:30.314,True,W
TT012,Wake1,Session 3,1,Response,33.3597,1512.3097,2026-07-25 14:32:52.430,True,W
TT012,Wake1,Session 3,2,Response,65.7119,1544.6619,2026-07-25 14:33:24.782,True,W
TT012,Wake1,Session 3,3,Response,96.8347,1575.7847,2026-07-25 14:33:55.905,True,W
TT012,Wake1,Session 3,4,Response,127.3257,1606.2757,2026-07-25 14:34:26.396,True,W
TT012,Wake1,Session 3,5,Response,157.2019,1636.1519,2026-07-25 14:34:56.272,True,W
TT012,Wake1,Session 3,6,Response,187.9148,1666.8648,2026-07-25 14:35:26.985,True,W
TT012,Wake1,Session 3,7,Response,218.6798,1697.6298,2026-07-25 14:35:57.750,True,W
TT012,Wake1,Session 3,8,Response,248.7994,1727.7494,2026-07-25 14:36:27.870,True,W
TT012,Wake1,Session 3,9,Response,280.063,1759.013,2026-07-25 14:36:59.134,True,W
TT012,Wake1,Session 3,10,Response,312.1686,1791.1186,2026-07-25 14:37:31.239,True,W
TT012,Wake1,Session 3,11,Response,342.9712,1821.9212,2026-07-25 14:38:02.042,True,W
TT012,Wake1,Session 3,12,Response,373.6115,1852.5615,2026-07-25 14:38:32.682,True,W
TT012,Wake1,Session 3,13,Response,403.8079,1882.7579,2026-07-25 14:39:02.878,True,W
TT012,Wake1,Session 3,14,Response,433.3981,1912.3481,2026-07-25 14:39:32.469,True,W
TT012,Wake1,Session 3,15,Response,463.381,1942.331,2026-07-25 14:40:02.452,True,W
TT012,Wake1,Session 3,16,Response,493.0053,1971.9553,2026-07-25 14:40:32.076,True,W
TT012,Wake1,Session 3,17,Response,522.3906,2001.3406,2026-07-25 14:41:01.461,True,W
TT012,Wake1,Session 3,18,Response,584.8923,2063.8423,2026-07-25 14:42:03.963,True,W
TT012,Wake1,Session 3,19,Response,614.0299,2092.9799,2026-07-25 14:42:33.100,True,W
TT012,Wake1,Session 3,20,Response,643.5432,2122.4932,2026-07-25 14:43:02.614,True,W
TT012,Wake1,Session 3,21,Response,672.049,2150.999,2026-07-25 14:43:31.120,True,W
TT012,Wake1,Session 3,22,Response,702.7662,2181.7162,2026-07-25 14:44:01.837,True,W
TT012,Wake1,Session 3,23,Reset,705.7376,2184.6876,2026-07-25 14:44:04.808,True,W
TT012,Wake1,Session 3,24,Response,737.9282,2216.8782,2026-07-25 14:44:36.999,True,W
TT012,Wake1,Session 3,25,Response,765.7205,2244.6705,2026-07-25 14:45:04.791,True,W
TT012,Wake1,Session 3,26,Response,793.6798,2272.6298,2026-07-25 14:45:32.750,True,W
TT012,Wake1,Session 3,27,Response,821.7587,2300.7087,2026-07-25 14:46:00.829,True,W
TT012,Wake1,Session 3,28,Response,849.7096,2328.6596,2026-07-25 14:46:28.780,True,W
TT012,Wake1,Session 3,29,Response,879.4278,2358.3778,2026-07-25 14:46:58.498,True,W
TT012,Nap1,Session 4,1,Response,34.1438,2710.9478,2026-07-25 14:52:51.068,True,W
TT012,Nap1,Session 4,2,Response,65.3904,2742.1944,2026-07-25 14:53:22.315,True,W
TT012,Nap1,Session 4,3,Response,94.7756,2771.5796,2026-07-25 14:53:51.700,True,W
TT012,Nap1,Session 4,4,Response,125.1342,2801.9382,2026-07-25 14:54:22.059,True,W
TT012,Nap1,Session 4,5,Reset,170.0401,2846.8441,2026-07-25 14:55:06.965,True,W
TT012,Nap1,Session 4,6,Response,199.7669,2876.5709,2026-07-25 14:55:36.691,True,W
TT012,Nap1,Session 4,7,Reset,222.3557,2899.1597,2026-07-25 14:55:59.280,True,W
TT012,Nap1,Session 4,8,Response,251.8092,2928.6132,2026-07-25 14:56:28.734,True,W
TT012,Nap1,Session 4,9,Reset,254.6439,2931.4479,2026-07-25 14:56:31.568,True,W
TT012,Nap1,Session 4,10,Reset,266.707,2943.511,2026-07-25 14:56:43.632,True,W
TT012,Nap1,Session 4,11,Response,293.2505,2970.0545,2026-07-25 14:57:10.175,True,W
TT012,Nap1,Session 4,12,Reset,328.6315,3005.4355,2026-07-25 14:57:45.556,True,W
TT012,Nap1,Session 4,13,Reset,342.9704,3019.7744,2026-07-25 14:57:59.895,True,W
TT012,Nap1,Session 4,14,Reset,439.7156,3116.5196,2026-07-25 14:59:36.640,False,2
TT012,Nap2,Session 5,1,Response,34.2557,3347.3837,2026-07-25 15:03:27.504,True,W
TT012,Nap2,Session 5,2,Response,69.1193,3382.2473,2026-07-25 15:04:02.368,True,W
TT012,Nap2,Session 5,3,Response,104.2201,3417.3481,2026-07-25 15:04:37.469,True,W
TT012,Nap2,Session 5,4,Response,258.3097,3571.4377,2026-07-25 15:07:11.558,True,W
TT012,Nap2,Session 5,5,Response,289.9661,3603.0941,2026-07-25 15:07:43.215,True,W
TT012,Nap2,Session 5,6,Response,316.8669,3629.9949,2026-07-25 15:08:10.115,True,W
TT012,Nap2,Session 5,7,Response,346.5083,3659.6363,2026-07-25 15:08:39.757,True,W
TT012,Nap2,Session 5,8,Response,374.9202,3688.0482,2026-07-25 15:09:08.169,True,W
TT012,Nap2,Session 5,9,Response,516.9796,3830.1076,2026-07-25 15:11:30.228,True,W
TT012,Nap2,Session 5,10,Reset,538.0247,3851.1527,2026-07-25 15:11:51.273,True,W
TT012,Nap2,Session 5,11,Reset,590.7365,3903.8645,2026-07-25 15:12:43.985,True,W
TT012,Nap2,Session 5,12,Response,621.5561,3934.6841,2026-07-25 15:13:14.805,True,W
TT012,Nap2,Session 5,13,Response,650.7365,3963.8645,2026-07-25 15:13:43.985,True,W
TT012,Nap2,Session 5,14,Response,666.6723,3979.8003,2026-07-25 15:13:59.921,True,W
TT012,Nap2,Session 5,15,Reset,687.3075,4000.4355,2026-07-25 15:14:20.556,True,1
TT012,Nap2,Session 5,16,Reset,711.0268,4024.1548,2026-07-25 15:14:44.275,True,1
TT012,Nap2,Session 5,17,Reset,727.3639,4040.4919,2026-07-25 15:15:00.612,True,1
TT012,Nap2,Session 5,18,Response,959.4196,4272.5476,2026-07-25 15:18:52.668,True,W
TT012,Nap2,Session 5,19,Reset,973.7434,4286.8714,2026-07-25 15:19:06.992,True,W
TT012,Nap2,Session 5,20,Reset,977.4832,4290.6112,2026-07-25 15:19:10.732,True,W
TT012,Nap2,Session 5,21,Reset,1009.9593,4323.0873,2026-07-25 15:19:43.208,True,W
TT012,Nap2,Session 5,22,Reset,1024.5597,4337.6877,2026-07-25 15:19:57.808,True,W
TT012,Nap2,Session 5,23,Reset,1051.4518,4364.5798,2026-07-25 15:20:24.700,True,2
TT012,Nap2,Session 5,24,Reset,1065.9804,4379.1084,2026-07-25 15:20:39.229,True,2
TT012,Nap2,Session 5,25,Reset,1078.8049,4391.9329,2026-07-25 15:20:52.053,True,W
TT012,Nap2,Session 5,26,Reset,1236.3698,4549.4978,2026-07-25 15:23:29.618,True,1
TT012,Nap2,Session 5,27,Reset,1268.0433,4581.1713,2026-07-25 15:24:01.292,True,2
TT012,Nap2,Session 5,28,Reset,1299.7509,4612.8789,2026-07-25 15:24:32.999,True,2
TT012,Nap2,Session 5,29,Reset,1305.9668,4619.0948,2026-07-25 15:24:39.215,True,2
TT012,Nap2,Session 5,30,Response,1335.3179,4648.4459,2026-07-25 15:25:08.566,True,W
TT012,Nap2,Session 5,31,Reset,1370.6457,4683.7737,2026-07-25 15:25:43.894,True,2
TT012,Nap2,Session 5,32,Reset,1464.1806,4777.3086,2026-07-25 15:27:17.429,False,W
TT012,Nap2,Session 5,33,Reset,1604.5836,4917.7116,2026-07-25 15:29:37.832,True,1
TT012,Nap2,Session 5,34,Reset,1821.7216,5134.8496,2026-07-25 15:33:14.970,False,W
TT012,Nap2,Session 5,35,Response,1876.5132,5189.6412,2026-07-25 15:34:09.762,True,W
TT012,Nap2,Session 5,36,Response,1927.309,5240.437,2026-07-25 15:35:00.558,True,W
TT012,Nap2,Session 5,37,Response,1973.3097,5286.4377,2026-07-25 15:35:46.558,True,W
TT012,Nap2,Session 5,38,Reset,1975.6833,5288.8113,2026-07-25 15:35:48.932,True,W
TT012,Nap2,Session 5,39,Response,2004.5221,5317.6501,2026-07-25 15:36:17.771,True,W
TT012,Nap2,Session 5,40,Response,2018.0091,5331.1371,2026-07-25 15:36:31.258,True,W
TT012,Nap2,Session 5,41,Reset,2040.1574,5353.2854,2026-07-25 15:36:53.406,True,W
TT012,Nap2,Session 5,42,Reset,2058.4599,5371.5879,2026-07-25 15:37:11.708,True,W
TT012,Nap2,Session 5,43,Reset,2081.6806,5394.8086,2026-07-25 15:37:34.929,True,W
TT012,Nap2,Session 5,44,Response,2210.3042,5523.4322,2026-07-25 15:39:43.553,True,W
TT012,Nap2,Session 5,45,Response,2226.2844,5539.4124,2026-07-25 15:39:59.533,True,W
TT012,Nap2,Session 5,46,Reset,2247.4593,5560.5873,2026-07-25 15:40:20.708,True,W
TT012,Nap2,Session 5,47,Response,2276.8445,5589.9725,2026-07-25 15:40:50.093,True,W
TT012,Nap2,Session 5,48,Response,2306.0078,5619.1358,2026-07-25 15:41:19.256,True,W
TT012,Nap2,Session 5,49,Response,2340.8062,5653.9342,2026-07-25 15:41:54.055,True,W
TT012,Nap2,Session 5,50,Response,2375.294,5688.422,2026-07-25 15:42:28.543,True,W
TT012,Nap2,Session 5,51,Reset,2397.2202,5710.3482,2026-07-25 15:42:50.469,True,W
TT012,Nap2,Session 5,52,Response,2428.8254,5741.9534,2026-07-25 15:43:22.074,True,W
TT012,Nap2,Session 5,53,Response,2459.7987,5772.9267,2026-07-25 15:43:53.047,True,W
TT012,Nap2,Session 5,54,Reset,2473.9176,5787.0456,2026-07-25 15:44:07.166,True,W
TT012,Nap2,Session 5,55,Reset,2520.755,5833.883,2026-07-25 15:44:54.004,True,W
TT012,Nap2,Session 5,56,Reset,2538.016,5851.144,2026-07-25 15:45:11.265,True,W
TT012,Nap2,Session 5,57,Reset,2549.3548,5862.4828,2026-07-25 15:45:22.603,True,W
TT012,Nap2,Session 5,58,Reset,2562.8418,5875.9698,2026-07-25 15:45:36.090,True,W
TT012,Nap2,Session 5,59,Response,2689.8773,6003.0053,2026-07-25 15:47:43.126,True,W
TT012,Nap2,Session 5,60,Response,2719.5187,6032.6467,2026-07-25 15:48:12.767,True,W
TT012,Nap2,Session 5,61,Response,2749.8944,6063.0224,2026-07-25 15:48:43.143,True,W
TT012,Nap2,Session 5,62,Response,2759.7987,6072.9267,2026-07-25 15:48:53.047,True,W
TT012,Nap2,Session 5,63,Response,2789.8158,6102.9438,2026-07-25 15:49:23.064,True,W
TT012,Nap2,Session 5,64,Response,2808.6136,6121.7416,2026-07-25 15:49:41.862,True,W
TT012,Nap2,Session 5,65,Reset,2826.1478,6139.2758,2026-07-25 15:49:59.396,True,W
TT012,Nap2,Session 5,66,Response,2856.0453,6169.1733,2026-07-25 15:50:29.294,True,W
TT012,Nap2,Session 5,67,Reset,2899.2967,6212.4247,2026-07-25 15:51:12.545,True,W
TT012,Nap2,Session 5,68,Reset,2914.8056,6227.9336,2026-07-25 15:51:28.054,True,W
TT012,Nap2,Session 5,69,Reset,2946.1717,6259.2997,2026-07-25 15:51:59.420,True,1
TT012,Nap2,Session 5,70,Reset,2963.6205,6276.7485,2026-07-25 15:52:16.869,True,2
TT012,Nap2,Session 5,71,Reset,2998.2448,6311.3728,2026-07-25 15:52:51.493,True,2
TT012,Nap2,Session 5,72,Response,3207.2714,6520.3994,2026-07-25 15:56:20.520,True,W
TT012,Nap2,Session 5,73,Response,3282.9442,6596.0722,2026-07-25 15:57:36.193,True,2
TT012,Nap2,Session 5,74,Reset,3286.1205,6599.2485,2026-07-25 15:57:39.369,True,2
TT012,Nap2,Session 5,75,Reset,3379.0747,6692.2027,2026-07-25 15:59:12.323,False,W
TT012,Nap2,Session 5,76,Response,3496.8889,6810.0169,2026-07-25 16:01:10.137,True,W
TT012,Nap2,Session 5,77,Response,3507.9545,6821.0825,2026-07-25 16:01:21.203,True,W
TT012,Nap2,Session 5,78,Reset,3547.2782,6860.4062,2026-07-25 16:02:00.527,True,W
TT012,Nap2,Session 5,79,Reset,3574.9729,6888.1009,2026-07-25 16:02:28.221,True,W
TT012,Nap2,Session 5,80,Reset,3588.5658,6901.6938,2026-07-25 16:02:41.814,True,W
TT012,Nap2,Session 5,81,Response,3728.5761,7041.7041,2026-07-25 16:05:01.825,True,W
TT012,Nap2,Session 5,82,Response,3758.7639,7071.8919,2026-07-25 16:05:32.012,True,W
TT012,Nap2,Session 5,83,Response,3789.4982,7102.6262,2026-07-25 16:06:02.747,True,W
TT012,Nap2,Session 5,84,Response,3819.003,7132.131,2026-07-25 16:06:32.252,True,W
TT012,Nap2,Session 5,85,Response,3839.3377,7152.4657,2026-07-25 16:06:52.586,True,W
TT012,Nap2,Session 5,86,Response,3870.6013,7183.7293,2026-07-25 16:07:23.850,True,W
TT012,Nap2,Session 5,87,Response,3892.1997,7205.3277,2026-07-25 16:07:45.448,True,W
TT012,Nap2,Session 5,88,Reset,3907.992,7221.12,2026-07-25 16:08:01.241,True,W
TT012,Nap2,Session 5,89,Reset,3928.2619,7241.3899,2026-07-25 16:08:21.510,True,W
TT012,Nap2,Session 5,90,Reset,3945.4374,7258.5654,2026-07-25 16:08:38.686,True,W
TT012,Nap2,Session 5,91,Response,3958.6546,7271.7826,2026-07-25 16:08:51.903,True,W
TT012,Nap2,Session 5,92,Reset,3975.7789,7288.9069,2026-07-25 16:09:09.027,True,W
TT012,Nap2,Session 5,93,Response,4004.464,7317.592,2026-07-25 16:09:37.713,True,W
TT012,Nap2,Session 5,94,Response,4033.5248,7346.6528,2026-07-25 16:10:06.773,True,W
TT012,Nap2,Session 5,95,Reset,4052.992,7366.12,2026-07-25 16:10:26.241,True,W
TT012,Nap2,Session 5,96,Reset,4076.964,7390.092,2026-07-25 16:10:50.213,True,W
TT012,Nap2,Session 5,97,Reset,4085.8233,7398.9513,2026-07-25 16:10:59.072,True,W
TT012,Nap2,Session 5,98,Reset,4097.7427,7410.8707,2026-07-25 16:11:10.991,True,W
TT012,Nap2,Session 5,99,Response,4117.6334,7430.7614,2026-07-25 16:11:30.882,True,W
TT012,Nap2,Session 5,100,Reset,4155.4716,7468.5996,2026-07-25 16:12:08.720,True,W
TT012,Nap2,Session 5,101,Response,4185.2325,7498.3605,2026-07-25 16:12:38.481,True,W
TT012,Nap2,Session 5,102,Response,4215.4886,7528.6166,2026-07-25 16:13:08.737,True,W
TT012,Nap2,Session 5,103,Response,4234.061,7547.189,2026-07-25 16:13:27.310,True,W
TT012,Nap2,Session 5,104,Reset,4252.5002,7565.6282,2026-07-25 16:13:45.749,True,W
TT012,Nap2,Session 5,105,Response,4271.8479,7584.9759,2026-07-25 16:14:05.096,True,W
TT012,Nap2,Session 5,106,Reset,4292.6095,7605.7375,2026-07-25 16:14:25.858,True,W
TT012,Nap2,Session 5,107,Response,4321.0214,7634.1494,2026-07-25 16:14:54.270,True,W
TT012,Nap2,Session 5,108,Reset,4333.3677,7646.4957,2026-07-25 16:15:06.616,True,W
TT012,Nap2,Session 5,109,Reset,4359.7987,7672.9267,2026-07-25 16:15:33.047,True,W
TT012,Nap2,Session 5,110,Reset,4370.3315,7683.4595,2026-07-25 16:15:43.580,True,W
TT012,Nap2,Session 5,111,Response,4379.9798,7693.1078,2026-07-25 16:15:53.228,True,W
TT012,Nap2,Session 5,112,Reset,4417.1348,7730.2628,2026-07-25 16:16:30.383,True,1
TT012,Nap2,Session 5,113,Reset,4470.0481,7783.1761,2026-07-25 16:17:23.297,True,W
TT012,Nap2,Session 5,114,Reset,4506.0761,7819.2041,2026-07-25 16:17:59.325,True,2
TT012,Wake2,Session 6,1,Response,32.7889,526.0989,2026-07-25 16:34:09.134,True,
TT012,Wake2,Session 6,2,Response,62.8112,556.1212,2026-07-25 16:34:39.156,True,
TT012,Wake2,Session 6,3,Response,92.722,586.032,2026-07-25 16:35:09.067,True,
TT012,Wake2,Session 6,4,Response,122.2537,615.5637,2026-07-25 16:35:38.599,True,
TT012,Wake2,Session 6,5,Response,151.6921,645.0021,2026-07-25 16:36:08.037,True,
TT012,Wake2,Session 6,6,Response,182.5252,675.8352,2026-07-25 16:36:38.870,True,
TT012,Wake2,Session 6,7,Response,211.2316,704.5416,2026-07-25 16:37:07.576,True,
TT012,Wake2,Session 6,8,Response,240.3617,733.6717,2026-07-25 16:37:36.707,True,
TT012,Wake2,Session 6,9,Response,258.3912,751.7012,2026-07-25 16:37:54.736,True,
TT012,Wake2,Session 6,10,Response,287.3875,780.6975,2026-07-25 16:38:23.732,True,
TT012,Wake2,Session 6,11,Response,316.9414,810.2514,2026-07-25 16:38:53.286,True,
TT012,Wake2,Session 6,12,Response,318.6365,811.9465,2026-07-25 16:38:54.981,True,
TT012,Wake2,Session 6,13,Response,348.1681,841.4781,2026-07-25 16:39:24.513,True,
TT012,Wake2,Session 6,14,Response,377.7889,871.0989,2026-07-25 16:39:54.134,True,
TT012,Wake2,Session 6,15,Response,401.3576,894.6676,2026-07-25 16:40:17.702,True,
TT012,Wake2,Session 6,16,Response,432.0936,925.4036,2026-07-25 16:40:48.438,True,
TT012,Wake2,Session 6,17,Response,461.3799,954.6899,2026-07-25 16:41:17.725,True,
TT012,Wake2,Session 6,18,Response,491.6921,985.0021,2026-07-25 16:41:48.037,True,
TT012,Wake2,Session 6,19,Response,522.3836,1015.6936,2026-07-25 16:42:18.728,True,
TT012,Wake2,Session 6,20,Response,553.462,1046.772,2026-07-25 16:42:49.807,True,
TT012,Wake2,Session 6,21,Response,583.9973,1077.3073,2026-07-25 16:43:20.342,True,
TT012,Wake2,Session 6,22,Response,615.1348,1108.4448,2026-07-25 16:43:51.480,True,
TT012,Wake2,Session 6,23,Response,642.4505,1135.7605,2026-07-25 16:44:18.795,True,
TT012,Wake2,Session 6,24,Response,671.5806,1164.8906,2026-07-25 16:44:47.925,True,
TT012,Wake2,Session 6,25,Response,692.9267,1186.2367,2026-07-25 16:45:09.272,True,
TT012,Wake2,Session 6,26,Response,728.9488,1222.2588,2026-07-25 16:45:45.294,True,
TT012,Wake2,Session 6,27,Response,760.6662,1253.9762,2026-07-25 16:46:17.011,True,
TT012,Wake2,Session 6,28,Response,791.5806,1284.8906,2026-07-25 16:46:47.925,True,
TT012,Wake2,Session 6,29,Response,821.4468,1314.7568,2026-07-25 16:47:17.792,True,
TT012,Wake2,Session 6,30,Reset,846.6179,1339.9279,2026-07-25 16:47:42.963,True,
TT012,Wake2,Session 6,31,Response,877.9115,1371.2215,2026-07-25 16:48:14.256,True,
TT013,Wake1,Session 3,1,Response,37.4005,1593.0185,2026-09-14 14:32:07.785,True,W
TT013,Wake1,Session 3,2,Response,75.8169,1631.4349,2026-09-14 14:32:46.201,True,W
TT013,Wake1,Session 3,3,Response,112.6274,1668.2454,2026-09-14 14:33:23.012,True,W
TT013,Wake1,Session 3,4,Response,152.5081,1708.1261,2026-09-14 14:34:02.892,True,W
TT013,Wake1,Session 3,5,Response,192.6944,1748.3124,2026-09-14 14:34:43.079,True,W
TT013,Wake1,Session 3,6,Response,233.5157,1789.1337,2026-09-14 14:35:23.900,True,W
TT013,Wake1,Session 3,7,Response,273.311,1828.929,2026-09-14 14:36:03.695,True,W
TT013,Wake1,Session 3,8,Response,316.5936,1872.2116,2026-09-14 14:36:46.978,True,W
TT013,Wake1,Session 3,9,Response,359.0549,1914.6729,2026-09-14 14:37:29.439,True,W
TT013,Wake1,Session 3,10,Response,400.6162,1956.2342,2026-09-14 14:38:11.000,True,W
TT013,Wake1,Session 3,11,Response,441.2262,1996.8442,2026-09-14 14:38:51.610,True,W
TT013,Wake1,Session 3,12,Response,481.4637,2037.0817,2026-09-14 14:39:31.848,True,W
TT013,Wake1,Session 3,13,Response,522.9135,2078.5315,2026-09-14 14:40:13.298,True,W
TT013,Wake1,Session 3,14,Response,564.8316,2120.4496,2026-09-14 14:40:55.216,True,W
TT013,Wake1,Session 3,15,Response,609.0064,2164.6244,2026-09-14 14:41:39.391,True,W
TT013,Wake1,Session 3,16,Response,635.0363,2190.6543,2026-09-14 14:42:05.420,True,W
TT013,Wake1,Session 3,17,Response,678.2704,2233.8884,2026-09-14 14:42:48.655,True,W
TT013,Wake1,Session 3,18,Response,719.274,2274.892,2026-09-14 14:43:29.658,True,W
TT013,Wake1,Session 3,19,Response,764.211,2319.829,2026-09-14 14:44:14.595,True,W
TT013,Wake1,Session 3,20,Response,806.999,2362.617,2026-09-14 14:44:57.383,True,W
TT013,Wake1,Session 3,21,Response,848.9618,2404.5798,2026-09-14 14:45:39.346,True,W
TT013,Wake1,Session 3,22,Response,874.4341,2430.0521,2026-09-14 14:46:04.818,True,W
TT013,Wake1,Session 3,23,Response,894.0103,2449.6283,2026-09-14 14:46:24.394,True,W
TT013,Nap1,Session 4,1,Response,42.4713,2932.2053,2026-09-14 14:54:26.971,True,W
TT013,Nap1,Session 4,2,Response,84.3448,2974.0788,2026-09-14 14:55:08.845,True,W
TT013,Nap1,Session 4,3,Response,130.7093,3020.4433,2026-09-14 14:55:55.209,True,W
TT013,Nap1,Session 4,4,Response,173.2519,3062.9859,2026-09-14 14:56:37.752,True,W
TT013,Nap1,Session 4,5,Response,218.3858,3108.1198,2026-09-14 14:57:22.886,True,W
TT013,Nap1,Session 4,6,Response,247.9174,3137.6514,2026-09-14 14:57:52.418,True,W
TT013,Nap1,Session 4,7,Response,298.3858,3188.1198,2026-09-14 14:58:42.886,True,W
TT013,Nap1,Session 4,8,Reset,345.3039,3235.0379,2026-09-14 14:59:29.804,True,W
TT013,Nap1,Session 4,9,Reset,382.1813,3271.9153,2026-09-14 15:00:06.681,True,W
TT013,Nap1,Session 4,10,Reset,422.6313,3312.3653,2026-09-14 15:00:47.131,True,W
TT013,Nap1,Session 4,11,Reset,450.9507,3340.6847,2026-09-14 15:01:15.451,True,W
TT013,Nap1,Session 4,12,Response,498.4081,3388.1421,2026-09-14 15:02:02.908,True,W
TT013,Nap1,Session 4,13,Reset,513.5904,3403.3244,2026-09-14 15:02:18.091,True,W
TT013,Nap1,Session 4,14,Reset,528.8318,3418.5658,2026-09-14 15:02:33.332,True,W
TT013,Nap1,Session 4,15,Reset,547.8728,3437.6068,2026-09-14 15:02:52.373,True,W
TT013,Nap1,Session 4,16,Reset,559.1664,3448.9004,2026-09-14 15:03:03.667,True,W
TT013,Nap1,Session 4,17,Reset,591.6421,3481.3761,2026-09-14 15:03:36.142,True,W
TT013,Nap1,Session 4,18,Reset,608.025,3497.759,2026-09-14 15:03:52.525,True,W
TT013,Nap1,Session 4,19,Reset,637.7166,3527.4506,2026-09-14 15:04:22.217,True,W
TT013,Nap1,Session 4,20,Response,684.228,3573.962,2026-09-14 15:05:08.728,True,W
TT013,Nap1,Session 4,21,Reset,702.5474,3592.2814,2026-09-14 15:05:27.048,True,W
TT013,Nap1,Session 4,22,Reset,719.3356,3609.0696,2026-09-14 15:05:43.836,True,W
TT013,Nap1,Session 4,23,Reset,731.6854,3621.4194,2026-09-14 15:05:56.186,True,W
TT013,Nap1,Session 4,24,Reset,772.7036,3662.4376,2026-09-14 15:06:37.204,True,W
TT013,Nap1,Session 4,25,Response,815.3655,3705.0995,2026-09-14 15:07:19.866,True,W
TT013,Nap1,Session 4,26,Reset,843.1273,3732.8613,2026-09-14 15:07:47.627,True,W
TT013,Nap1,Session 4,27,Reset,872.6366,3762.3706,2026-09-14 15:08:17.137,True,1
TT013,Nap1,Session 4,28,Reset,889.8486,3779.5826,2026-09-14 15:08:34.349,True,1
TT013,Nap1,Session 4,29,Reset,924.1611,3813.8951,2026-09-14 15:09:08.661,True,W
TT013,Nap1,Session 4,30,Reset,960.6293,3850.3633,2026-09-14 15:09:45.129,True,W
TT013,Nap1,Session 4,31,Response,962.9491,3852.6831,2026-09-14 15:09:47.449,True,W
TT013,Nap1,Session 4,32,Response,1004.8079,3894.5419,2026-09-14 15:10:29.308,True,W
TT013,Nap1,Session 4,33,Reset,1024.9864,3914.7204,2026-09-14 15:10:49.487,True,1
TT013,Nap1,Session 4,34,Reset,1039.581,3929.315,2026-09-14 15:11:04.081,True,1
TT013,Nap1,Session 4,35,Reset,1054.6964,3944.4304,2026-09-14 15:11:19.197,True,W
TT013,Nap1,Session 4,36,Response,1098.4881,3988.2221,2026-09-14 15:12:02.988,True,W
TT013,Nap1,Session 4,37,Reset,1109.4472,3999.1812,2026-09-14 15:12:13.947,True,W
TT013,Nap1,Session 4,38,Reset,1131.4991,4021.2331,2026-09-14 15:12:35.999,True,1
TT013,Nap1,Session 4,39,Reset,1166.1908,4055.9248,2026-09-14 15:13:10.691,True,W
TT013,Nap1,Session 4,40,Reset,1195.4548,4085.1888,2026-09-14 15:13:39.955,True,W
TT013,Nap1,Session 4,41,Response,1233.6927,4123.4267,2026-09-14 15:14:18.193,True,W
TT013,Nap1,Session 4,42,Response,1282.659,4172.393,2026-09-14 15:15:07.159,True,W
TT013,Nap1,Session 4,43,Reset,1339.6033,4229.3373,2026-09-14 15:16:04.103,True,W
TT013,Nap1,Session 4,44,Reset,1364.0942,4253.8282,2026-09-14 15:16:28.594,True,W
TT013,Nap1,Session 4,45,Reset,1374.4433,4264.1773,2026-09-14 15:16:38.943,True,1
TT013,Nap1,Session 4,46,Response,1444.6704,4334.4044,2026-09-14 15:17:49.171,True,W
TT013,Nap1,Session 4,47,Reset,1447.4361,4337.1701,2026-09-14 15:17:51.936,True,W
TT013,Nap1,Session 4,48,Response,1468.8227,4358.5567,2026-09-14 15:18:13.323,True,W
TT013,Nap1,Session 4,49,Reset,1509.1572,4398.8912,2026-09-14 15:18:53.657,True,1
TT013,Nap1,Session 4,50,Reset,1537.6406,4427.3746,2026-09-14 15:19:22.141,True,1
TT013,Nap1,Session 4,51,Response,1579.0457,4468.7797,2026-09-14 15:20:03.546,True,W
TT013,Nap1,Session 4,52,Response,1627.1945,4516.9285,2026-09-14 15:20:51.695,True,W
TT013,Nap1,Session 4,53,Reset,1670.1163,4559.8503,2026-09-14 15:21:34.616,True,W
TT013,Nap1,Session 4,54,Reset,1700.0533,4589.7873,2026-09-14 15:22:04.553,True,W
TT013,Nap1,Session 4,55,Reset,1731.7484,4621.4824,2026-09-14 15:22:36.249,True,W
TT013,Nap1,Session 4,56,Reset,1745.4955,4635.2295,2026-09-14 15:22:49.996,True,W
TT013,Nap1,Session 4,57,Reset,1792.016,4681.75,2026-09-14 15:23:36.516,True,W
TT013,Nap2,Session 5,1,Response,46.7862,5117.6522,2026-09-14 15:30:52.418,True,W
TT013,Nap2,Session 5,2,Response,91.0686,5161.9346,2026-09-14 15:31:36.701,True,W
TT013,Nap2,Session 5,3,Response,134.7934,5205.6594,2026-09-14 15:32:20.426,True,W
TT013,Nap2,Session 5,4,Response,287.6561,5358.5221,2026-09-14 15:34:53.288,True,W
TT013,Nap2,Session 5,5,Response,335.8679,5406.7339,2026-09-14 15:35:41.500,True,W
TT013,Nap2,Session 5,6,Response,385.0203,5455.8863,2026-09-14 15:36:30.652,True,W
TT013,Nap2,Session 5,7,Response,433.5706,5504.4366,2026-09-14 15:37:19.203,True,W
TT013,Nap2,Session 5,8,Reset,477.0946,5547.9606,2026-09-14 15:38:02.727,True,W
TT013,Nap2,Session 5,9,Response,524.8642,5595.7302,2026-09-14 15:38:50.496,True,W
TT013,Nap2,Session 5,10,Response,574.262,5645.128,2026-09-14 15:39:39.894,True,W
TT013,Nap2,Session 5,11,Response,626.1433,5697.0093,2026-09-14 15:40:31.775,True,W
TT013,Nap2,Session 5,12,Response,676.3809,5747.2469,2026-09-14 15:41:22.013,True,W
TT013,Nap2,Session 5,13,Reset,732.0907,5802.9567,2026-09-14 15:42:17.723,True,W
TT013,Nap2,Session 5,14,Response,781.4517,5852.3177,2026-09-14 15:43:07.084,True,W
TT013,Nap2,Session 5,15,Response,830.574,5901.44,2026-09-14 15:43:56.206,True,W
TT013,Nap2,Session 5,16,Response,874.3289,5945.1949,2026-09-14 15:44:39.961,True,W
TT013,Nap2,Session 5,17,Response,924.2397,5995.1057,2026-09-14 15:45:29.872,True,W
TT013,Nap2,Session 5,18,Response,1091.5186,6162.3846,2026-09-14 15:48:17.151,True,W
TT013,Nap2,Session 5,19,Response,1139.2358,6210.1018,2026-09-14 15:49:04.868,True,W
TT013,Nap2,Session 5,20,Response,1187.6076,6258.4736,2026-09-14 15:49:53.240,True,W
TT013,Nap2,Session 5,21,Response,1394.1282,6464.9942,2026-09-14 15:53:19.760,True,W
TT013,Nap2,Session 5,22,Response,1441.3178,6512.1838,2026-09-14 15:54:06.950,True,W
TT013,Nap2,Session 5,23,Response,1491.1093,6561.9753,2026-09-14 15:54:56.741,True,W
TT013,Nap2,Session 5,24,Response,1544.7527,6615.6187,2026-09-14 15:55:50.385,True,W
TT013,Nap2,Session 5,25,Response,1596.4924,6667.3584,2026-09-14 15:56:42.125,True,W
TT013,Nap2,Session 5,26,Response,1746.0463,6816.9123,2026-09-14 15:59:11.678,True,W
TT013,Nap2,Session 5,27,Response,1792.4108,6863.2768,2026-09-14 15:59:58.043,True,W
TT013,Nap2,Session 5,28,Response,1841.1316,6911.9976,2026-09-14 16:00:46.764,True,W
TT013,Nap2,Session 5,29,Response,1888.2098,6959.0758,2026-09-14 16:01:33.842,True,W
TT013,Nap2,Session 5,30,Reset,1903.8382,6974.7042,2026-09-14 16:01:49.470,True,W
TT013,Nap2,Session 5,31,Reset,1924.6188,6995.4848,2026-09-14 16:02:10.251,True,W
TT013,Nap2,Session 5,32,Response,1973.0576,7043.9236,2026-09-14 16:02:58.690,True,W
TT013,Nap2,Session 5,33,Response,2020.7301,7091.5961,2026-09-14 16:03:46.362,True,W
TT013,Nap2,Session 5,34,Response,2069.3696,7140.2356,2026-09-14 16:04:35.002,True,W
TT013,Nap2,Session 5,35,Reset,2103.5706,7174.4366,2026-09-14 16:05:09.203,True,W
TT013,Nap2,Session 5,36,Response,2154.6635,7225.5295,2026-09-14 16:06:00.296,True,W
TT013,Nap2,Session 5,37,Response,2204.0166,7274.8826,2026-09-14 16:06:49.649,True,W
TT013,Nap2,Session 5,38,Response,2248.2951,7319.1611,2026-09-14 16:07:33.927,True,W
TT013,Nap2,Session 5,39,Reset,2269.7081,7340.5741,2026-09-14 16:07:55.340,True,W
TT013,Nap2,Session 5,40,Reset,2295.6186,7366.4846,2026-09-14 16:08:21.251,True,W
TT013,Nap2,Session 5,41,Response,2345.351,7416.217,2026-09-14 16:09:10.983,True,W
TT013,Nap2,Session 5,42,Response,2392.8975,7463.7635,2026-09-14 16:09:58.530,True,W
TT013,Nap2,Session 5,43,Response,2442.3622,7513.2282,2026-09-14 16:10:47.994,True,W
TT013,Nap2,Session 5,44,Reset,2480.9794,7551.8454,2026-09-14 16:11:26.612,True,W
TT013,Nap2,Session 5,45,Reset,2507.2546,7578.1206,2026-09-14 16:11:52.887,True,W
TT013,Nap2,Session 5,46,Response,2560.288,7631.154,2026-09-14 16:12:45.920,True,W
TT013,Nap2,Session 5,47,Reset,2591.3363,7662.2023,2026-09-14 16:13:16.968,True,1
TT013,Nap2,Session 5,48,Response,2787.3215,7858.1875,2026-09-14 16:16:32.954,True,W
TT013,Nap2,Session 5,49,Response,2835.2473,7906.1133,2026-09-14 16:17:20.879,True,W
TT013,Nap2,Session 5,50,Response,2883.6598,7954.5258,2026-09-14 16:18:09.292,True,W
TT013,Nap2,Session 5,51,Reset,2908.7044,7979.5704,2026-09-14 16:18:34.337,True,W
TT013,Nap2,Session 5,52,Response,2958.5036,8029.3696,2026-09-14 16:19:24.136,True,W
TT013,Nap2,Session 5,53,Reset,2986.0279,8056.8939,2026-09-14 16:19:51.660,True,W
TT013,Nap2,Session 5,54,Response,3045.448,8116.314,2026-09-14 16:20:51.080,True,W
TT013,Nap2,Session 5,55,Response,3094.0205,8164.8865,2026-09-14 16:21:39.653,True,W
TT013,Nap2,Session 5,56,Response,3144.0166,8214.8826,2026-09-14 16:22:29.649,True,W
TT013,Nap2,Session 5,57,Reset,3233.8159,8304.6819,2026-09-14 16:23:59.448,True,2
TT013,Nap2,Session 5,58,Response,3473.4367,8544.3027,2026-09-14 16:27:59.069,True,W
TT013,Nap2,Session 5,59,Response,3518.1206,8588.9866,2026-09-14 16:28:43.753,True,W
TT013,Nap2,Session 5,60,Reset,3548.8343,8619.7003,2026-09-14 16:29:14.466,True,W
TT013,Nap2,Session 5,61,Response,3593.2098,8664.0758,2026-09-14 16:29:58.842,True,W
TT013,Nap2,Session 5,62,Reset,3616.6747,8687.5407,2026-09-14 16:30:22.307,True,W
TT013,Nap2,Session 5,63,Reset,3664.9495,8735.8155,2026-09-14 16:31:10.582,True,1
TT013,Nap2,Session 5,64,Reset,3738.7267,8809.5927,2026-09-14 16:32:24.359,True,W
TT013,Nap2,Session 5,65,Response,3927.1353,8998.0013,2026-09-14 16:35:32.767,True,W
TT013,Nap2,Session 5,66,Response,3974.7042,9045.5702,2026-09-14 16:36:20.336,True,W
TT013,Nap2,Session 5,67,Response,4020.5857,9091.4517,2026-09-14 16:37:06.218,True,W
TT013,Nap2,Session 5,68,Response,4289.3958,9360.2618,2026-09-14 16:41:35.028,True,W
TT013,Nap2,Session 5,69,Reset,4334.3473,9405.2133,2026-09-14 16:42:19.979,True,W
TT013,Nap2,Session 5,70,Reset,4387.2769,9458.1429,2026-09-14 16:43:12.909,True,W
TT013,Nap2,Session 5,71,Reset,4423.6113,9494.4773,2026-09-14 16:43:49.243,True,W
TT013,Nap2,Session 5,72,Response,4608.0576,9678.9236,2026-09-14 16:46:53.690,True,W
TT013,Nap2,Session 5,73,Response,4654.3027,9725.1687,2026-09-14 16:47:39.935,True,W
TT013,Nap2,Session 5,74,Reset,4672.1392,9743.0052,2026-09-14 16:47:57.771,True,W
TT013,Nap2,Session 5,75,Reset,4745.4179,9816.2839,2026-09-14 16:49:11.050,True,W
TT013,Nap2,Session 5,76,Response,4796.0948,9866.9608,2026-09-14 16:50:01.727,True,W
TT013,Nap2,Session 5,77,Reset,4835.864,9906.73,2026-09-14 16:50:41.496,True,W
TT013,Nap2,Session 5,78,Reset,4862.9421,9933.8081,2026-09-14 16:51:08.574,True,W
TT013,Nap2,Session 5,79,Reset,5139.5519,10210.4179,2026-09-14 16:55:45.184,True,W
TT013,Nap2,Session 5,80,Reset,5213.3213,10284.1873,2026-09-14 16:56:58.953,True,W
TT013,Nap2,Session 5,81,Reset,5241.7377,10312.6037,2026-09-14 16:57:27.370,True,W
TT013,Wake2,Session 7,1,Response,26.0704,11118.2744,2026-09-14 17:10:53.041,True,W
TT013,Wake2,Session 7,2,Response,53.7586,11145.9626,2026-09-14 17:11:20.729,True,W
TT013,Wake2,Session 7,3,Response,82.4795,11174.6835,2026-09-14 17:11:49.450,True,W
TT013,Wake2,Session 7,4,Response,110.539,11202.743,2026-09-14 17:12:17.509,True,W
TT013,Wake2,Session 7,5,Response,138.8216,11231.0256,2026-09-14 17:12:45.792,True,W
TT013,Wake2,Session 7,6,Response,166.6358,11258.8398,2026-09-14 17:13:13.606,True,W
TT013,Wake2,Session 7,7,Response,196.2567,11288.4607,2026-09-14 17:13:43.227,True,W
TT013,Wake2,Session 7,8,Response,224.0185,11316.2225,2026-09-14 17:14:10.989,True,W
TT013,Wake2,Session 7,9,Response,253.4386,11345.6426,2026-09-14 17:14:40.409,True,W
TT013,Wake2,Session 7,10,Response,284.7099,11376.9139,2026-09-14 17:15:11.680,True,W
TT013,Wake2,Session 7,11,Response,316.5834,11408.7874,2026-09-14 17:15:43.554,True,W
TT013,Wake2,Session 7,12,Reset,343.3494,11435.5534,2026-09-14 17:16:10.320,True,W
TT013,Wake2,Session 7,13,Response,374.4422,11466.6462,2026-09-14 17:16:41.412,True,W
TT013,Wake2,Session 7,14,Response,403.3717,11495.5757,2026-09-14 17:17:10.342,True,W
TT013,Wake2,Session 7,15,Response,432.5687,11524.7727,2026-09-14 17:17:39.539,True,W
TT013,Wake2,Session 7,16,Response,460.0707,11552.2747,2026-09-14 17:18:07.041,True,W
TT013,Wake2,Session 7,17,Response,490.316,11582.52,2026-09-14 17:18:37.286,True,W
TT013,Wake2,Session 7,18,Response,521.3643,11613.5683,2026-09-14 17:19:08.334,True,W
TT013,Wake2,Session 7,19,Response,551.4758,11643.6798,2026-09-14 17:19:38.446,True,W
TT013,Wake2,Session 7,20,Response,584.1077,11676.3117,2026-09-14 17:20:11.078,True,W
TT013,Wake2,Session 7,21,Response,613.5502,11705.7542,2026-09-14 17:20:40.520,True,W
TT013,Wake2,Session 7,22,Response,642.4573,11734.6613,2026-09-14 17:21:09.427,True,W
TT013,Wake2,Session 7,23,Response,670.45,11762.654,2026-09-14 17:21:37.420,True,W
TT013,Wake2,Session 7,24,Response,701.3644,11793.5684,2026-09-14 17:22:08.335,True,W
TT013,Wake2,Session 7,25,Response,730.6284,11822.8324,2026-09-14 17:22:37.599,True,W
TT013,Wake2,Session 7,26,Response,761.6098,11853.8138,2026-09-14 17:23:08.580,True,W
TT013,Wake2,Session 7,27,Response,792.2343,11884.4383,2026-09-14 17:23:39.204,True,W
TT013,Wake2,Session 7,28,Response,822.1004,11914.3044,2026-09-14 17:24:09.071,True,W
TT013,Wake2,Session 7,29,Response,857.7066,11949.9106,2026-09-14 17:24:44.677,True,W
TT013,Wake2,Session 7,30,Response,888.1526,11980.3566,2026-09-14 17:25:15.123,True,W
TT014,Wake1,Session 6,1,Response,29.5518,1437.0678,2026-09-17 14:15:30.803,True,W
TT014,Wake1,Session 6,2,Response,58.2102,1465.7262,2026-09-17 14:15:59.462,True,W
TT014,Wake1,Session 6,3,Response,85.4502,1492.9662,2026-09-17 14:16:26.702,True,W
TT014,Wake1,Session 6,4,Response,116.3958,1523.9118,2026-09-17 14:16:57.647,True,W
TT014,Wake1,Session 6,5,Response,147.4563,1554.9723,2026-09-17 14:17:28.708,True,W
TT014,Wake1,Session 6,6,Response,179.8201,1587.3361,2026-09-17 14:18:01.072,True,W
TT014,Wake1,Session 6,7,Response,217.7755,1625.2915,2026-09-17 14:18:39.027,True,W
TT014,Wake1,Session 6,8,Response,252.6935,1660.2095,2026-09-17 14:19:13.945,True,W
TT014,Wake1,Session 6,9,Response,290.2498,1697.7658,2026-09-17 14:19:51.501,True,W
TT014,Wake1,Session 6,10,Response,327.3924,1734.9084,2026-09-17 14:20:28.644,True,W
TT014,Wake1,Session 6,11,Response,366.5118,1774.0278,2026-09-17 14:21:07.763,True,W
TT014,Wake1,Session 6,12,Response,401.9251,1809.4411,2026-09-17 14:21:43.177,True,W
TT014,Wake1,Session 6,13,Response,440.4032,1847.9192,2026-09-17 14:22:21.655,True,W
TT014,Wake1,Session 6,14,Response,479.7179,1887.2339,2026-09-17 14:23:00.970,True,W
TT014,Wake1,Session 6,15,Response,514.4867,1922.0027,2026-09-17 14:23:35.738,True,W
TT014,Wake1,Session 6,16,Response,554.5794,1962.0954,2026-09-17 14:24:15.831,True,W
TT014,Wake1,Session 6,17,Response,591.7859,1999.3019,2026-09-17 14:24:53.038,True,W
TT014,Wake1,Session 6,18,Response,630.9601,2038.4761,2026-09-17 14:25:32.212,True,W
TT014,Wake1,Session 6,19,Response,669.1632,2076.6792,2026-09-17 14:26:10.415,True,W
TT014,Wake1,Session 6,20,Reset,696.4033,2103.9193,2026-09-17 14:26:37.655,True,W
TT014,Wake1,Session 6,21,Reset,789.8532,2197.3692,2026-09-17 14:28:11.105,True,W
TT014,Wake1,Session 6,22,Reset,965.2533,2372.7693,2026-09-17 14:31:06.505,False,W
TT014,Wake1,Session 6,23,Reset,1206.25,2613.766,2026-09-17 14:35:07.502,True,W
TT014,Nap1,Session 7,1,Response,29.4604,2643.5104,2026-09-17 14:35:37.246,True,W
TT014,Nap1,Session 7,2,Response,58.8215,2672.8715,2026-09-17 14:36:06.607,True,W
TT014,Nap1,Session 7,3,Response,90.0737,2704.1237,2026-09-17 14:36:37.859,True,W
TT014,Nap1,Session 7,4,Response,125.0811,2739.1311,2026-09-17 14:37:12.867,True,W
TT014,Nap1,Session 7,5,Response,164.6386,2778.6886,2026-09-17 14:37:52.424,True,W
TT014,Nap1,Session 7,6,Response,202.9184,2816.9684,2026-09-17 14:38:30.704,True,W
TT014,Nap1,Session 7,7,Reset,244.9277,2858.9777,2026-09-17 14:39:12.713,True,W
TT014,Nap1,Session 7,8,Reset,289.1363,2903.1863,2026-09-17 14:39:56.922,True,W
TT014,Nap1,Session 7,9,Reset,340.7031,2954.7531,2026-09-17 14:40:48.489,True,W
TT014,Nap1,Session 7,10,Reset,362.3992,2976.4492,2026-09-17 14:41:10.185,True,2
TT014,Nap1,Session 7,11,Reset,391.3515,3005.4015,2026-09-17 14:41:39.137,True,W
TT014,Nap1,Session 7,12,Reset,411.3851,3025.4351,2026-09-17 14:41:59.171,True,W
TT014,Nap1,Session 7,13,Reset,462.6453,3076.6953,2026-09-17 14:42:50.431,True,2
TT014,Nap1,Session 7,14,Reset,497.0663,3111.1163,2026-09-17 14:43:24.852,True,2
TT014,Nap1,Session 7,15,Reset,523.3097,3137.3597,2026-09-17 14:43:51.095,True,2
TT014,Nap2,Session 8,1,Response,30.6284,3504.2084,2026-09-17 14:49:57.944,True,W
TT014,Nap2,Session 8,2,Response,59.2485,3532.8285,2026-09-17 14:50:26.564,True,W
TT014,Nap2,Session 8,3,Response,90.654,3564.234,2026-09-17 14:50:57.970,True,W
TT014,Nap2,Session 8,4,Response,230.3043,3703.8843,2026-09-17 14:53:17.620,True,W
TT014,Nap2,Session 8,5,Response,261.9909,3735.5709,2026-09-17 14:53:49.307,True,W
TT014,Nap2,Session 8,6,Response,297.0763,3770.6563,2026-09-17 14:54:24.392,True,W
TT014,Nap2,Session 8,7,Response,322.4764,3796.0564,2026-09-17 14:54:49.792,True,W
TT014,Nap2,Session 8,8,Response,355.5686,3829.1486,2026-09-17 14:55:22.884,True,W
TT014,Nap2,Session 8,9,Response,486.736,3960.316,2026-09-17 14:57:34.052,True,W
TT014,Nap2,Session 8,10,Response,522.4603,3996.0403,2026-09-17 14:58:09.776,True,W
TT014,Nap2,Session 8,11,Response,557.391,4030.971,2026-09-17 14:58:44.707,True,W
TT014,Nap2,Session 8,12,Response,593.5753,4067.1553,2026-09-17 14:59:20.891,True,W
TT014,Nap2,Session 8,13,Response,610.1348,4083.7148,2026-09-17 14:59:37.450,True,W
TT014,Nap2,Session 8,14,Response,639.1638,4112.7438,2026-09-17 15:00:06.479,True,W
TT014,Nap2,Session 8,15,Response,668.6271,4142.2071,2026-09-17 15:00:35.943,True,W
TT014,Nap2,Session 8,16,Response,700.9526,4174.5326,2026-09-17 15:01:08.268,True,W
TT014,Nap2,Session 8,17,Response,839.0185,4312.5985,2026-09-17 15:03:26.334,True,W
TT014,Nap2,Session 8,18,Response,873.1839,4346.7639,2026-09-17 15:04:00.500,True,W
TT014,Nap2,Session 8,19,Response,908.806,4382.386,2026-09-17 15:04:36.122,True,W
TT014,Nap2,Session 8,20,Reset,933.5672,4407.1472,2026-09-17 15:05:00.883,True,W
TT014,Nap2,Session 8,21,Response,966.7105,4440.2905,2026-09-17 15:05:34.026,True,W
TT014,Nap2,Session 8,22,Reset,1001.8215,4475.4015,2026-09-17 15:06:09.137,True,2
TT014,Nap2,Session 8,23,Reset,1038.7199,4512.2999,2026-09-17 15:06:46.036,True,2
TT014,Nap2,Session 8,24,Response,1073.4475,4547.0275,2026-09-17 15:07:20.763,True,W
TT014,Nap2,Session 8,25,Reset,1097.4932,4571.0732,2026-09-17 15:07:44.809,True,W
TT014,Nap2,Session 8,26,Reset,1117.2216,4590.8016,2026-09-17 15:08:04.537,True,W
TT014,Nap2,Session 8,27,Reset,1144.5639,4618.1439,2026-09-17 15:08:31.880,True,W
TT014,Nap2,Session 8,28,Reset,1265.5605,4739.1405,2026-09-17 15:10:32.876,True,W
TT014,Nap2,Session 8,29,Response,1296.8638,4770.4438,2026-09-17 15:11:04.179,True,W
TT014,Nap2,Session 8,30,Response,1329.7004,4803.2804,2026-09-17 15:11:37.016,True,W
TT014,Nap2,Session 8,31,Reset,1354.4106,4827.9906,2026-09-17 15:12:01.726,True,W
TT014,Nap2,Session 8,32,Response,1388.2949,4861.8749,2026-09-17 15:12:35.611,True,W
TT014,Nap2,Session 8,33,Reset,1401.122,4874.702,2026-09-17 15:12:48.438,True,W
TT014,Nap2,Session 8,34,Reset,1425.9855,4899.5655,2026-09-17 15:13:13.301,True,W
TT014,Nap2,Session 8,35,Reset,1459.7421,4933.3221,2026-09-17 15:13:47.058,True,1
TT014,Nap2,Session 8,36,Reset,1506.966,4980.546,2026-09-17 15:14:34.282,True,2
TT014,Nap2,Session 8,37,Reset,1549.1799,5022.7599,2026-09-17 15:15:16.496,True,W
TT014,Nap2,Session 8,38,Reset,1649.8362,5123.4162,2026-09-17 15:16:57.152,True,W
TT014,Nap2,Session 8,39,Response,1678.8907,5152.4707,2026-09-17 15:17:26.206,True,W
TT014,Nap2,Session 8,40,Reset,1712.5706,5186.1506,2026-09-17 15:17:59.886,True,W
TT014,Nap2,Session 8,41,Reset,1754.7515,5228.3315,2026-09-17 15:18:42.067,True,W
TT014,Nap2,Session 8,42,Reset,1780.5094,5254.0894,2026-09-17 15:19:07.825,True,1
TT014,Nap2,Session 8,43,Reset,1797.2464,5270.8264,2026-09-17 15:19:24.562,True,1
TT014,Nap2,Session 8,44,Response,2005.432,5479.012,2026-09-17 15:22:52.748,True,W
TT014,Nap2,Session 8,45,Reset,2060.0487,5533.6287,2026-09-17 15:23:47.364,True,1
TT014,Nap2,Session 8,46,Reset,2099.964,5573.544,2026-09-17 15:24:27.280,True,1
TT014,Nap2,Session 8,47,Reset,2193.3373,5666.9173,2026-09-17 15:26:00.653,True,2
TT014,Nap2,Session 8,48,Reset,2293.6103,5767.1903,2026-09-17 15:27:40.926,True,W
TT014,Nap2,Session 8,49,Response,2323.4059,5796.9859,2026-09-17 15:28:10.722,True,W
TT014,Nap2,Session 8,50,Response,2351.2337,5824.8137,2026-09-17 15:28:38.549,True,W
TT014,Nap2,Session 8,51,Response,2381.6426,5855.2226,2026-09-17 15:29:08.958,True,W
TT014,Nap2,Session 8,52,Reset,2410.7482,5884.3282,2026-09-17 15:29:38.064,True,W
TT014,Nap2,Session 8,53,Response,2440.7993,5914.3793,2026-09-17 15:30:08.115,True,W
TT014,Nap2,Session 8,54,Reset,2472.4348,5946.0148,2026-09-17 15:30:39.750,True,W
TT014,Nap2,Session 8,55,Reset,2510.5087,5984.0887,2026-09-17 15:31:17.824,True,2
TT014,Nap2,Session 8,56,Reset,2550.0918,6023.6718,2026-09-17 15:31:57.407,True,2
TT014,Nap2,Session 8,57,Reset,2645.6372,6119.2172,2026-09-17 15:33:32.953,True,W
TT014,Nap2,Session 8,58,Response,2675.535,6149.115,2026-09-17 15:34:02.851,True,W
TT014,Nap2,Session 8,59,Response,2705.4328,6179.0128,2026-09-17 15:34:32.748,True,W
TT014,Nap2,Session 8,60,Reset,2747.7488,6221.3288,2026-09-17 15:35:15.064,True,W
TT014,Nap2,Session 8,61,Reset,2795.075,6268.655,2026-09-17 15:36:02.391,True,2
TT014,Nap2,Session 8,62,Reset,2811.3265,6284.9065,2026-09-17 15:36:18.642,True,2
TT014,Nap2,Session 8,63,Reset,3001.5484,6475.1284,2026-09-17 15:39:28.864,True,W
TT014,Nap2,Session 8,64,Response,3027.383,6500.963,2026-09-17 15:39:54.699,True,W
TT014,Nap2,Session 8,65,Response,3058.4818,6532.0618,2026-09-17 15:40:25.797,True,W
TT014,Nap2,Session 8,66,Reset,3083.8053,6557.3853,2026-09-17 15:40:51.121,True,2
TT014,Nap2,Session 8,67,Reset,3116.233,6589.813,2026-09-17 15:41:23.549,True,2
TT014,Nap2,Session 8,68,Reset,3138.4899,6612.0699,2026-09-17 15:41:45.806,True,2
TT014,Nap2,Session 8,69,Reset,3232.0164,6705.5964,2026-09-17 15:43:19.332,True,W
TT014,Nap2,Session 8,70,Response,3259.4354,6733.0154,2026-09-17 15:43:46.751,True,W
TT014,Nap2,Session 8,71,Reset,3283.6103,6757.1903,2026-09-17 15:44:10.926,True,W
TT014,Nap2,Session 8,72,Reset,3316.2155,6789.7955,2026-09-17 15:44:43.531,True,W
TT014,Nap2,Session 8,73,Reset,3343.5081,6817.0881,2026-09-17 15:45:10.824,True,W
TT014,Nap2,Session 8,74,Reset,3364.3083,6837.8883,2026-09-17 15:45:31.624,True,W
TT014,Nap2,Session 8,75,Reset,3397.1449,6870.7249,2026-09-17 15:46:04.461,True,W
TT014,Nap2,Session 8,76,Reset,3498.4132,6971.9932,2026-09-17 15:47:45.729,True,W
TT014,Nap2,Session 8,77,Response,3525.3466,6998.9266,2026-09-17 15:48:12.662,True,W
TT014,Nap2,Session 8,78,Response,3554.2149,7027.7949,2026-09-17 15:48:41.531,True,W
TT014,Nap2,Session 8,79,Response,3582.5282,7056.1082,2026-09-17 15:49:09.844,True,W
TT014,Nap2,Session 8,80,Response,3615.6715,7089.2515,2026-09-17 15:49:42.987,True,W
TT014,Nap2,Session 8,81,Reset,3646.7704,7120.3504,2026-09-17 15:50:14.086,True,W
TT014,Nap2,Session 8,82,Response,3677.4859,7151.0659,2026-09-17 15:50:44.802,True,W
TT014,Nap2,Session 8,83,Reset,3691.233,7164.813,2026-09-17 15:50:58.549,True,W
TT014,Nap2,Session 8,84,Reset,3710.1765,7183.7565,2026-09-17 15:51:17.492,True,1
TT014,Nap2,Session 8,85,Reset,3735.151,7208.731,2026-09-17 15:51:42.467,True,2
TT014,Nap2,Session 8,86,Reset,3750.9438,7224.5238,2026-09-17 15:51:58.259,True,2
TT014,Nap2,Session 8,87,Reset,3769.7508,7243.3308,2026-09-17 15:52:17.066,True,2
TT014,Nap2,Session 8,88,Reset,3784.7004,7258.2804,2026-09-17 15:52:32.016,True,2
TT014,Nap2,Session 8,89,Reset,3808.6184,7282.1984,2026-09-17 15:52:55.934,True,2
TT014,Nap2,Session 8,90,Reset,3824.2565,7297.8365,2026-09-17 15:53:11.572,True,W
TT014,Nap2,Session 8,91,Reset,3919.1631,7392.7431,2026-09-17 15:54:46.479,True,W
TT014,Nap2,Session 8,92,Response,3947.6042,7421.1842,2026-09-17 15:55:14.920,True,W
TT014,Nap2,Session 8,93,Reset,3964.8538,7438.4338,2026-09-17 15:55:32.169,True,W
TT014,Nap2,Session 8,94,Response,3989.8961,7463.4761,2026-09-17 15:55:57.212,True,W
TT014,Nap2,Session 8,95,Reset,4010.2619,7483.8419,2026-09-17 15:56:17.578,True,W
TT014,Nap2,Session 8,96,Response,4040.9264,7514.5064,2026-09-17 15:56:48.242,True,W
TT014,Nap2,Session 8,97,Response,4071.7441,7545.3241,2026-09-17 15:57:19.060,True,W
TT014,Nap2,Session 8,98,Reset,4086.5659,7560.1459,2026-09-17 15:57:33.882,True,W
TT014,Nap2,Session 8,99,Response,4117.4092,7590.9892,2026-09-17 15:58:04.725,True,W
TT014,Nap2,Session 8,100,Response,4146.9492,7620.5292,2026-09-17 15:58:34.265,True,W
TT014,Nap2,Session 8,101,Reset,4169.9217,7643.5017,2026-09-17 15:58:57.237,True,W
TT014,Nap2,Session 8,102,Reset,4204.6238,7678.2038,2026-09-17 15:59:31.939,True,W
TT014,Nap2,Session 8,103,Reset,4217.1953,7690.7753,2026-09-17 15:59:44.511,True,W
TT014,Nap2,Session 8,104,Reset,4239.2404,7712.8204,2026-09-17 16:00:06.556,True,W
TT014,Nap2,Session 8,105,Reset,4260.8073,7734.3873,2026-09-17 16:00:28.123,True,W
TT014,Nap2,Session 8,106,Reset,4290.194,7763.774,2026-09-17 16:00:57.510,True,2
TT014,Nap2,Session 8,107,Reset,4325.4583,7799.0383,2026-09-17 16:01:32.774,True,2
TT014,Nap2,Session 8,108,Reset,4361.387,7834.967,2026-09-17 16:02:08.703,True,W
TT014,Nap2,Session 8,109,Reset,4453.3803,7926.9603,2026-09-17 16:03:40.696,True,W
TT014,Nap2,Session 8,110,Response,4480.0071,7953.5871,2026-09-17 16:04:07.323,True,W
TT014,Nap2,Session 8,111,Response,4510.6715,7984.2515,2026-09-17 16:04:37.987,True,W
TT014,Nap2,Session 8,112,Reset,4538.0905,8011.6705,2026-09-17 16:05:05.406,True,W
TT014,Nap2,Session 8,113,Reset,4549.7421,8023.3221,2026-09-17 16:05:17.058,True,W
TT014,Nap2,Session 8,114,Response,4577.851,8051.431,2026-09-17 16:05:45.167,True,1
TT014,Nap2,Session 8,115,Reset,4591.804,8065.384,2026-09-17 16:05:59.120,True,1
TT014,Nap2,Session 8,116,Reset,4600.6204,8074.2004,2026-09-17 16:06:07.936,True,2
TT014,Nap2,Session 8,117,Reset,4623.0817,8096.6617,2026-09-17 16:06:30.397,True,2
TT014,Nap2,Session 8,118,Reset,4686.8638,8160.4438,2026-09-17 16:07:34.179,True,2
TT014,Nap2,Session 8,119,Reset,4717.7582,8191.3382,2026-09-17 16:08:05.074,True,2
TT014,Nap2,Session 8,120,Reset,4905.7811,8379.3611,2026-09-17 16:11:13.097,True,W
TT014,Nap2,Session 8,121,Response,4934.726,8408.306,2026-09-17 16:11:42.042,True,W
TT014,Nap2,Session 8,122,Reset,4963.8827,8437.4627,2026-09-17 16:12:11.198,True,W
TT014,Nap2,Session 8,123,Reset,4996.3615,8469.9415,2026-09-17 16:12:43.677,True,W
TT014,Nap2,Session 8,124,Reset,5009.5975,8483.1775,2026-09-17 16:12:56.913,True,W
TT014,Nap2,Session 8,125,Reset,5123.0554,8596.6354,2026-09-17 16:14:50.371,True,W
TT014,Nap2,Session 8,126,Response,5154.1543,8627.7343,2026-09-17 16:15:21.470,True,W
TT014,Nap2,Session 8,127,Response,5186.5309,8660.1109,2026-09-17 16:15:53.847,True,W
TT014,Nap2,Session 8,128,Reset,5220.8497,8694.4297,2026-09-17 16:16:28.165,True,1
TT014,Nap2,Session 8,129,Reset,5256.0884,8729.6684,2026-09-17 16:17:03.404,True,W
TT014,Nap2,Session 8,130,Reset,5272.2632,8745.8432,2026-09-17 16:17:19.579,True,W
TT014,Nap2,Session 8,131,Reset,5288.465,8762.045,2026-09-17 16:17:35.781,True,W
TT014,Nap2,Session 8,132,Reset,5301.2922,8774.8722,2026-09-17 16:17:48.608,True,W
TT014,Nap2,Session 8,133,Reset,5401.8208,8875.4008,2026-09-17 16:19:29.136,False,W
TT014,Wake2,Session 9,1,Reset,2.4079,9491.2959,2026-09-17 16:29:45.032,True,W
TT014,Wake2,Session 9,2,Response,25.1503,9514.0383,2026-09-17 16:30:07.774,True,W
TT014,Wake2,Session 9,3,Response,48.4294,9537.3174,2026-09-17 16:30:31.053,True,W
TT014,Wake2,Session 9,4,Response,72.1684,9561.0564,2026-09-17 16:30:54.792,True,W
TT014,Wake2,Session 9,5,Response,92.9701,9581.8581,2026-09-17 16:31:15.594,True,W
TT014,Wake2,Session 9,6,Response,115.7636,9604.6516,2026-09-17 16:31:38.387,True,W
TT014,Wake2,Session 9,7,Response,136.9216,9625.8096,2026-09-17 16:31:59.545,True,W
TT014,Wake2,Session 9,8,Response,159.9196,9648.8076,2026-09-17 16:32:22.543,True,W
TT014,Wake2,Session 9,9,Response,186.4697,9675.3577,2026-09-17 16:32:49.093,True,W
TT014,Wake2,Session 9,10,Response,210.6957,9699.5837,2026-09-17 16:33:13.319,True,W
TT014,Wake2,Session 9,11,Response,233.7448,9722.6328,2026-09-17 16:33:36.368,True,W
TT014,Wake2,Session 9,12,Response,260.2438,9749.1318,2026-09-17 16:34:02.867,True,W
TT014,Wake2,Session 9,13,Response,289.656,9778.544,2026-09-17 16:34:32.280,True,W
TT014,Wake2,Session 9,14,Response,315.925,9804.813,2026-09-17 16:34:58.549,True,W
TT014,Wake2,Session 9,15,Response,339.9963,9828.8843,2026-09-17 16:35:22.620,True,W
TT014,Wake2,Session 9,16,Response,367.0319,9855.9199,2026-09-17 16:35:49.656,True,W
TT014,Wake2,Session 9,17,Response,396.1119,9884.9999,2026-09-17 16:36:18.736,True,W
TT014,Wake2,Session 9,18,Response,423.0468,9911.9348,2026-09-17 16:36:45.670,True,W
TT014,Wake2,Session 9,19,Response,449.4946,9938.3826,2026-09-17 16:37:12.118,True,W
TT014,Wake2,Session 9,20,Response,476.0447,9964.9327,2026-09-17 16:37:38.668,True,W
TT014,Wake2,Session 9,21,Response,504.5881,9993.4761,2026-09-17 16:38:07.212,True,W
TT014,Wake2,Session 9,22,Response,534.6392,10023.5272,2026-09-17 16:38:37.263,True,W
TT014,Wake2,Session 9,23,Response,563.1796,10052.0676,2026-09-17 16:39:05.803,True,W
TT014,Wake2,Session 9,24,Response,592.3855,10081.2735,2026-09-17 16:39:35.009,True,W
TT014,Wake2,Session 9,25,Response,625.0751,10113.9631,2026-09-17 16:40:07.699,True,W
TT014,Wake2,Session 9,26,Response,655.8947,10144.7827,2026-09-17 16:40:38.518,True,W
TT014,Wake2,Session 9,27,Response,685.7923,10174.6803,2026-09-17 16:41:08.416,True,W
TT014,Wake2,Session 9,28,Response,714.3835,10203.2715,2026-09-17 16:41:37.007,True,W
TT014,Wake2,Session 9,29,Response,745.6386,10234.5266,2026-09-17 16:42:08.262,True,W
TT014,Wake2,Session 9,30,Response,780.0956,10268.9836,2026-09-17 16:42:42.719,True,W
TT014,Wake2,Session 9,31,Response,810.6591,10299.5471,2026-09-17 16:43:13.283,True,W
TT014,Wake2,Session 9,32,Response,841.7605,10330.6485,2026-09-17 16:43:44.384,True,W
TT014,Wake2,Session 9,33,Response,870.2749,10359.1629,2026-09-17 16:44:12.899,True,W
TT015,Wake1,Session 3,1,Response,26.7068,1603.9648,2026-09-18 14:24:49.541,True,W
TT015,Wake1,Session 3,2,Response,56.1414,1633.3994,2026-09-18 14:25:18.975,True,W
TT015,Wake1,Session 3,3,Response,85.8068,1663.0648,2026-09-18 14:25:48.641,True,W
TT015,Wake1,Session 3,4,Response,114.2678,1691.5258,2026-09-18 14:26:17.102,True,W
TT015,Wake1,Session 3,5,Response,143.335,1720.593,2026-09-18 14:26:46.169,True,W
TT015,Wake1,Session 3,6,Response,170.4499,1747.7079,2026-09-18 14:27:13.284,True,W
TT015,Wake1,Session 3,7,Response,199.9816,1777.2396,2026-09-18 14:27:42.815,True,W
TT015,Wake1,Session 3,8,Response,229.2678,1806.5258,2026-09-18 14:28:12.102,True,W
TT015,Wake1,Session 3,9,Response,261.9443,1839.2023,2026-09-18 14:28:44.778,True,W
TT015,Wake1,Session 3,10,Response,292.7026,1869.9606,2026-09-18 14:29:15.536,True,W
TT015,Wake1,Session 3,11,Response,321.8852,1899.1432,2026-09-18 14:29:44.719,True,W
TT015,Wake1,Session 3,12,Response,355.5208,1932.7788,2026-09-18 14:30:18.355,True,W
TT015,Wake1,Session 3,13,Response,389.2901,1966.5481,2026-09-18 14:30:52.124,True,W
TT015,Wake1,Session 3,14,Response,421.6098,1998.8678,2026-09-18 14:31:24.444,True,W
TT015,Wake1,Session 3,15,Response,454.5617,2031.8197,2026-09-18 14:31:57.395,True,W
TT015,Wake1,Session 3,16,Response,487.1266,2064.3846,2026-09-18 14:32:29.960,True,W
TT015,Wake1,Session 3,17,Response,516.9705,2094.2285,2026-09-18 14:32:59.804,True,W
TT015,Wake1,Session 3,18,Response,537.5359,2114.7939,2026-09-18 14:33:20.370,True,W
TT015,Wake1,Session 3,19,Response,571.7068,2148.9648,2026-09-18 14:33:54.541,True,W
TT015,Wake1,Session 3,20,Response,609.2009,2186.4589,2026-09-18 14:34:32.035,True,W
TT015,Wake1,Session 3,21,Response,642.1975,2219.4555,2026-09-18 14:35:05.031,True,W
TT015,Wake1,Session 3,22,Response,678.6879,2255.9459,2026-09-18 14:35:41.522,True,W
TT015,Wake1,Session 3,23,Response,712.5766,2289.8346,2026-09-18 14:36:15.410,True,W
TT015,Wake1,Session 3,24,Response,749.5578,2326.8158,2026-09-18 14:36:52.392,True,W
TT015,Wake1,Session 3,25,Response,789.9593,2367.2173,2026-09-18 14:37:32.793,True,W
TT015,Wake1,Session 3,26,Response,825.3869,2402.6449,2026-09-18 14:38:08.221,True,W
TT015,Wake1,Session 3,27,Response,858.3311,2435.5891,2026-09-18 14:38:41.165,True,W
TT015,Wake1,Session 3,28,Response,886.5914,2463.8494,2026-09-18 14:39:09.425,True,W
TT015,Nap1,Session 4,1,Response,35.1994,2853.6554,2026-09-18 14:45:39.231,True,W
TT015,Nap1,Session 4,2,Response,71.7199,2890.1759,2026-09-18 14:46:15.752,True,W
TT015,Nap1,Session 4,3,Response,112.5452,2931.0012,2026-09-18 14:46:56.577,True,W
TT015,Nap1,Session 4,4,Response,152.5898,2971.0458,2026-09-18 14:47:36.622,True,W
TT015,Nap1,Session 4,5,Response,200.8501,3019.3061,2026-09-18 14:48:24.882,True,W
TT015,Nap1,Session 4,6,Response,248.545,3067.001,2026-09-18 14:49:12.577,True,W
TT015,Nap1,Session 4,7,Reset,280.9839,3099.4399,2026-09-18 14:49:45.016,True,W
TT015,Nap1,Session 4,8,Response,322.1883,3140.6443,2026-09-18 14:50:26.220,True,W
TT015,Nap1,Session 4,9,Response,363.5489,3182.0049,2026-09-18 14:51:07.581,True,W
TT015,Nap1,Session 4,10,Response,404.6864,3223.1424,2026-09-18 14:51:48.718,True,W
TT015,Nap1,Session 4,11,Response,452.1214,3270.5774,2026-09-18 14:52:36.153,True,W
TT015,Nap1,Session 4,12,Reset,485.8016,3304.2576,2026-09-18 14:53:09.833,True,W
TT015,Nap1,Session 4,13,Response,527.2067,3345.6627,2026-09-18 14:53:51.238,True,W
TT015,Nap1,Session 4,14,Reset,566.2253,3384.6813,2026-09-18 14:54:30.257,True,W
TT015,Nap1,Session 4,15,Response,604.0172,3422.4732,2026-09-18 14:55:08.049,True,W
TT015,Nap1,Session 4,16,Response,639.1472,3457.6032,2026-09-18 14:55:43.179,True,W
TT015,Nap1,Session 4,17,Response,677.4744,3495.9304,2026-09-18 14:56:21.506,True,W
TT015,Nap1,Session 4,18,Response,712.5229,3530.9789,2026-09-18 14:56:56.555,True,W
TT015,Nap1,Session 4,19,Response,746.7461,3565.2021,2026-09-18 14:57:30.778,True,W
TT015,Nap1,Session 4,20,Response,784.1065,3602.5625,2026-09-18 14:58:08.138,True,W
TT015,Nap1,Session 4,21,Response,824.1957,3642.6517,2026-09-18 14:58:48.227,True,W
TT015,Nap1,Session 4,22,Response,861.3631,3679.8191,2026-09-18 14:59:25.395,True,W
TT015,Nap1,Session 4,23,Response,903.928,3722.384,2026-09-18 15:00:07.960,True,W
TT015,Nap1,Session 4,24,Response,951.2738,3769.7298,2026-09-18 15:00:55.306,True,W
TT015,Nap1,Session 4,25,Response,996.3592,3814.8152,2026-09-18 15:01:40.391,True,W
TT015,Nap1,Session 4,26,Response,1040.4486,3858.9046,2026-09-18 15:02:24.480,True,W
TT015,Nap1,Session 4,27,Response,1099.2219,3917.6779,2026-09-18 15:03:23.254,True,W
TT015,Nap1,Session 4,28,Response,1142.5898,3961.0458,2026-09-18 15:04:06.622,True,W
TT015,Nap1,Session 4,29,Response,1192.2775,4010.7335,2026-09-18 15:04:56.309,True,W
TT015,Nap1,Session 4,30,Response,1230.7386,4049.1946,2026-09-18 15:05:34.770,True,W
TT015,Nap1,Session 4,31,Response,1282.9244,4101.3804,2026-09-18 15:06:26.956,True,W
TT015,Nap1,Session 4,32,Response,1331.7199,4150.1759,2026-09-18 15:07:15.752,True,W
TT015,Nap1,Session 4,33,Reset,1383.6381,4202.0941,2026-09-18 15:08:07.670,True,W
TT015,Nap1,Session 4,34,Response,1419.7126,4238.1686,2026-09-18 15:08:43.744,True,W
TT015,Nap2,Session 5,1,Response,36.0167,4718.9207,2026-09-18 15:16:44.496,True,W
TT015,Nap2,Session 5,2,Response,67.8233,4750.7273,2026-09-18 15:17:16.303,True,W
TT015,Nap2,Session 5,3,Response,103.4072,4786.3112,2026-09-18 15:17:51.887,True,W
TT015,Nap2,Session 5,4,Response,280.2768,4963.1808,2026-09-18 15:20:48.757,True,W
TT015,Nap2,Session 5,5,Response,321.2805,5004.1845,2026-09-18 15:21:29.760,True,W
TT015,Nap2,Session 5,6,Response,361.2214,5044.1254,2026-09-18 15:22:09.701,True,W
TT015,Nap2,Session 5,7,Response,410.2099,5093.1139,2026-09-18 15:22:58.690,True,W
TT015,Nap2,Session 5,8,Response,457.3773,5140.2813,2026-09-18 15:23:45.857,True,W
TT015,Nap2,Session 5,9,Response,648.2878,5331.1918,2026-09-18 15:26:56.768,True,W
TT015,Nap2,Session 5,10,Response,689.6077,5372.5117,2026-09-18 15:27:38.087,True,W
TT015,Nap2,Session 5,11,Response,728.9831,5411.8871,2026-09-18 15:28:17.463,True,W
TT015,Nap2,Session 5,12,Response,772.3812,5455.2852,2026-09-18 15:29:00.861,True,W
TT015,Nap2,Session 5,13,Response,818.4032,5501.3072,2026-09-18 15:29:46.883,True,W
TT015,Nap2,Session 5,14,Response,862.5596,5545.4636,2026-09-18 15:30:31.039,True,W
TT015,Nap2,Session 5,15,Response,905.8383,5588.7423,2026-09-18 15:31:14.318,True,W
TT015,Nap2,Session 5,16,Response,1076.1282,5759.0322,2026-09-18 15:34:04.608,True,W
TT015,Nap2,Session 5,17,Response,1110.9091,5793.8131,2026-09-18 15:34:39.389,True,W
TT015,Nap2,Session 5,18,Response,1145.7045,5828.6085,2026-09-18 15:35:14.184,True,W
TT015,Nap2,Session 5,19,Response,1180.589,5863.493,2026-09-18 15:35:49.069,True,W
TT015,Nap2,Session 5,20,Response,1215.8383,5898.7423,2026-09-18 15:36:24.318,True,W
TT015,Nap2,Session 5,21,Response,1251.4444,5934.3484,2026-09-18 15:36:59.924,True,W
TT015,Nap2,Session 5,22,Response,1286.0613,5968.9653,2026-09-18 15:37:34.541,True,W
TT015,Nap2,Session 5,23,Response,1323.7194,6006.6234,2026-09-18 15:38:12.199,True,W
TT015,Nap2,Session 5,24,Response,1484.6261,6167.5301,2026-09-18 15:40:53.106,True,W
TT015,Nap2,Session 5,25,Response,1524.7677,6207.6717,2026-09-18 15:41:33.247,True,W
TT015,Nap2,Session 5,26,Response,1562.4704,6245.3744,2026-09-18 15:42:10.950,True,W
TT015,Nap2,Session 5,27,Response,1595.8606,6278.7646,2026-09-18 15:42:44.340,True,W
TT015,Nap2,Session 5,28,Response,1629.2062,6312.1102,2026-09-18 15:43:17.686,True,W
TT015,Nap2,Session 5,29,Response,1667.2657,6350.1697,2026-09-18 15:43:55.745,True,W
TT015,Nap2,Session 5,30,Response,1703.3625,6386.2665,2026-09-18 15:44:31.842,True,W
TT015,Nap2,Session 5,31,Response,1736.2621,6419.1661,2026-09-18 15:45:04.742,True,W
TT015,Nap2,Session 5,32,Response,1888.0464,6570.9504,2026-09-18 15:47:36.526,True,W
TT015,Nap2,Session 5,33,Response,1921.8905,6604.7945,2026-09-18 15:48:10.370,True,W
TT015,Nap2,Session 5,34,Response,1955.303,6638.207,2026-09-18 15:48:43.783,True,W
TT015,Nap2,Session 5,35,Response,1991.615,6674.519,2026-09-18 15:49:20.095,True,W
TT015,Nap2,Session 5,36,Response,2028.2025,6711.1065,2026-09-18 15:49:56.682,True,W
TT015,Nap2,Session 5,37,Response,2062.801,6745.705,2026-09-18 15:50:31.281,True,W
TT015,Nap2,Session 5,38,Response,2098.2064,6781.1104,2026-09-18 15:51:06.686,True,W
TT015,Nap2,Session 5,39,Response,2135.3214,6818.2254,2026-09-18 15:51:43.801,True,W
TT015,Nap2,Session 5,40,Response,2302.065,6984.969,2026-09-18 15:54:30.545,True,W
TT015,Nap2,Session 5,41,Response,2336.9128,7019.8168,2026-09-18 15:55:05.393,True,W
TT015,Nap2,Session 5,42,Response,2372.4665,7055.3705,2026-09-18 15:55:40.946,True,W
TT015,Nap2,Session 5,43,Response,2408.251,7091.155,2026-09-18 15:56:16.731,True,W
TT015,Nap2,Session 5,44,Response,2448.0726,7130.9766,2026-09-18 15:56:56.552,True,W
TT015,Nap2,Session 5,45,Response,2484.9199,7167.8239,2026-09-18 15:57:33.400,True,W
TT015,Nap2,Session 5,46,Response,2523.604,7206.508,2026-09-18 15:58:12.084,True,W
TT015,Nap2,Session 5,47,Response,2565.0091,7247.9131,2026-09-18 15:58:53.489,True,W
TT015,Nap2,Session 5,48,Response,2751.9089,7434.8129,2026-09-18 16:02:00.389,True,W
TT015,Nap2,Session 5,49,Response,2784.8162,7467.7202,2026-09-18 16:02:33.296,True,W
TT015,Nap2,Session 5,50,Response,2818.5856,7501.4896,2026-09-18 16:03:07.065,True,W
TT015,Nap2,Session 5,51,Response,2852.868,7535.772,2026-09-18 16:03:41.348,True,W
TT015,Nap2,Session 5,52,Response,2884.7939,7567.6979,2026-09-18 16:04:13.274,True,W
TT015,Nap2,Session 5,53,Response,2919.5893,7602.4933,2026-09-18 16:04:48.069,True,W
TT015,Nap2,Session 5,54,Response,2956.0797,7638.9837,2026-09-18 16:05:24.559,True,W
TT015,Nap2,Session 5,55,Response,2994.9199,7677.8239,2026-09-18 16:06:03.400,True,W
TT015,Nap2,Session 5,56,Response,3182.8092,7865.7132,2026-09-18 16:09:11.289,True,W
TT015,Nap2,Session 5,57,Response,3217.5376,7900.4416,2026-09-18 16:09:46.017,True,W
TT015,Nap2,Session 5,58,Response,3251.9538,7934.8578,2026-09-18 16:10:20.434,True,W
TT015,Nap2,Session 5,59,Response,3285.121,7968.025,2026-09-18 16:10:53.601,True,W
TT015,Nap2,Session 5,60,Response,3316.4001,7999.3041,2026-09-18 16:11:24.880,True,W
TT015,Nap2,Session 5,61,Response,3347.9614,8030.8654,2026-09-18 16:11:56.441,True,W
TT015,Nap2,Session 5,62,Response,3379.9018,8062.8058,2026-09-18 16:12:28.382,True,W
TT015,Nap2,Session 5,63,Response,3415.9239,8098.8279,2026-09-18 16:13:04.404,True,W
TT015,Nap2,Session 5,64,Response,3607.2253,8290.1293,2026-09-18 16:16:15.705,True,W
TT015,Nap2,Session 5,65,Response,3642.2437,8325.1477,2026-09-18 16:16:50.723,True,W
TT015,Nap2,Session 5,66,Response,3674.095,8356.999,2026-09-18 16:17:22.575,True,W
TT015,Nap2,Session 5,67,Response,3709.6565,8392.5605,2026-09-18 16:17:58.136,True,W
TT015,Nap2,Session 5,68,Response,3740.3702,8423.2742,2026-09-18 16:18:28.850,True,W
TT015,Nap2,Session 5,69,Response,3774.318,8457.222,2026-09-18 16:19:02.798,True,W
TT015,Nap2,Session 5,70,Response,3811.5077,8494.4117,2026-09-18 16:19:39.987,True,W
TT015,Nap2,Session 5,71,Response,3845.9239,8528.8279,2026-09-18 16:20:14.404,True,W
TT015,Nap2,Session 5,72,Response,4029.4111,8712.3151,2026-09-18 16:23:17.891,True,W
TT015,Nap2,Session 5,73,Response,4065.8793,8748.7833,2026-09-18 16:23:54.359,True,W
TT015,Nap2,Session 5,74,Response,4101.7308,8784.6348,2026-09-18 16:24:30.211,True,W
TT015,Nap2,Session 5,75,Response,4135.1288,8818.0328,2026-09-18 16:25:03.609,True,W
TT015,Nap2,Session 5,76,Response,4165.8124,8848.7164,2026-09-18 16:25:34.292,True,W
TT015,Nap2,Session 5,77,Response,4196.69,8879.594,2026-09-18 16:26:05.170,True,W
TT015,Nap2,Session 5,78,Response,4231.7531,8914.6571,2026-09-18 16:26:40.233,True,W
TT015,Nap2,Session 5,79,Response,4269.2327,8952.1367,2026-09-18 16:27:17.712,True,W
TT015,Nap2,Session 5,80,Response,4479.1035,9162.0075,2026-09-18 16:30:47.583,True,W
TT015,Nap2,Session 5,81,Response,4511.1332,9194.0372,2026-09-18 16:31:19.613,True,W
TT015,Nap2,Session 5,82,Response,4542.3376,9225.2416,2026-09-18 16:31:50.817,True,W
TT015,Nap2,Session 5,83,Response,4576.6501,9259.5541,2026-09-18 16:32:25.130,True,W
TT015,Nap2,Session 5,84,Response,4606.9177,9289.8217,2026-09-18 16:32:55.397,True,W
TT015,Nap2,Session 5,85,Response,4638.189,9321.093,2026-09-18 16:33:26.669,True,W
TT015,Nap2,Session 5,86,Reset,4663.9435,9346.8475,2026-09-18 16:33:52.423,True,W
TT015,Nap2,Session 5,87,Response,4697.163,9380.067,2026-09-18 16:34:25.643,True,W
TT015,Nap2,Session 5,88,Response,4741.8692,9424.7732,2026-09-18 16:35:10.349,True,W
TT015,Nap2,Session 5,89,Response,4776.8062,9459.7102,2026-09-18 16:35:45.286,True,W
TT015,Nap2,Session 5,90,Response,4811.2302,9494.1342,2026-09-18 16:36:19.710,True,W
TT015,Nap2,Session 5,91,Response,4845.5126,9528.4166,2026-09-18 16:36:53.992,True,W
TT015,Nap2,Session 5,92,Reset,4896.1516,9579.0556,2026-09-18 16:37:44.631,True,W
TT015,Nap2,Session 5,93,Response,4925.4233,9608.3273,2026-09-18 16:38:13.903,True,W
TT015,Nap2,Session 5,94,Response,4960.7986,9643.7026,2026-09-18 16:38:49.278,True,W
TT015,Nap2,Session 5,95,Response,4992.1592,9675.0632,2026-09-18 16:39:20.639,True,W
TT015,Nap2,Session 5,96,Reset,5032.1368,9715.0408,2026-09-18 16:40:00.617,True,W
TT015,Nap2,Session 5,97,Response,5066.3824,9749.2864,2026-09-18 16:40:34.862,True,W
TT015,Nap2,Session 5,98,Response,5100.7986,9783.7026,2026-09-18 16:41:09.278,True,W
TT015,Nap2,Session 5,99,Response,5132.68,9815.584,2026-09-18 16:41:41.160,True,W
TT015,Nap2,Session 5,100,Response,5176.427,9859.331,2026-09-18 16:42:24.907,True,W
TT015,Nap2,Session 5,101,Reset,5195.7763,9878.6803,2026-09-18 16:42:44.256,True,W
TT015,Nap2,Session 5,102,Response,5224.9065,9907.8105,2026-09-18 16:43:13.386,True,W
TT015,Nap2,Session 5,103,Response,5264.215,9947.119,2026-09-18 16:43:52.695,True,W
TT015,Nap2,Session 5,104,Reset,5282.9214,9965.8254,2026-09-18 16:44:11.401,True,W
TT015,Nap2,Session 5,105,Response,5311.1594,9994.0634,2026-09-18 16:44:39.639,True,W
TT015,Wake2,Session 7,1,Response,24.8617,10737.7457,2026-09-18 16:57:03.321,True,W
TT015,Wake2,Session 7,2,Response,49.0548,10761.9388,2026-09-18 16:57:27.515,True,W
TT015,Wake2,Session 7,3,Response,76.1999,10789.0839,2026-09-18 16:57:54.660,True,W
TT015,Wake2,Session 7,4,Response,103.3149,10816.1989,2026-09-18 16:58:21.775,True,W
TT015,Wake2,Session 7,5,Response,128.3411,10841.2251,2026-09-18 16:58:46.801,True,W
TT015,Wake2,Session 7,6,Response,152.319,10865.203,2026-09-18 16:59:10.779,True,W
TT015,Wake2,Session 7,7,Response,177.7835,10890.6675,2026-09-18 16:59:36.243,True,W
TT015,Wake2,Session 7,8,Response,201.1737,10914.0577,2026-09-18 16:59:59.633,True,W
TT015,Wake2,Session 7,9,Response,229.2333,10942.1173,2026-09-18 17:00:27.693,True,W
TT015,Wake2,Session 7,10,Response,255.0847,10967.9687,2026-09-18 17:00:53.544,True,W
TT015,Wake2,Session 7,11,Response,281.9622,10994.8462,2026-09-18 17:01:20.422,True,W
TT015,Wake2,Session 7,12,Response,307.8058,11020.6898,2026-09-18 17:01:46.266,True,W
TT015,Wake2,Session 7,13,Response,332.3335,11045.2175,2026-09-18 17:02:10.793,True,W
TT015,Wake2,Session 7,14,Response,360.7946,11073.6786,2026-09-18 17:02:39.254,True,W
TT015,Wake2,Session 7,15,Response,389.8801,11102.7641,2026-09-18 17:03:08.340,True,W
TT015,Wake2,Session 7,16,Response,415.8877,11128.7717,2026-09-18 17:03:34.347,True,W
TT015,Wake2,Session 7,17,Response,441.0399,11153.9239,2026-09-18 17:03:59.500,True,W
TT015,Wake2,Session 7,18,Response,461.6276,11174.5116,2026-09-18 17:04:20.087,True,W
TT015,Wake2,Session 7,19,Response,483.3673,11196.2513,2026-09-18 17:04:41.827,True,W
TT015,Wake2,Session 7,20,Response,510.1516,11223.0356,2026-09-18 17:05:08.611,True,W
TT015,Wake2,Session 7,21,Response,538.4119,11251.2959,2026-09-18 17:05:36.872,True,W
TT015,Wake2,Session 7,22,Response,561.5568,11274.4408,2026-09-18 17:06:00.017,True,W
TT015,Wake2,Session 7,23,Reset,603.408,11316.292,2026-09-18 17:06:41.868,True,W
TT015,Wake2,Session 7,24,Response,624.947,11337.831,2026-09-18 17:07:03.407,True,W
TT015,Wake2,Session 7,25,Response,647.4752,11360.3592,2026-09-18 17:07:25.935,True,W
TT015,Wake2,Session 7,26,Response,669.081,11381.965,2026-09-18 17:07:47.541,True,W
TT015,Wake2,Session 7,27,Response,684.7463,11397.6303,2026-09-18 17:08:03.206,True,W
TT015,Wake2,Session 7,28,Response,709.9509,11422.8349,2026-09-18 17:08:28.411,True,W
TT015,Wake2,Session 7,29,Response,732.2705,11445.1545,2026-09-18 17:08:50.730,True,W
TT015,Wake2,Session 7,30,Response,754.3894,11467.2734,2026-09-18 17:09:12.849,True,W
TT015,Wake2,Session 7,31,Response,780.397,11493.281,2026-09-18 17:09:38.857,True,W
TT015,Wake2,Session 7,32,Response,803.1404,11516.0244,2026-09-18 17:10:01.600,True,W
TT015,Wake2,Session 7,33,Response,828.6272,11541.5112,2026-09-18 17:10:27.087,True,W
TT015,Wake2,Session 7,34,Response,852.0475,11564.9315,2026-09-18 17:10:50.507,True,W
TT015,Wake2,Session 7,35,Response,876.5306,11589.4146,2026-09-18 17:11:14.990,True,W
TT015,Wake2,Session 7,36,Response,901.6237,11614.5077,2026-09-18 17:11:40.083,True,W
TT016,Wake1,Session 3,1,Response,28.7239,1267.3259,2026-09-21 14:18:02.048,True,
TT016,Wake1,Session 3,2,Response,56.6943,1295.2963,2026-09-21 14:18:30.019,True,
TT016,Wake1,Session 3,3,Response,87.4749,1326.0769,2026-09-21 14:19:00.799,True,
TT016,Wake1,Session 3,4,Response,122.2257,1360.8277,2026-09-21 14:19:35.550,True,
TT016,Wake1,Session 3,5,Response,160.5306,1399.1326,2026-09-21 14:20:13.855,True,
TT016,Wake1,Session 3,6,Response,193.6085,1432.2105,2026-09-21 14:20:46.933,True,
TT016,Wake1,Session 3,7,Response,225.133,1463.735,2026-09-21 14:21:18.458,True,
TT016,Wake1,Session 3,8,Response,255.3337,1493.9357,2026-09-21 14:21:48.658,True,
TT016,Wake1,Session 3,9,Response,284.6423,1523.2443,2026-09-21 14:22:17.967,True,
TT016,Wake1,Session 3,10,Response,321.4004,1560.0024,2026-09-21 14:22:54.725,True,
TT016,Wake1,Session 3,11,Response,359.3931,1597.9951,2026-09-21 14:23:32.718,True,
TT016,Wake1,Session 3,12,Response,401.9357,1640.5377,2026-09-21 14:24:15.260,True,
TT016,Wake1,Session 3,13,Response,437.8095,1676.4115,2026-09-21 14:24:51.134,True,
TT016,Wake1,Session 3,14,Response,475.7575,1714.3595,2026-09-21 14:25:29.082,True,
TT016,Wake1,Session 3,15,Response,513.8762,1752.4782,2026-09-21 14:26:07.201,True,
TT016,Wake1,Session 3,16,Response,548.211,1786.813,2026-09-21 14:26:41.536,True,
TT016,Wake1,Session 3,17,Reset,562.8357,1801.4377,2026-09-21 14:26:56.160,True,
TT016,Wake1,Session 3,18,Response,599.3262,1837.9282,2026-09-21 14:27:32.651,True,
TT016,Wake1,Session 3,19,Response,629.9061,1868.5081,2026-09-21 14:28:03.231,True,
TT016,Wake1,Session 3,20,Reset,652.8948,1891.4968,2026-09-21 14:28:26.219,True,
TT016,Wake1,Session 3,21,Response,686.4712,1925.0732,2026-09-21 14:28:59.796,True,
TT016,Wake1,Session 3,22,Response,720.0622,1958.6642,2026-09-21 14:29:33.387,True,
TT016,Wake1,Session 3,23,Reset,738.434,1977.036,2026-09-21 14:29:51.759,True,
TT016,Wake1,Session 3,24,Response,786.9396,2025.5416,2026-09-21 14:30:40.264,True,
TT016,Wake1,Session 3,25,Reset,800.2852,2038.8872,2026-09-21 14:30:53.610,True,
TT016,Wake1,Session 3,26,Reset,814.107,2052.709,2026-09-21 14:31:07.432,True,
TT016,Wake1,Session 3,27,Reset,836.4935,2075.0955,2026-09-21 14:31:29.818,True,
TT016,Wake1,Session 3,28,Response,866.4489,2105.0509,2026-09-21 14:31:59.773,True,
TT016,Wake1,Session 3,29,Reset,886.895,2125.497,2026-09-21 14:32:20.220,True,
TT016,Nap1,Session 4,1,Response,31.6113,2463.7313,2026-09-21 14:37:58.454,True,
TT016,Nap1,Session 4,2,Response,64.377,2496.497,2026-09-21 14:38:31.220,True,
TT016,Nap1,Session 4,3,Response,95.626,2527.746,2026-09-21 14:39:02.469,True,
TT016,Nap1,Session 4,4,Response,128.2802,2560.4002,2026-09-21 14:39:35.123,True,
TT016,Nap1,Session 4,5,Response,166.6743,2598.7943,2026-09-21 14:40:13.517,True,
TT016,Nap1,Session 4,6,Response,200.7559,2632.8759,2026-09-21 14:40:47.598,True,
TT016,Nap1,Session 4,7,Response,232.6819,2664.8019,2026-09-21 14:41:19.524,True,
TT016,Nap1,Session 4,8,Reset,254.2208,2686.3408,2026-09-21 14:41:41.063,True,
TT016,Nap1,Session 4,9,Response,285.6929,2717.8129,2026-09-21 14:42:12.535,True,
TT016,Nap1,Session 4,10,Response,317.5887,2749.7087,2026-09-21 14:42:44.431,True,
TT016,Nap1,Session 4,11,Response,350.563,2782.683,2026-09-21 14:43:17.406,True,
TT016,Nap1,Session 4,12,Reset,372.615,2804.735,2026-09-21 14:43:39.458,True,
TT016,Nap1,Session 4,13,Response,399.1723,2831.2923,2026-09-21 14:44:06.015,True,
TT016,Nap1,Session 4,14,Response,430.5775,2862.6975,2026-09-21 14:44:37.420,True,
TT016,Nap1,Session 4,15,Reset,465.0238,2897.1438,2026-09-21 14:45:11.866,True,
TT016,Nap1,Session 4,16,Response,497.9456,2930.0656,2026-09-21 14:45:44.788,True,
TT016,Nap1,Session 4,17,Response,536.5851,2968.7051,2026-09-21 14:46:23.428,True,
TT016,Nap1,Session 4,18,Reset,569.5292,3001.6492,2026-09-21 14:46:56.372,True,
TT016,Nap1,Session 4,19,Reset,604.8677,3036.9877,2026-09-21 14:47:31.710,True,
TT016,Nap1,Session 4,20,Response,642.4811,3074.6011,2026-09-21 14:48:09.324,True,
TT016,Nap1,Session 4,21,Reset,665.2914,3097.4114,2026-09-21 14:48:32.134,True,
TT016,Nap1,Session 4,22,Reset,701.7005,3133.8205,2026-09-21 14:49:08.543,True,
TT016,Nap2,Session 5,1,Response,36.497,3530.901,2026-09-21 14:55:45.624,True,
TT016,Nap2,Session 5,2,Response,68.7051,3563.1091,2026-09-21 14:56:17.832,True,
TT016,Nap2,Session 5,3,Response,105.374,3599.778,2026-09-21 14:56:54.501,True,
TT016,Nap2,Session 5,4,Response,235.887,3730.291,2026-09-21 14:59:05.014,True,
TT016,Nap2,Session 5,5,Response,258.3706,3752.7746,2026-09-21 14:59:27.497,True,
TT016,Nap2,Session 5,6,Reset,293.0767,3787.4807,2026-09-21 15:00:02.203,True,
TT016,Nap2,Session 5,7,Response,317.7684,3812.1724,2026-09-21 15:00:26.895,True,
TT016,Nap2,Session 5,8,Response,346.1848,3840.5888,2026-09-21 15:00:55.311,True,
TT016,Nap2,Session 5,9,Reset,393.322,3887.726,2026-09-21 15:01:42.449,True,
TT016,Nap2,Session 5,10,Reset,451.2924,3945.6964,2026-09-21 15:02:40.419,True,
TT016,Nap2,Session 5,11,Reset,501.9838,3996.3878,2026-09-21 15:03:31.110,True,
TT016,Nap2,Session 5,12,Response,638.3036,4132.7076,2026-09-21 15:05:47.430,True,
TT016,Nap2,Session 5,13,Response,687.2554,4181.6594,2026-09-21 15:06:36.382,True,
TT016,Nap2,Session 5,14,Response,719.0397,4213.4437,2026-09-21 15:07:08.166,True,
TT016,Nap2,Session 5,15,Reset,740.4448,4234.8488,2026-09-21 15:07:29.571,True,
TT016,Nap2,Session 5,16,Reset,803.7458,4298.1498,2026-09-21 15:08:32.872,True,
TT016,Nap2,Session 5,17,Response,1031.1586,4525.5626,2026-09-21 15:12:20.285,True,
TT016,Nap2,Session 5,18,Reset,1071.7122,4566.1162,2026-09-21 15:13:00.839,True,
TT016,Nap2,Session 5,19,Response,1104.1958,4598.5998,2026-09-21 15:13:33.322,True,
TT016,Nap2,Session 5,20,Response,1135.4303,4629.8343,2026-09-21 15:14:04.557,True,
TT016,Nap2,Session 5,21,Reset,1147.1622,4641.5662,2026-09-21 15:14:16.289,True,
TT016,Nap2,Session 5,22,Reset,1208.9767,4703.3807,2026-09-21 15:15:18.103,True,
TT016,Nap2,Session 5,23,Response,1415.105,4909.509,2026-09-21 15:18:44.232,True,
TT016,Nap2,Session 5,24,Response,1440.4803,4934.8843,2026-09-21 15:19:09.607,True,
TT016,Nap2,Session 5,25,Response,1471.3055,4965.7095,2026-09-21 15:19:40.432,True,
TT016,Nap2,Session 5,26,Reset,1484.6065,4979.0105,2026-09-21 15:19:53.733,True,
TT016,Nap2,Session 5,27,Reset,1532.443,5026.847,2026-09-21 15:20:41.570,True,
TT016,Nap2,Session 5,28,Reset,1740.8372,5235.2412,2026-09-21 15:24:09.964,True,
TT016,Nap2,Session 5,29,Reset,1774.0266,5268.4306,2026-09-21 15:24:43.153,True,
TT016,Nap2,Session 5,30,Response,1810.2349,5304.6389,2026-09-21 15:25:19.361,True,
TT016,Nap2,Session 5,31,Response,2101.1271,5595.5311,2026-09-21 15:30:10.254,True,
TT016,Nap2,Session 5,32,Response,2132.4208,5626.8248,2026-09-21 15:30:41.547,True,
TT016,Nap2,Session 5,33,Reset,2182.2423,5676.6463,2026-09-21 15:31:31.369,True,
TT016,Nap2,Session 5,34,Reset,2212.7776,5707.1816,2026-09-21 15:32:01.904,True,
TT016,Nap2,Session 5,35,Response,2225.5065,5719.9105,2026-09-21 15:32:14.633,True,
TT016,Nap2,Session 5,36,Response,2446.6663,5941.0703,2026-09-21 15:35:55.793,True,
TT016,Nap2,Session 5,37,Response,2462.2646,5956.6686,2026-09-21 15:36:11.391,True,
TT016,Nap2,Session 5,38,Response,2479.1421,5973.5461,2026-09-21 15:36:28.269,True,
TT016,Nap2,Session 5,39,Response,2523.5582,6017.9622,2026-09-21 15:37:12.685,True,
TT016,Nap2,Session 5,40,Response,2557.0678,6051.4718,2026-09-21 15:37:46.194,True,
TT016,Nap2,Session 5,41,Reset,2676.421,6170.825,2026-09-21 15:39:45.548,True,
TT016,Nap2,Session 5,42,Response,2700.681,6195.085,2026-09-21 15:40:09.808,True,
TT016,Nap2,Session 5,43,Response,2791.1494,6285.5534,2026-09-21 15:41:40.276,True,
TT016,Nap2,Session 5,44,Reset,2803.3129,6297.7169,2026-09-21 15:41:52.439,True,
TT017,Wake1,Session 3,1,Response,18.7504,1786.8364,2026-09-22 14:31:41.983,True,W
TT017,Wake1,Session 3,2,Reset,30.0887,1798.1747,2026-09-22 14:31:53.321,True,W
TT017,Wake1,Session 3,3,Response,47.7022,1815.7882,2026-09-22 14:32:10.935,True,W
TT017,Wake1,Session 3,4,Response,64.0443,1832.1303,2026-09-22 14:32:27.277,True,W
TT017,Wake1,Session 3,5,Response,81.3455,1849.4315,2026-09-22 14:32:44.578,True,W
TT017,Wake1,Session 3,6,Reset,94.3867,1862.4727,2026-09-22 14:32:57.619,True,W
TT017,Wake1,Session 3,7,Response,111.8362,1879.9222,2026-09-22 14:33:15.069,True,W
TT017,Wake1,Session 3,8,Response,126.3193,1894.4053,2026-09-22 14:33:29.552,True,W
TT017,Wake1,Session 3,9,Reset,157.2784,1925.3644,2026-09-22 14:34:00.511,True,W
TT017,Wake1,Session 3,10,Response,173.6874,1941.7734,2026-09-22 14:34:16.920,True,W
TT017,Wake1,Session 3,11,Response,192.6838,1960.7698,2026-09-22 14:34:35.917,True,W
TT017,Wake1,Session 3,12,Response,208.059,1976.145,2026-09-22 14:34:51.292,True,W
TT017,Wake1,Session 3,13,Response,240.6463,2008.7323,2026-09-22 14:35:23.879,True,W
TT017,Wake1,Session 3,14,Reset,250.368,2018.454,2026-09-22 14:35:33.601,True,W
TT017,Wake1,Session 3,15,Response,265.8247,2033.9107,2026-09-22 14:35:49.057,True,W
TT017,Wake1,Session 3,16,Response,285.1333,2053.2193,2026-09-22 14:36:08.366,True,W
TT017,Wake1,Session 3,17,Response,304.888,2072.974,2026-09-22 14:36:28.121,True,W
TT017,Wake1,Session 3,18,Response,319.4904,2087.5764,2026-09-22 14:36:42.723,True,W
TT017,Wake1,Session 3,19,Reset,347.3637,2115.4497,2026-09-22 14:37:10.596,True,W
TT017,Wake1,Session 3,20,Response,364.7764,2132.8624,2026-09-22 14:37:28.009,True,W
TT017,Wake1,Session 3,21,Response,385.6318,2153.7178,2026-09-22 14:37:48.865,True,W
TT017,Wake1,Session 3,22,Reset,469.245,2237.331,2026-09-22 14:39:12.478,False,W
TT017,Wake1,Session 3,23,Response,520.561,2288.647,2026-09-22 14:40:03.794,True,W
TT017,Wake1,Session 3,24,Response,540.7394,2308.8254,2026-09-22 14:40:23.972,True,W
TT017,Wake1,Session 3,25,Response,561.9661,2330.0521,2026-09-22 14:40:45.199,True,W
TT017,Wake1,Session 3,26,Response,583.5274,2351.6134,2026-09-22 14:41:06.760,True,W
TT017,Wake1,Session 3,27,Response,606.5016,2374.5876,2026-09-22 14:41:29.734,True,W
TT017,Wake1,Session 3,28,Response,629.1335,2397.2195,2026-09-22 14:41:52.366,True,W
TT017,Wake1,Session 3,29,Response,652.2338,2420.3198,2026-09-22 14:42:15.467,True,W
TT017,Wake1,Session 3,30,Response,678.4421,2446.5281,2026-09-22 14:42:41.675,True,W
TT017,Wake1,Session 3,31,Response,698.3752,2466.4612,2026-09-22 14:43:01.608,True,W
TT017,Wake1,Session 3,32,Response,720.1595,2488.2455,2026-09-22 14:43:23.392,True,W
TT017,Wake1,Session 3,33,Response,744.6426,2512.7286,2026-09-22 14:43:47.875,True,W
TT017,Wake1,Session 3,34,Response,765.8916,2533.9776,2026-09-22 14:44:09.124,True,W
TT017,Wake1,Session 3,35,Response,802.9252,2571.0112,2026-09-22 14:44:46.158,True,W
TT017,Wake1,Session 3,36,Reset,829.4235,2597.5095,2026-09-22 14:45:12.656,True,W
TT017,Wake1,Session 3,37,Response,858.7767,2626.8627,2026-09-22 14:45:42.009,True,W
TT017,Wake1,Session 3,38,Response,883.6389,2651.7249,2026-09-22 14:46:06.872,True,W
TT017,Wake1,Session 3,39,Response,910.271,2678.357,2026-09-22 14:46:33.504,True,W
TT017,Wake1,Session 3,40,Response,939.2227,2707.3087,2026-09-22 14:47:02.455,True,W
TT017,Nap1,Session 4,1,Response,21.6764,3058.8364,2026-09-22 14:52:53.983,True,W
TT017,Nap1,Session 4,2,Reset,38.3453,3075.5053,2026-09-22 14:53:10.652,True,W
TT017,Nap1,Session 4,3,Response,70.7843,3107.9443,2026-09-22 14:53:43.091,True,W
TT017,Nap1,Session 4,4,Response,101.0965,3138.2565,2026-09-22 14:54:13.403,True,W
TT017,Nap1,Session 4,5,Reset,188.1446,3225.3046,2026-09-22 14:55:40.451,True,W
TT017,Nap1,Session 4,6,Reset,220.5088,3257.6688,2026-09-22 14:56:12.816,True,1
TT017,Nap2,Session 5,1,Response,28.6215,3579.6495,2026-09-22 15:01:34.796,True,W
TT017,Nap2,Session 5,2,Response,45.4767,3596.5047,2026-09-22 15:01:51.651,True,W
TT017,Nap2,Session 5,3,Response,63.9154,3614.9434,2026-09-22 15:02:10.090,True,W
TT017,Nap2,Session 5,4,Response,166.235,3717.263,2026-09-22 15:03:52.410,True,W
TT017,Nap2,Session 5,5,Response,189.826,3740.854,2026-09-22 15:04:16.001,True,W
TT017,Nap2,Session 5,6,Response,207.261,3758.289,2026-09-22 15:04:33.436,True,W
TT017,Nap2,Session 5,7,Response,243.4247,3794.4527,2026-09-22 15:05:09.599,True,1
TT017,Nap2,Session 5,8,Reset,269.1345,3820.1625,2026-09-22 15:05:35.309,True,W
TT017,Nap2,Session 5,9,Reset,343.4693,3894.4973,2026-09-22 15:06:49.644,True,2
TT017,Nap2,Session 5,10,Response,378.5323,3929.5603,2026-09-22 15:07:24.707,True,2
TT017,Nap2,Session 5,11,Reset,570.2759,4121.3039,2026-09-22 15:10:36.451,True,1
TT017,Nap2,Session 5,12,Reset,607.1534,4158.1814,2026-09-22 15:11:13.328,True,1
TT017,Nap2,Session 5,13,Response,804.41,4355.438,2026-09-22 15:14:30.585,True,W
TT017,Nap2,Session 5,14,Response,820.3428,4371.3708,2026-09-22 15:14:46.518,True,W
TT017,Nap2,Session 5,15,Reset,831.9933,4383.0213,2026-09-22 15:14:58.168,True,W
TT017,Nap2,Session 5,16,Reset,862.7071,4413.7351,2026-09-22 15:15:28.882,True,1
TT017,Nap2,Session 5,17,Response,1245.6195,4796.6475,2026-09-22 15:21:51.794,True,W
TT017,Nap2,Session 5,18,Response,1261.8278,4812.8558,2026-09-22 15:22:08.003,True,W
TT017,Nap2,Session 5,19,Reset,1313.01,4864.038,2026-09-22 15:22:59.185,True,W
TT017,Nap2,Session 5,20,Response,1335.5526,4886.5806,2026-09-22 15:23:21.727,True,W
TT017,Nap2,Session 5,21,Response,1360.7572,4911.7852,2026-09-22 15:23:46.932,True,W
TT017,Nap2,Session 5,22,Response,1381.8278,4932.8558,2026-09-22 15:24:08.003,True,1
TT017,Nap2,Session 5,23,Reset,1397.6046,4948.6326,2026-09-22 15:24:23.779,True,1
TT017,Nap2,Session 5,24,Response,1412.9876,4964.0156,2026-09-22 15:24:39.162,True,W
TT017,Nap2,Session 5,25,Response,1424.3482,4975.3762,2026-09-22 15:24:50.523,True,W
TT017,Nap2,Session 5,26,Response,1455.3965,5006.4245,2026-09-22 15:25:21.571,True,2
TT017,Nap2,Session 5,27,Reset,1480.0212,5031.0492,2026-09-22 15:25:46.196,True,2
TT017,Nap2,Session 5,28,Response,1494.9058,5045.9338,2026-09-22 15:26:01.081,True,W
TT017,Nap2,Session 5,29,Response,1508.0362,5059.0642,2026-09-22 15:26:14.211,True,W
TT017,Nap2,Session 5,30,Response,1520.9134,5071.9414,2026-09-22 15:26:27.088,True,1
TT017,Nap2,Session 5,31,Response,1540.9134,5091.9414,2026-09-22 15:26:47.088,True,1
TT017,Nap2,Session 5,32,Response,1563.6345,5114.6625,2026-09-22 15:27:09.809,True,W
TT017,Nap2,Session 5,33,Reset,1680.0881,5231.1161,2026-09-22 15:29:06.263,True,1
TT017,Nap2,Session 5,34,Response,1725.9095,5276.9375,2026-09-22 15:29:52.084,True,2
TT017,Nap2,Session 5,35,Reset,1793.9467,5344.9747,2026-09-22 15:31:00.121,True,2
TT017,Nap2,Session 5,36,Response,1986.854,5537.882,2026-09-22 15:34:13.029,True,W
TT017,Nap2,Session 5,37,Reset,2011.7386,5562.7666,2026-09-22 15:34:37.913,True,1
TT017,Nap2,Session 5,38,Response,2055.9095,5606.9375,2026-09-22 15:35:22.084,True,2
TT017,Nap2,Session 5,39,Response,2067.0325,5618.0605,2026-09-22 15:35:33.207,True,W
TT017,Nap2,Session 5,40,Response,2093.0323,5644.0603,2026-09-22 15:35:59.207,True,1
TT017,Nap2,Session 5,41,Reset,2134.5043,5685.5323,2026-09-22 15:36:40.679,True,1
TT017,Nap2,Session 5,42,Response,2153.3222,5704.3502,2026-09-22 15:36:59.497,True,W
TT017,Nap2,Session 5,43,Response,2178.9205,5729.9485,2026-09-22 15:37:25.095,True,W
TT017,Nap2,Session 5,44,Reset,2199.3744,5750.4024,2026-09-22 15:37:45.549,True,W
TT017,Nap2,Session 5,45,Reset,2280.2443,5831.2723,2026-09-22 15:39:06.419,True,2
TT017,Nap2,Session 5,46,Response,2291.3294,5842.3574,2026-09-22 15:39:17.504,True,2
TT017,Nap2,Session 5,47,Reset,2344.8835,5895.9115,2026-09-22 15:40:11.058,True,2
TT017,Nap2,Session 5,48,Response,2387.8945,5938.9225,2026-09-22 15:40:54.069,True,2
TT017,Nap2,Session 5,49,Response,2416.4894,5967.5174,2026-09-22 15:41:22.664,True,2
TT017,Nap2,Session 5,50,Response,2467.4038,6018.4318,2026-09-22 15:42:13.579,True,2
TT017,Nap2,Session 5,51,Response,2489.0621,6040.0901,2026-09-22 15:42:35.237,True,W
TT017,Nap2,Session 5,52,Response,2508.8837,6059.9117,2026-09-22 15:42:55.058,True,W
TT017,Nap2,Session 5,53,Response,2550.5342,6101.5622,2026-09-22 15:43:36.709,True,W
TT017,Nap2,Session 5,54,Response,2576.7871,6127.8151,2026-09-22 15:44:02.962,True,1
TT017,Nap2,Session 5,55,Response,2634.0136,6185.0416,2026-09-22 15:45:00.188,True,2
TT017,Nap2,Session 5,56,Response,2658.5414,6209.5694,2026-09-22 15:45:24.716,True,2
TT017,Nap2,Session 5,57,Response,2766.4225,6317.4505,2026-09-22 15:47:12.597,True,1
TT017,Nap2,Session 5,58,Response,2781.9617,6332.9897,2026-09-22 15:47:28.136,True,W
TT017,Nap2,Session 5,59,Response,2800.3558,6351.3838,2026-09-22 15:47:46.531,True,W
TT017,Nap2,Session 5,60,Response,2833.2553,6384.2833,2026-09-22 15:48:19.430,True,W
TT017,Nap2,Session 5,61,Response,2866.8462,6417.8742,2026-09-22 15:48:53.021,True,W
TT017,Nap2,Session 5,62,Reset,2896.7124,6447.7404,2026-09-22 15:49:22.887,True,1
TT017,Nap2,Session 5,63,Response,2922.497,6473.525,2026-09-22 15:49:48.672,True,W
TT017,Nap2,Session 5,64,Response,2942.2293,6493.2573,2026-09-22 15:50:08.404,True,W
TT017,Nap2,Session 5,65,Response,2984.1252,6535.1532,2026-09-22 15:50:50.300,True,1
TT017,Nap2,Session 5,66,Reset,2998.5492,6549.5772,2026-09-22 15:51:04.724,True,W
TT017,Nap2,Session 5,67,Response,3029.5528,6580.5808,2026-09-22 15:51:35.728,True,W
TT017,Nap2,Session 5,68,Response,3060.5342,6611.5622,2026-09-22 15:52:06.709,True,W
TT017,Nap2,Session 5,69,Response,3085.6195,6636.6475,2026-09-22 15:52:31.794,True,W
TT017,Nap2,Session 5,70,Reset,3148.6607,6699.6887,2026-09-22 15:53:34.835,True,W
TT017,Nap2,Session 5,71,Response,3179.1068,6730.1348,2026-09-22 15:54:05.282,True,W
TT017,Nap2,Session 5,72,Reset,3207.2254,6758.2534,2026-09-22 15:54:33.400,True,W
TT017,Nap2,Session 5,73,Reset,3320.8242,6871.8522,2026-09-22 15:56:26.999,True,W
TT017,Nap2,Session 5,74,Response,3351.3595,6902.3875,2026-09-22 15:56:57.534,True,W
TT017,Nap2,Session 5,75,Response,3375.0396,6926.0676,2026-09-22 15:57:21.214,True,W
TT017,Nap2,Session 5,76,Reset,3411.5602,6962.5882,2026-09-22 15:57:57.735,True,2
TT017,Nap2,Session 5,77,Response,3473.2776,7024.3056,2026-09-22 15:58:59.452,True,2
TT017,Nap2,Session 5,78,Reset,3503.3668,7054.3948,2026-09-22 15:59:29.542,True,2
TT017,Nap2,Session 5,79,Response,3560.5342,7111.5622,2026-09-22 16:00:26.709,True,W
TT017,Nap2,Session 5,80,Response,3587.8722,7138.9002,2026-09-22 16:00:54.047,True,W
TT017,Nap2,Session 5,81,Response,3627.4038,7178.4318,2026-09-22 16:01:33.579,True,W
TT017,Nap2,Session 5,82,Response,3696.8239,7247.8519,2026-09-22 16:02:42.999,True,2
TT017,Nap2,Session 5,83,Response,3728.4967,7279.5247,2026-09-22 16:03:14.671,True,W
TT017,Nap2,Session 5,84,Response,3758.7945,7309.8225,2026-09-22 16:03:44.969,True,W
TT017,Nap2,Session 5,85,Response,3809.6197,7360.6477,2026-09-22 16:04:35.794,True,1
TT017,Nap2,Session 5,86,Reset,3859.1436,7410.1716,2026-09-22 16:05:25.318,True,W
TT017,Nap2,Session 5,87,Response,3889.2183,7440.2463,2026-09-22 16:05:55.393,True,W
TT017,Nap2,Session 5,88,Response,3919.2183,7470.2463,2026-09-22 16:06:25.393,True,W
TT017,Nap2,Session 5,89,Response,3949.6644,7500.6924,2026-09-22 16:06:55.839,True,W
TT017,Nap2,Session 5,90,Response,3982.5862,7533.6142,2026-09-22 16:07:28.761,True,W
TT017,Nap2,Session 5,91,Response,4013.8129,7564.8409,2026-09-22 16:07:59.988,True,W
TT017,Nap2,Session 5,92,Response,4045.4411,7596.4691,2026-09-22 16:08:31.616,True,W
TT017,Nap2,Session 5,93,Response,4082.9653,7633.9933,2026-09-22 16:09:09.140,True,W
TT017,Nap2,Session 5,94,Response,4118.8391,7669.8671,2026-09-22 16:09:45.014,True,W
TT017,Nap2,Session 5,95,Response,4234.7943,7785.8223,2026-09-22 16:11:40.969,True,W
TT017,Nap2,Session 5,96,Response,4270.6457,7821.6737,2026-09-22 16:12:16.820,True,W
TT017,Nap2,Session 5,97,Reset,4306.3556,7857.3836,2026-09-22 16:12:52.530,True,1
TT017,Nap2,Session 5,98,Response,4338.6083,7889.6363,2026-09-22 16:13:24.783,True,W
TT017,Nap2,Session 5,99,Response,4370.9357,7921.9637,2026-09-22 16:13:57.110,True,W
TT017,Nap2,Session 5,100,Response,4403.1438,7954.1718,2026-09-22 16:14:29.319,True,W
TT017,Nap2,Session 5,101,Response,4426.3109,7977.3389,2026-09-22 16:14:52.486,True,W
TT017,Nap2,Session 5,102,Response,4459.2406,8010.2686,2026-09-22 16:15:25.415,True,W
TT017,Nap2,Session 5,103,Reset,4470.8688,8021.8968,2026-09-22 16:15:37.044,True,W
TT017,Nap2,Session 5,104,Response,4501.0695,8052.0975,2026-09-22 16:16:07.244,True,W
TT017,Nap2,Session 5,105,Response,4551.5602,8102.5882,2026-09-22 16:16:57.735,True,1
TT017,Nap2,Session 5,106,Response,4607.047,8158.075,2026-09-22 16:17:53.222,True,2
TT017,Nap2,Session 5,107,Response,4628.0507,8179.0787,2026-09-22 16:18:14.225,True,W
TT017,Nap2,Session 5,108,Reset,4646.021,8197.049,2026-09-22 16:18:32.196,True,W
TT017,Nap2,Session 5,109,Response,4677.0247,8228.0527,2026-09-22 16:19:03.199,True,1
TT017,Nap2,Session 5,110,Response,4723.7237,8274.7517,2026-09-22 16:19:49.898,True,W
TT017,Nap2,Session 5,111,Response,4762.6754,8313.7034,2026-09-22 16:20:28.850,True,1
TT017,Nap2,Session 5,112,Response,4786.4448,8337.4728,2026-09-22 16:20:52.620,True,1
TT017,Nap2,Session 5,113,Response,4823.7906,8374.8186,2026-09-22 16:21:29.965,True,W
TT017,Nap2,Session 5,114,Response,4854.5043,8405.5323,2026-09-22 16:22:00.679,True,W
TT017,Nap2,Session 5,115,Response,4889.0175,8440.0455,2026-09-22 16:22:35.192,True,W
TT017,Nap2,Session 5,116,Response,4921.6271,8472.6551,2026-09-22 16:23:07.802,True,W
TT017,Nap2,Session 5,117,Response,5069.1291,8620.1571,2026-09-22 16:25:35.304,True,W
TT017,Nap2,Session 5,118,Reset,5097.2923,8648.3203,2026-09-22 16:26:03.467,True,W
TT017,Nap2,Session 5,119,Response,5127.9838,8679.0118,2026-09-22 16:26:34.159,True,1
TT017,Nap2,Session 5,120,Reset,5147.1808,8698.2088,2026-09-22 16:26:53.356,True,1
TT017,Nap2,Session 5,121,Reset,5149.0543,8700.0823,2026-09-22 16:26:55.229,True,W
TT017,Nap2,Session 5,122,Response,5170.668,8721.696,2026-09-22 16:27:16.843,True,W
TT017,Nap2,Session 5,123,Response,5198.9952,8750.0232,2026-09-22 16:27:45.170,True,W
TT017,Nap2,Session 5,124,Response,5221.6048,8772.6328,2026-09-22 16:28:07.780,True,1
TT017,Nap2,Session 5,125,Response,5247.8499,8798.8779,2026-09-22 16:28:34.025,True,1
TT017,Nap2,Session 5,126,Response,5275.6195,8826.6475,2026-09-22 16:29:01.794,True,1
TT017,Nap2,Session 5,127,Response,5309.9989,8861.0269,2026-09-22 16:29:36.174,True,1
TT017,Nap2,Session 5,128,Reset,5363.2999,8914.3279,2026-09-22 16:30:29.475,True,W
TT017,Nap2,Session 5,129,Response,5398.296,8949.324,2026-09-22 16:31:04.471,True,W
TT017,Wake2,Session 6,1,Response,29.7424,9590.0684,2026-09-22 16:41:45.215,True,W
TT017,Wake2,Session 6,2,Response,62.4858,9622.8118,2026-09-22 16:42:17.959,True,W
TT017,Wake2,Session 6,3,Response,94.2032,9654.5292,2026-09-22 16:42:49.676,True,W
TT017,Wake2,Session 6,4,Response,125.1846,9685.5106,2026-09-22 16:43:20.657,True,W
TT017,Wake2,Session 6,5,Response,159.2662,9719.5922,2026-09-22 16:43:54.739,True,W
TT017,Wake2,Session 6,6,Response,193.1549,9753.4809,2026-09-22 16:44:28.628,True,W
TT017,Wake2,Session 6,7,Response,236.5228,9796.8488,2026-09-22 16:45:11.996,True,W
TT017,Wake2,Session 6,8,Response,266.9243,9827.2503,2026-09-22 16:45:42.397,True,W
TT017,Wake2,Session 6,9,Response,299.3108,9859.6368,2026-09-22 16:46:14.784,True,W
TT017,Wake2,Session 6,10,Response,332.5081,9892.8341,2026-09-22 16:46:47.981,True,W
TT017,Wake2,Session 6,11,Response,367.3704,9927.6964,2026-09-22 16:47:22.843,True,W
TT017,Wake2,Session 6,12,Response,402.5527,9962.8787,2026-09-22 16:47:58.025,True,W
TT017,Wake2,Session 6,13,Response,438.9316,9999.2576,2026-09-22 16:48:34.404,True,W
TT017,Wake2,Session 6,14,Response,473.9132,10034.2392,2026-09-22 16:49:09.386,True,W
TT017,Wake2,Session 6,15,Response,510.3591,10070.6851,2026-09-22 16:49:45.832,True,W
TT017,Wake2,Session 6,16,Response,544.627,10104.953,2026-09-22 16:50:20.100,True,W
TT017,Wake2,Session 6,17,Response,579.8238,10140.1498,2026-09-22 16:50:55.297,True,W
TT017,Wake2,Session 6,18,Response,612.4858,10172.8118,2026-09-22 16:51:27.959,True,W
TT017,Wake2,Session 6,19,Response,644.2924,10204.6184,2026-09-22 16:51:59.765,True,W
TT017,Wake2,Session 6,20,Response,691.2814,10251.6074,2026-09-22 16:52:46.754,True,W
TT017,Wake2,Session 6,21,Response,728.5971,10288.9231,2026-09-22 16:53:24.070,True,W
TT017,Wake2,Session 6,22,Response,763.9802,10324.3062,2026-09-22 16:53:59.453,True,W
TT017,Wake2,Session 6,23,Response,799.9799,10360.3059,2026-09-22 16:54:35.453,True,W
TT017,Wake2,Session 6,24,Response,835.1623,10395.4883,2026-09-22 16:55:10.635,True,W
TT017,Wake2,Session 6,25,Response,869.5115,10429.8375,2026-09-22 16:55:44.984,True,W
TT017,Wake2,Session 6,26,Response,903.9132,10464.2392,2026-09-22 16:56:19.386,False,W
TT018,Wake1,Session 3,1,Response,30.3401,1493.9561,2026-09-23 14:38:29.741,True,W
TT018,Wake1,Session 3,2,Response,57.5443,1521.1603,2026-09-23 14:38:56.945,True,W
TT018,Wake1,Session 3,3,Response,88.9717,1552.5877,2026-09-23 14:39:28.373,True,W
TT018,Wake1,Session 3,4,Response,118.9717,1582.5877,2026-09-23 14:39:58.373,True,W
TT018,Wake1,Session 3,5,Response,148.2134,1611.8294,2026-09-23 14:40:27.614,True,W
TT018,Wake1,Session 3,6,Response,179.7524,1643.3684,2026-09-23 14:40:59.153,True,W
TT018,Wake1,Session 3,7,Response,207.396,1671.012,2026-09-23 14:41:26.797,True,W
TT018,Wake1,Session 3,8,Response,236.0722,1699.6882,2026-09-23 14:41:55.473,True,W
TT018,Wake1,Session 3,9,Response,266.5406,1730.1566,2026-09-23 14:42:25.942,True,W
TT018,Wake1,Session 3,10,Response,296.1837,1759.7997,2026-09-23 14:42:55.585,True,W
TT018,Wake1,Session 3,11,Response,326.3399,1789.9559,2026-09-23 14:43:25.741,True,W
TT018,Wake1,Session 3,12,Response,356.8752,1820.4912,2026-09-23 14:43:56.276,True,W
TT018,Wake1,Session 3,13,Response,388.6372,1852.2532,2026-09-23 14:44:28.038,True,W
TT018,Wake1,Session 3,14,Response,419.2394,1882.8554,2026-09-23 14:44:58.640,True,W
TT018,Wake1,Session 3,15,Response,448.7264,1912.3424,2026-09-23 14:45:28.127,True,W
TT018,Wake1,Session 3,16,Response,479.574,1943.19,2026-09-23 14:45:58.975,True,W
TT018,Wake1,Session 3,17,Response,508.4141,1972.0301,2026-09-23 14:46:27.815,True,W
TT018,Wake1,Session 3,18,Response,540.3624,2003.9784,2026-09-23 14:46:59.763,True,W
TT018,Wake1,Session 3,19,Response,566.5406,2030.1566,2026-09-23 14:47:25.942,True,W
TT018,Wake1,Session 3,20,Response,586.1391,2049.7551,2026-09-23 14:47:45.540,True,W
TT018,Wake1,Session 3,21,Reset,591.2546,2054.8706,2026-09-23 14:47:50.656,True,W
TT018,Wake1,Session 3,22,Response,621.6337,2085.2497,2026-09-23 14:48:21.035,True,W
TT018,Wake1,Session 3,23,Response,652.1467,2115.7627,2026-09-23 14:48:51.548,True,W
TT018,Wake1,Session 3,24,Response,683.485,2147.101,2026-09-23 14:49:22.886,True,W
TT018,Wake1,Session 3,25,Response,717.4551,2181.0711,2026-09-23 14:49:56.856,True,W
TT018,Wake1,Session 3,26,Response,750.8754,2214.4914,2026-09-23 14:50:30.276,True,W
TT018,Wake1,Session 3,27,Response,780.0278,2243.6438,2026-09-23 14:50:59.429,True,W
TT018,Wake1,Session 3,28,Response,808.9796,2272.5956,2026-09-23 14:51:28.381,True,W
TT018,Wake1,Session 3,29,Response,839.2394,2302.8554,2026-09-23 14:51:58.640,True,W
TT018,Wake1,Session 3,30,Response,860.3847,2324.0007,2026-09-23 14:52:19.786,True,W
TT018,Wake1,Session 3,31,Response,883.9533,2347.5693,2026-09-23 14:52:43.354,True,W
TT018,Nap1,Session 4,1,Response,34.931,2756.885,2026-09-23 14:59:32.670,True,W
TT018,Nap1,Session 4,2,Response,67.2952,2789.2492,2026-09-23 15:00:05.034,True,W
TT018,Nap1,Session 4,3,Response,101.6222,2823.5762,2026-09-23 15:00:39.361,True,W
TT018,Nap1,Session 4,4,Response,132.9013,2854.8553,2026-09-23 15:01:10.640,True,W
TT018,Nap1,Session 4,5,Response,159.6371,2881.5911,2026-09-23 15:01:37.376,True,W
TT018,Nap1,Session 4,6,Response,188.2766,2910.2306,2026-09-23 15:02:06.016,True,W
TT018,Nap1,Session 4,7,Response,218.1874,2940.1414,2026-09-23 15:02:35.926,True,W
TT018,Nap1,Session 4,8,Response,247.3621,2969.3161,2026-09-23 15:03:05.101,True,W
TT018,Nap1,Session 4,9,Response,277.7636,2999.7176,2026-09-23 15:03:35.503,True,W
TT018,Nap1,Session 4,10,Response,315.1986,3037.1526,2026-09-23 15:04:12.938,True,W
TT018,Nap1,Session 4,11,Response,350.2839,3072.2379,2026-09-23 15:04:48.023,True,W
TT018,Nap1,Session 4,12,Response,379.4364,3101.3904,2026-09-23 15:05:17.175,True,W
TT018,Nap1,Session 4,13,Reset,392.6114,3114.5654,2026-09-23 15:05:30.350,True,W
TT018,Nap1,Session 4,14,Response,428.0089,3149.9629,2026-09-23 15:06:05.748,True,W
TT018,Nap1,Session 4,15,Response,462.7898,3184.7438,2026-09-23 15:06:40.529,True,W
TT018,Nap1,Session 4,16,Response,504.7525,3226.7065,2026-09-23 15:07:22.492,True,W
TT018,Nap1,Session 4,17,Reset,542.4329,3264.3869,2026-09-23 15:08:00.172,True,W
TT018,Nap1,Session 4,18,Response,568.7227,3290.6767,2026-09-23 15:08:26.462,True,W
TT018,Nap1,Session 4,19,Reset,579.1241,3301.0781,2026-09-23 15:08:36.863,True,W
TT018,Nap1,Session 4,20,Response,619.3472,3341.3012,2026-09-23 15:09:17.086,True,W
TT018,Nap1,Session 4,21,Response,659.2134,3381.1674,2026-09-23 15:09:56.952,True,W
TT018,Nap1,Session 4,22,Reset,693.7489,3415.7029,2026-09-23 15:10:31.488,True,W
TT018,Nap1,Session 4,23,Response,733.1913,3455.1453,2026-09-23 15:11:10.930,True,W
TT018,Nap1,Session 4,24,Response,778.0312,3499.9852,2026-09-23 15:11:55.770,True,W
TT018,Nap1,Session 4,25,Reset,789.1096,3511.0636,2026-09-23 15:12:06.849,True,W
TT018,Nap1,Session 4,26,Reset,793.9942,3515.9482,2026-09-23 15:12:11.733,True,W
TT018,Nap1,Session 4,27,Reset,827.4067,3549.3607,2026-09-23 15:12:45.146,True,W
TT018,Nap1,Session 4,28,Response,865.5332,3587.4872,2026-09-23 15:13:23.272,True,W
TT018,Nap1,Session 4,29,Reset,874.5217,3596.4757,2026-09-23 15:13:32.261,True,W
TT018,Nap1,Session 4,30,Reset,891.4253,3613.3793,2026-09-23 15:13:49.164,True,W
TT018,Nap1,Session 4,31,Response,936.5815,3658.5355,2026-09-23 15:14:34.321,True,W
TT018,Nap1,Session 4,32,Reset,948.3067,3670.2607,2026-09-23 15:14:46.046,True,W
TT018,Nap1,Session 4,33,Response,981.5107,3703.4647,2026-09-23 15:15:19.250,True,W
TT018,Nap1,Session 4,34,Reset,1004.8641,3726.8181,2026-09-23 15:15:42.603,True,W
TT018,Nap1,Session 4,35,Reset,1030.9977,3752.9517,2026-09-23 15:16:08.737,True,W
TT018,Nap1,Session 4,36,Reset,1051.5107,3773.4647,2026-09-23 15:16:29.250,True,W
TT018,Nap1,Session 4,37,Reset,1062.046,3784.0,2026-09-23 15:16:39.785,True,W
TT018,Nap1,Session 4,38,Reset,1080.6263,3802.5803,2026-09-23 15:16:58.365,True,W
TT018,Nap1,Session 4,39,Response,1119.4141,3841.3681,2026-09-23 15:17:37.153,True,W
TT018,Nap1,Session 4,40,Reset,1132.9682,3854.9222,2026-09-23 15:17:50.707,True,W
TT018,Nap1,Session 4,41,Reset,1148.3212,3870.2752,2026-09-23 15:18:06.060,True,W
TT018,Nap1,Session 4,42,Response,1163.169,3885.123,2026-09-23 15:18:20.908,True,W
TT018,Nap1,Session 4,43,Reset,1167.5852,3889.5392,2026-09-23 15:18:25.324,True,W
TT018,Nap1,Session 4,44,Response,1205.7562,3927.7102,2026-09-23 15:19:03.495,True,W
TT018,Nap1,Session 4,45,Reset,1224.128,3946.082,2026-09-23 15:19:21.867,True,W
TT018,Nap1,Session 4,46,Response,1253.0535,3975.0075,2026-09-23 15:19:50.793,True,W
TT018,Nap1,Session 4,47,Reset,1272.3175,3994.2715,2026-09-23 15:20:10.057,True,W
TT018,Nap1,Session 4,48,Reset,1294.3695,4016.3235,2026-09-23 15:20:32.109,True,W
TT018,Nap1,Session 4,49,Response,1326.8229,4048.7769,2026-09-23 15:21:04.562,True,W
TT018,Nap1,Session 4,50,Reset,1349.4529,4071.4069,2026-09-23 15:21:27.192,True,W
TT018,Nap1,Session 4,51,Reset,1355.9434,4077.8974,2026-09-23 15:21:33.682,True,W
TT018,Nap1,Session 4,52,Reset,1371.758,4093.712,2026-09-23 15:21:49.497,True,W
TT018,Nap1,Session 4,53,Reset,1388.873,4110.827,2026-09-23 15:22:06.612,True,W
TT018,Nap1,Session 4,54,Response,1419.7507,4141.7047,2026-09-23 15:22:37.490,True,W
TT018,Nap1,Session 4,55,Response,1426.1742,4148.1282,2026-09-23 15:22:43.913,True,W
TT018,Nap1,Session 4,56,Reset,1444.5868,4166.5408,2026-09-23 15:23:02.326,True,W
TT018,Nap1,Session 4,57,Reset,1457.0402,4178.9942,2026-09-23 15:23:14.779,True,W
TT018,Nap1,Session 4,58,Reset,1509.1223,4231.0763,2026-09-23 15:24:06.861,True,W
TT018,Nap1,Session 4,59,Reset,1562.4679,4284.4219,2026-09-23 15:25:00.207,True,W
TT018,Nap1,Session 4,60,Reset,1575.3674,4297.3214,2026-09-23 15:25:13.106,True,W
TT018,Nap1,Session 4,61,Reset,1584.1407,4306.0947,2026-09-23 15:25:21.880,True,W
TT018,Nap1,Session 4,62,Reset,1646.7725,4368.7265,2026-09-23 15:26:24.512,True,W
TT018,Nap1,Session 4,63,Reset,1685.8358,4407.7898,2026-09-23 15:27:03.575,True,W
TT018,Nap1,Session 4,64,Reset,1733.2708,4455.2248,2026-09-23 15:27:51.010,True,W
TT018,Nap1,Session 4,65,Reset,1750.4159,4472.3699,2026-09-23 15:28:08.155,True,W
TT018,Nap2,Session 5,1,Response,35.8748,4841.5408,2026-09-23 15:34:17.326,True,W
TT018,Nap2,Session 5,2,Response,70.3657,4876.0317,2026-09-23 15:34:51.817,True,W
TT018,Nap2,Session 5,3,Response,101.0571,4906.7231,2026-09-23 15:35:22.508,True,W
TT018,Nap2,Session 5,4,Reset,220.0535,5025.7195,2026-09-23 15:37:21.505,True,W
TT018,Nap2,Session 5,5,Response,254.3358,5060.0018,2026-09-23 15:37:55.787,True,W
TT018,Nap2,Session 5,6,Response,267.697,5073.363,2026-09-23 15:38:09.148,True,W
TT018,Nap2,Session 5,7,Reset,269.013,5074.679,2026-09-23 15:38:10.464,True,W
TT018,Nap2,Session 5,8,Response,300.7003,5106.3663,2026-09-23 15:38:42.151,True,W
TT018,Nap2,Session 5,9,Response,330.6111,5136.2771,2026-09-23 15:39:12.062,True,W
TT018,Nap2,Session 5,10,Response,365.2358,5170.9018,2026-09-23 15:39:46.687,True,W
TT018,Nap2,Session 5,11,Reset,484.1875,5289.8535,2026-09-23 15:41:45.639,True,W
TT018,Nap2,Session 5,12,Response,517.4216,5323.0876,2026-09-23 15:42:18.873,True,W
TT018,Nap2,Session 5,13,Response,548.9383,5354.6043,2026-09-23 15:42:50.389,True,W
TT018,Nap2,Session 5,14,Response,579.362,5385.028,2026-09-23 15:43:20.813,True,W
TT018,Nap2,Session 5,15,Response,615.005,5420.671,2026-09-23 15:43:56.456,True,W
TT018,Nap2,Session 5,16,Response,647.4662,5453.1322,2026-09-23 15:44:28.917,True,W
TT018,Nap2,Session 5,17,Response,676.351,5482.017,2026-09-23 15:44:57.802,True,W
TT018,Nap2,Session 5,18,Response,704.202,5509.868,2026-09-23 15:45:25.653,True,W
TT018,Nap2,Session 5,19,Response,744.1351,5549.8011,2026-09-23 15:46:05.586,True,W
TT018,Nap2,Session 5,20,Reset,744.9157,5550.5817,2026-09-23 15:46:06.367,False,W
TT018,Nap2,Session 5,21,Response,902.7299,5708.3959,2026-09-23 15:48:44.181,True,W
TT018,Nap2,Session 5,22,Response,926.9978,5732.6638,2026-09-23 15:49:08.449,True,W
TT018,Nap2,Session 5,23,Response,952.1277,5757.7937,2026-09-23 15:49:33.579,True,W
TT018,Nap2,Session 5,24,Response,977.5108,5783.1768,2026-09-23 15:49:58.962,True,W
TT018,Nap2,Session 5,25,Response,1004.0682,5809.7342,2026-09-23 15:50:25.519,True,W
TT018,Nap2,Session 5,26,Response,1031.927,5837.593,2026-09-23 15:50:53.378,True,W
TT018,Nap2,Session 5,27,Response,1060.9233,5866.5893,2026-09-23 15:51:22.374,True,W
TT018,Nap2,Session 5,28,Response,1197.3262,6002.9922,2026-09-23 15:53:38.777,True,W
TT018,Nap2,Session 5,29,Response,1225.311,6030.977,2026-09-23 15:54:06.762,True,W
TT018,Nap2,Session 5,30,Response,1250.3818,6056.0478,2026-09-23 15:54:31.833,True,W
TT018,Nap2,Session 5,31,Response,1279.289,6084.955,2026-09-23 15:55:00.740,True,W
TT018,Nap2,Session 5,32,Response,1305.7794,6111.4454,2026-09-23 15:55:27.230,True,W
TT018,Nap2,Session 5,33,Response,1335.3556,6141.0216,2026-09-23 15:55:56.807,True,W
TT018,Nap2,Session 5,34,Response,1362.5007,6168.1667,2026-09-23 15:56:23.952,True,W
TT018,Nap2,Session 5,35,Response,1390.8725,6196.5385,2026-09-23 15:56:52.324,True,W
TT018,Nap2,Session 5,36,Response,1406.9169,6212.5829,2026-09-23 15:57:08.368,True,W
TT018,Nap2,Session 5,37,Response,1529.7127,6335.3787,2026-09-23 15:59:11.164,True,W
TT018,Nap2,Session 5,38,Response,1553.549,6359.215,2026-09-23 15:59:35.000,True,W
TT018,Nap2,Session 5,39,Response,1575.5787,6381.2447,2026-09-23 15:59:57.030,True,W
TT018,Nap2,Session 5,40,Reset,1601.7201,6407.3861,2026-09-23 16:00:23.171,True,W
TT018,Nap2,Session 5,41,Response,1629.735,6435.401,2026-09-23 16:00:51.186,True,W
TT018,Nap2,Session 5,42,Response,1658.6343,6464.3003,2026-09-23 16:01:20.085,True,W
TT018,Nap2,Session 5,43,Response,1681.2517,6486.9177,2026-09-23 16:01:42.703,True,W
TT018,Nap2,Session 5,44,Reset,1734.352,6540.018,2026-09-23 16:02:35.803,True,W
TT018,Nap2,Session 5,45,Reset,1759.6681,6565.3341,2026-09-23 16:03:01.119,True,W
TT018,Nap2,Session 5,46,Response,1788.999,6594.665,2026-09-23 16:03:30.450,True,W
TT018,Nap2,Session 5,47,Response,1817.8537,6623.5197,2026-09-23 16:03:59.305,True,W
TT018,Nap2,Session 5,48,Reset,1849.1027,6654.7687,2026-09-23 16:04:30.554,True,W
TT018,Nap2,Session 5,49,Reset,1868.1068,6673.7728,2026-09-23 16:04:49.558,True,W
TT018,Nap2,Session 5,50,Reset,1878.8652,6684.5312,2026-09-23 16:05:00.316,True,W
TT018,Nap2,Session 5,51,Response,1900.3149,6705.9809,2026-09-23 16:05:21.766,True,W
TT018,Nap2,Session 5,52,Reset,1916.3816,6722.0476,2026-09-23 16:05:37.833,True,W
TT018,Nap2,Session 5,53,Reset,1948.3444,6754.0104,2026-09-23 16:06:09.795,True,W
TT018,Nap2,Session 5,54,Response,1974.1066,6779.7726,2026-09-23 16:06:35.558,True,W
TT018,Nap2,Session 5,55,Reset,1985.3333,6790.9993,2026-09-23 16:06:46.784,True,W
TT018,Nap2,Session 5,56,Response,2031.1402,6836.8062,2026-09-23 16:07:32.591,True,W
TT018,Nap2,Session 5,57,Response,2062.9914,6868.6574,2026-09-23 16:08:04.442,True,W
TT018,Nap2,Session 5,58,Reset,2110.4042,6916.0702,2026-09-23 16:08:51.855,True,W
TT018,Nap2,Session 5,59,Response,2153.3037,6958.9697,2026-09-23 16:09:34.755,True,W
TT018,Nap2,Session 5,60,Reset,2209.4228,7015.0888,2026-09-23 16:10:30.874,True,W
TT018,Nap2,Session 5,61,Reset,2232.2554,7037.9214,2026-09-23 16:10:53.706,True,W
TT018,Nap2,Session 5,62,Response,2258.0176,7063.6836,2026-09-23 16:11:19.469,True,W
TT018,Nap2,Session 5,63,Reset,2292.0992,7097.7652,2026-09-23 16:11:53.550,True,W
TT018,Nap2,Session 5,64,Reset,2312.1216,7117.7876,2026-09-23 16:12:13.573,True,W
TT018,Nap2,Session 5,65,Reset,2338.0321,7143.6981,2026-09-23 16:12:39.483,True,W
TT018,Nap2,Session 5,66,Response,2471.6309,7277.2969,2026-09-23 16:14:53.082,True,W
TT018,Nap2,Session 5,67,Response,2495.9132,7301.5792,2026-09-23 16:15:17.364,True,W
TT018,Nap2,Session 5,68,Reset,2519.6681,7325.3341,2026-09-23 16:15:41.119,True,W
TT018,Nap2,Session 5,69,Reset,2532.3223,7337.9883,2026-09-23 16:15:53.773,True,W
TT018,Nap2,Session 5,70,Response,2559.9135,7365.5795,2026-09-23 16:16:21.365,True,W
TT018,Nap2,Session 5,71,Reset,2582.7684,7388.4344,2026-09-23 16:16:44.219,True,W
TT018,Nap2,Session 5,72,Response,2614.2627,7419.9287,2026-09-23 16:17:15.714,True,W
TT018,Nap2,Session 5,73,Response,2639.6458,7445.3118,2026-09-23 16:17:41.097,True,W
TT018,Nap2,Session 5,74,Reset,2658.2328,7463.8988,2026-09-23 16:17:59.684,True,W
TT018,Nap2,Session 5,75,Response,2693.5713,7499.2373,2026-09-23 16:18:35.022,True,W
TT018,Nap2,Session 5,76,Reset,2728.0176,7533.6836,2026-09-23 16:19:09.469,True,W
TT018,Nap2,Session 5,77,Reset,2768.5529,7574.2189,2026-09-23 16:19:50.004,True,W
TT018,Nap2,Session 5,78,Reset,2792.2331,7597.8991,2026-09-23 16:20:13.684,True,W
TT018,Nap2,Session 5,79,Reset,2808.8429,7614.5089,2026-09-23 16:20:30.294,True,W
TT018,Nap2,Session 5,80,Reset,2835.0211,7640.6871,2026-09-23 16:20:56.472,True,W
TT018,Nap2,Session 5,81,Reset,2994.7435,7800.4095,2026-09-23 16:23:36.195,True,W
TT018,Nap2,Session 5,82,Response,3020.6541,7826.3201,2026-09-23 16:24:02.105,True,W
TT018,Nap2,Session 5,83,Reset,3037.3308,7842.9968,2026-09-23 16:24:18.782,True,W
TT018,Nap2,Session 5,84,Reset,3065.6725,7871.3385,2026-09-23 16:24:47.124,True,W
TT018,Nap2,Session 5,85,Reset,3104.7357,7910.4017,2026-09-23 16:25:26.187,True,W
TT018,Nap2,Session 5,86,Reset,3209.7842,8015.4502,2026-09-23 16:27:11.235,True,W
TT018,Nap2,Session 5,87,Response,3245.8955,8051.5615,2026-09-23 16:27:47.347,True,W
TT018,Nap2,Session 5,88,Reset,3281.234,8086.9,2026-09-23 16:28:22.685,True,W
TT018,Nap2,Session 5,89,Response,3292.6168,8098.2828,2026-09-23 16:28:34.068,True,W
TT018,Nap2,Session 5,90,Reset,3328.8921,8134.5581,2026-09-23 16:29:10.343,True,W
TT018,Nap2,Session 5,91,Reset,3351.7247,8157.3907,2026-09-23 16:29:33.176,True,W
TT018,Nap2,Session 5,92,Response,3401.4425,8207.1085,2026-09-23 16:30:22.894,True,W
TT018,Nap2,Session 5,93,Reset,3422.1262,8227.7922,2026-09-23 16:30:43.577,True,W
TT018,Nap2,Session 5,94,Reset,3455.7026,8261.3686,2026-09-23 16:31:17.154,True,W
TT018,Nap2,Session 5,95,Reset,3486.4085,8292.0745,2026-09-23 16:31:47.860,True,W
TT018,Nap2,Session 5,96,Reset,3611.011,8416.677,2026-09-23 16:33:52.462,True,W
TT018,Nap2,Session 5,97,Reset,3617.5906,8423.2566,2026-09-23 16:33:59.042,True,W
TT018,Nap2,Session 5,98,Reset,3648.0445,8453.7105,2026-09-23 16:34:29.496,True,W
TT018,Nap2,Session 5,99,Response,3668.4237,8474.0897,2026-09-23 16:34:49.875,True,W
TT018,Nap2,Session 5,100,Response,3691.5686,8497.2346,2026-09-23 16:35:13.020,True,W
TT018,Nap2,Session 5,101,Response,3716.7509,8522.4169,2026-09-23 16:35:38.202,True,W
TT018,Nap2,Session 5,102,Response,3738.959,8544.625,2026-09-23 16:36:00.410,True,W
TT018,Nap2,Session 5,103,Reset,3750.498,8556.164,2026-09-23 16:36:11.949,True,W
TT018,Nap2,Session 5,104,Response,3775.8732,8581.5392,2026-09-23 16:36:37.324,True,W
TT018,Nap2,Session 5,105,Response,3787.5984,8593.2644,2026-09-23 16:36:49.049,True,W
TT018,Nap2,Session 5,106,Response,3805.3156,8610.9816,2026-09-23 16:37:06.767,True,W
TT018,Nap2,Session 5,107,Reset,3808.8174,8614.4834,2026-09-23 16:37:10.268,True,W
TT018,Nap2,Session 5,108,Response,3836.4832,8642.1492,2026-09-23 16:37:37.934,True,W
TT018,Nap2,Session 5,109,Response,3861.5909,8667.2569,2026-09-23 16:38:03.042,True,W
TT018,Nap2,Session 5,110,Reset,3883.3083,8688.9743,2026-09-23 16:38:24.759,True,W
TT018,Nap2,Session 5,111,Response,3905.8955,8711.5615,2026-09-23 16:38:47.347,True,W
TT018,Nap2,Session 5,112,Reset,3919.6727,8725.3387,2026-09-23 16:39:01.124,True,W
TT018,Nap2,Session 5,113,Reset,3942.4607,8748.1267,2026-09-23 16:39:23.912,True,W
TT018,Nap2,Session 5,114,Response,3966.9735,8772.6395,2026-09-23 16:39:48.425,True,W
TT018,Nap2,Session 5,115,Response,3982.5718,8788.2378,2026-09-23 16:40:04.023,True,W
TT018,Nap2,Session 5,116,Response,4001.2113,8806.8773,2026-09-23 16:40:22.662,True,W
TT018,Nap2,Session 5,117,Reset,4056.1851,8861.8511,2026-09-23 16:41:17.636,True,W
TT018,Nap2,Session 5,118,Reset,4073.3748,8879.0408,2026-09-23 16:41:34.826,True,W
TT018,Nap2,Session 5,119,Reset,4112.8618,8918.5278,2026-09-23 16:42:14.313,True,W
TT018,Nap2,Session 5,120,Reset,4125.8282,8931.4942,2026-09-23 16:42:27.279,True,W
TT018,Nap2,Session 5,121,Response,4145.323,8950.989,2026-09-23 16:42:46.774,True,W
TT018,Nap2,Session 5,122,Reset,4183.8878,8989.5538,2026-09-23 16:43:25.339,True,W
TT018,Nap2,Session 5,123,Response,4185.0699,8990.7359,2026-09-23 16:43:26.521,True,W
TT018,Nap2,Session 5,124,Reset,4206.1851,9011.8511,2026-09-23 16:43:47.636,True,W
TT018,Nap2,Session 5,125,Response,4232.7726,9038.4386,2026-09-23 16:44:14.224,True,W
TT018,Nap2,Session 5,126,Reset,4265.3152,9070.9812,2026-09-23 16:44:46.766,True,W
TT018,Nap2,Session 5,127,Reset,4332.661,9138.327,2026-09-23 16:45:54.112,True,1
TT018,Nap2,Session 5,128,Reset,4367.7988,9173.4648,2026-09-23 16:46:29.250,True,W
TT018,Nap2,Session 5,129,Response,4453.1071,9258.7731,2026-09-23 16:47:54.558,True,W
TT018,Nap2,Session 5,130,Reset,4608.2449,9413.9109,2026-09-23 16:50:29.696,True,W
TT018,Nap2,Session 5,131,Response,4635.6498,9441.3158,2026-09-23 16:50:57.101,True,W
TT018,Nap2,Session 5,132,Response,4660.163,9465.829,2026-09-23 16:51:21.614,True,W
TT018,Nap2,Session 5,133,Response,4684.0439,9489.7099,2026-09-23 16:51:45.495,True,W
TT018,Nap2,Session 5,134,Reset,4696.4828,9502.1488,2026-09-23 16:51:57.934,True,W
TT018,Nap2,Session 5,135,Response,4720.163,9525.829,2026-09-23 16:52:21.614,True,W
TT018,Nap2,Session 5,136,Response,4738.1333,9543.7993,2026-09-23 16:52:39.584,True,W
TT018,Nap2,Session 5,137,Response,4759.6054,9565.2714,2026-09-23 16:53:01.056,True,W
TT018,Nap2,Session 5,138,Reset,4779.0032,9584.6692,2026-09-23 16:53:20.454,True,W
TT018,Nap2,Session 5,139,Response,4798.3118,9603.9778,2026-09-23 16:53:39.763,True,W
TT018,Nap2,Session 5,140,Response,4817.375,9623.041,2026-09-23 16:53:58.826,True,W
TT018,Nap2,Session 5,141,Reset,4830.5868,9636.2528,2026-09-23 16:54:12.038,True,W
TT018,Nap2,Session 5,142,Response,4852.728,9658.394,2026-09-23 16:54:34.179,True,W
TT018,Nap2,Session 5,143,Response,4879.5608,9685.2268,2026-09-23 16:55:01.012,True,1
TT018,Nap2,Session 5,144,Response,4901.6574,9707.3234,2026-09-23 16:55:23.108,True,1
TT018,Nap2,Session 5,145,Response,4929.8954,9735.5614,2026-09-23 16:55:51.346,True,2
TT018,Nap2,Session 5,146,Response,4955.323,9760.989,2026-09-23 16:56:16.774,True,W
TT018,Nap2,Session 5,147,Reset,4998.0441,9803.7101,2026-09-23 16:56:59.495,True,W
TT018,Nap2,Session 5,148,Response,5066.4159,9872.0819,2026-09-23 16:58:07.867,True,W
TT018,Nap2,Session 5,149,Response,5085.6576,9891.3236,2026-09-23 16:58:27.109,True,W
TT018,Nap2,Session 5,150,Response,5101.1745,9906.8405,2026-09-23 16:58:42.626,True,W
TT018,Nap2,Session 5,151,Response,5113.7618,9919.4278,2026-09-23 16:58:55.213,True,W
TT018,Nap2,Session 5,152,Response,5123.8577,9929.5237,2026-09-23 16:59:05.309,True,W
TT018,Nap2,Session 5,153,Response,5141.9696,9947.6356,2026-09-23 16:59:23.421,True,W
TT018,Nap2,Session 5,154,Response,5157.3304,9962.9964,2026-09-23 16:59:38.781,True,W
TT018,Nap2,Session 5,155,Response,5169.553,9975.219,2026-09-23 16:59:51.004,True,W
TT018,Nap2,Session 5,156,Reset,5202.5272,10008.1932,2026-09-23 17:00:23.978,True,W
TT018,Nap2,Session 5,157,Response,5246.4304,10052.0964,2026-09-23 17:01:07.881,True,W
TT018,Nap2,Session 5,158,Response,5256.6089,10062.2749,2026-09-23 17:01:18.060,True,W
TT018,Nap2,Session 5,159,Response,5270.5645,10076.2305,2026-09-23 17:01:32.016,True,W
TT018,Nap2,Session 5,160,Response,5287.5088,10093.1748,2026-09-23 17:01:48.960,True,W
TT018,Nap2,Session 5,161,Response,5302.3711,10108.0371,2026-09-23 17:02:03.822,True,W
TT018,Nap2,Session 5,162,Reset,5330.4083,10136.0743,2026-09-23 17:02:31.859,True,W
TT018,Nap2,Session 5,163,Response,5381.2113,10186.8773,2026-09-23 17:03:22.662,True,W
TT018,Nap2,Session 5,164,Response,5396.0591,10201.7251,2026-09-23 17:03:37.510,True,W
TT018,Wake2,Session 6,1,Response,25.8684,10846.5684,2026-09-23 17:14:22.353,True,W
TT018,Wake2,Session 6,2,Response,45.7792,10866.4792,2026-09-23 17:14:42.264,True,W
TT018,Wake2,Session 6,3,Response,68.2103,10888.9103,2026-09-23 17:15:04.695,True,W
TT018,Wake2,Session 6,4,Response,89.5932,10910.2932,2026-09-23 17:15:26.078,True,W
TT018,Wake2,Session 6,5,Response,109.4817,10930.1817,2026-09-23 17:15:45.967,True,W
TT018,Wake2,Session 6,6,Response,128.2996,10948.9996,2026-09-23 17:16:04.785,True,W
TT018,Wake2,Session 6,7,Response,150.2623,10970.9623,2026-09-23 17:16:26.747,True,W
TT018,Wake2,Session 6,8,Response,170.85,10991.55,2026-09-23 17:16:47.335,True,W
TT018,Wake2,Session 6,9,Response,190.7976,11011.4976,2026-09-23 17:17:07.283,True,W
TT018,Wake2,Session 6,10,Response,213.2812,11033.9812,2026-09-23 17:17:29.766,True,W
TT018,Wake2,Session 6,11,Response,232.5005,11053.2005,2026-09-23 17:17:48.986,True,W
TT018,Wake2,Session 6,12,Response,250.7831,11071.4831,2026-09-23 17:18:07.268,True,W
TT018,Wake2,Session 6,13,Response,269.7348,11090.4348,2026-09-23 17:18:26.220,True,W
TT018,Wake2,Session 6,14,Response,287.0321,11107.7321,2026-09-23 17:18:43.517,True,W
TT018,Wake2,Session 6,15,Response,304.4672,11125.1672,2026-09-23 17:19:00.952,True,W
TT018,Wake2,Session 6,16,Response,321.4182,11142.1182,2026-09-23 17:19:17.903,True,W
TT018,Wake2,Session 6,17,Response,338.8388,11159.5388,2026-09-23 17:19:35.324,True,W
TT018,Wake2,Session 6,18,Response,352.6226,11173.3226,2026-09-23 17:19:49.108,True,W
TT018,Wake2,Session 6,19,Response,368.4373,11189.1373,2026-09-23 17:20:04.922,True,W
TT018,Wake2,Session 6,20,Response,387.612,11208.312,2026-09-23 17:20:24.097,True,W
TT018,Wake2,Session 6,21,Response,403.3442,11224.0442,2026-09-23 17:20:39.829,True,W
TT018,Wake2,Session 6,22,Response,415.1954,11235.8954,2026-09-23 17:20:51.680,True,W
TT018,Wake2,Session 6,23,Response,428.861,11249.561,2026-09-23 17:21:05.346,True,W
TT018,Wake2,Session 6,24,Response,446.0954,11266.7954,2026-09-23 17:21:22.580,True,W
TT018,Wake2,Session 6,25,Response,459.6116,11280.3116,2026-09-23 17:21:36.097,True,W
TT018,Wake2,Session 6,26,Response,474.0802,11294.7802,2026-09-23 17:21:50.565,True,W
TT018,Wake2,Session 6,27,Response,490.3777,11311.0777,2026-09-23 17:22:06.863,True,W
TT018,Wake2,Session 6,28,Response,501.649,11322.349,2026-09-23 17:22:18.134,True,W
TT018,Wake2,Session 6,29,Reset,506.3184,11327.0184,2026-09-23 17:22:22.803,True,W
TT018,Wake2,Session 6,30,Response,522.6081,11343.3081,2026-09-23 17:22:39.093,True,W
TT018,Wake2,Session 6,31,Response,537.4336,11358.1336,2026-09-23 17:22:53.919,True,W
TT018,Wake2,Session 6,32,Response,549.2993,11369.9993,2026-09-23 17:23:05.784,True,W
TT018,Wake2,Session 6,33,Response,563.6341,11384.3341,2026-09-23 17:23:20.119,True,W
TT018,Wake2,Session 6,34,Response,582.0948,11402.7948,2026-09-23 17:23:38.580,True,W
TT018,Wake2,Session 6,35,Reset,592.0502,11412.7502,2026-09-23 17:23:48.535,True,W
TT018,Wake2,Session 6,36,Response,614.459,11435.159,2026-09-23 17:24:10.944,True,W
TT018,Wake2,Session 6,37,Response,631.9833,11452.6833,2026-09-23 17:24:28.468,True,W
TT018,Wake2,Session 6,38,Response,646.3772,11467.0772,2026-09-23 17:24:42.862,True,W
TT018,Wake2,Session 6,39,Response,660.199,11480.899,2026-09-23 17:24:56.684,True,W
TT018,Wake2,Session 6,40,Reset,668.6299,11489.3299,2026-09-23 17:25:05.115,True,W
TT018,Wake2,Session 6,41,Response,683.2323,11503.9323,2026-09-23 17:25:19.717,True,W
TT018,Wake2,Session 6,42,Response,700.5558,11521.2558,2026-09-23 17:25:37.041,True,W
TT018,Wake2,Session 6,43,Response,716.5333,11537.2333,2026-09-23 17:25:53.018,True,W
TT018,Wake2,Session 6,44,Response,729.5522,11550.2522,2026-09-23 17:26:06.037,True,W
TT018,Wake2,Session 6,45,Response,747.1656,11567.8656,2026-09-23 17:26:23.651,True,W
TT018,Wake2,Session 6,46,Response,760.838,11581.538,2026-09-23 17:26:37.323,True,W
TT018,Wake2,Session 6,47,Response,786.3326,11607.0326,2026-09-23 17:27:02.818,True,W
TT018,Wake2,Session 6,48,Reset,787.8716,11608.5716,2026-09-23 17:27:04.357,True,W
TT018,Wake2,Session 6,49,Response,808.9499,11629.6499,2026-09-23 17:27:25.435,True,W
TT018,Wake2,Session 6,50,Response,832.1617,11652.8617,2026-09-23 17:27:48.647,True,W
TT018,Wake2,Session 6,51,Response,846.3995,11667.0995,2026-09-23 17:28:02.885,True,W
TT018,Wake2,Session 6,52,Response,862.0725,11682.7725,2026-09-23 17:28:18.558,True,W
TT018,Wake2,Session 6,53,Response,876.4664,11697.1664,2026-09-23 17:28:32.951,True,W
TT018,Wake2,Session 6,54,Response,892.2732,11712.9732,2026-09-23 17:28:48.758,True,W
